id,email,username
1,gavriladanilov@example.net,varvara_1977
2,mir73@example.org,askoldchernov
3,valeri_25@example.com,efremovaija
4,pelageja_38@example.net,kondratevauljana
5,bazhen2013@example.org,hariton24
6,avdeevsidor@example.com,semenovazinaida
7,ermil03@example.net,gennadi53
8,ipat_1971@example.com,ershovamarfa
9,ermilloginov@example.com,raisazimina
10,pkuznetsov@example.com,narkiskondratev
11,andremishin@example.org,elizar50
12,zojavishnjakova@example.org,stanimir1993
13,taras30@example.net,alekse2005
14,qfadeeva@example.com,wpanov
15,mstislavdmitriev@example.com,afanasi17
16,karp07@example.com,glafira15
17,marijasaveleva@example.org,margaritauvarova
18,ukalinina@example.org,anna_1988
19,narkis_20@example.com,adam1999
20,taisijabaranova@example.com,selivan_2024
21,silanti75@example.com,annatretjakova
22,anani1989@example.org,osemenov
23,bafanaseva@example.com,sigizmund32
24,fevronijakomarova@example.net,david2021
25,gurevtaras@example.com,anikelihachev
26,kir_99@example.com,bespalovazoja
27,akim_66@example.com,bogdanovkim
28,zhdanovlongin@example.org,savvatibespalov
29,avorobev@example.com,militsa00
30,solovevaanzhela@example.org,orest_37
31,wodintsova@example.com,suvorovaelizaveta
32,voronovavalentina@example.org,germanbobrov
33,tretjakovsevastjan@example.net,vseslavignatev
34,harlampi_57@example.net,lev2007
35,hsmirnova@example.org,florentin_2006
36,sofijakalinina@example.net,petr_2018
37,safonovamarina@example.net,tkabanov
38,hariton_1980@example.net,ereme_93
39,bogdan_33@example.com,klavdijazhuravleva
40,varvarapopova@example.org,ipati_90
41,dbelousov@example.com,konovalovcheslav
42,abramovlev@example.net,verablohina
43,xstepanova@example.net,oksana_08
44,rozhkovapolina@example.com,ratmir_95
45,vladislav_1981@example.com,andron1970
46,kalashnikovazhanna@example.net,lpanov
47,vorobevaija@example.org,zahar27
48,stanislav_15@example.com,konon1989
49,stojan_2003@example.net,kallistrat_31
50,knjazevavalerija@example.org,ribakovamaja
51,osipovhariton@example.com,lobanovizjaslav
52,viktorin2010@example.net,tamara2023
53,rostislavlarionov@example.com,zinovi_1993
54,ekaterina_2003@example.org,filimonmerkushev
55,tit2013@example.com,arkadi_15
56,kasjan03@example.org,foka31
57,gorbachevavarvara@example.org,hristofor_91
58,ydavidova@example.com,sergeevilarion
59,jakov_2003@example.com,azari01
60,ovinogradov@example.net,ilarion_23
61,nosovartemi@example.com,nekrasovaalevtina
62,larisa_25@example.com,ylobanova
63,aleksandragureva@example.net,juvenali_84
64,alla2004@example.net,filippgorbachev
65,alevtinaribakova@example.com,kliment_72
66,demid50@example.com,vsevolod_1997
67,adam_2002@example.org,zuevjulian
68,ssamolov@example.org,gordeevanatoli
69,veronikabespalova@example.net,ninel_48
70,reginagorbacheva@example.org,psisoeva
71,gennadi_2015@example.net,orest_21
72,ijanazarova@example.org,nadezhdarozhkova
73,marijafilatova@example.com,ljudmilaisaeva
74,afanasevljubim@example.net,artem2013
75,modest_89@example.org,gromovanadezhda
76,kudrjavtsevruslan@example.net,feofan2002
77,anastasija_83@example.net,kulakovapraskovja
78,lihachevaevfrosinija@example.org,dmitri33
79,novikovamaja@example.com,arefi72
80,aristarh_2020@example.com,kondratilin
81,gorbunovmaksim@example.net,apollinaridementev
82,ikulikova@example.com,karpovarkadi
83,akulina_03@example.net,igor2018
84,prokl12@example.com,lukjanbogdanov
85,valentinalavrenteva@example.org,panfilovstepan
86,timur_06@example.com,azari1991
87,vsemil_1996@example.org,vkazakov
88,knjazevisidor@example.com,makar_2017
89,vlasovsofron@example.com,kirillkudrjavtsev
90,vjacheslavvoronov@example.com,miheevaglafira
91,nikandrsafonov@example.net,paramon_1981
92,anike35@example.org,smirnovflorentin
93,xefimov@example.org,nainamolchanova
94,rbeljakov@example.org,rnazarova
95,saveli2011@example.org,hohlovaoktjabrina
96,velimir11@example.org,fade_34
97,firs90@example.com,pelagejarogova
98,galinakazakova@example.org,xgorbachev
99,afanasevataisija@example.net,venedikt_1992
100,praskovjamoiseeva@example.com,narkis_2019
101,majaignateva@example.org,mbeljakov
102,luchezar_55@example.com,olimpiadavolkova
103,amvrosi73@example.org,ebeljakov
104,komarovdenis@example.net,isamiheev
105,darja_2023@example.net,ilja2019
106,yseliverstova@example.com,merkushevvladimir
107,irinakosheleva@example.com,jakov_1984
108,anzhelika_1998@example.com,afinogen_2024
109,shubinamaja@example.net,agata_1984
110,fokagushchin@example.com,safonovaalla
111,kuprijan37@example.org,ipatidjachkov
112,cheslavkudrjavtsev@example.org,melnikovleon
113,fadeevkir@example.org,gostomislgrigorev
114,matvealeksandrov@example.org,fmjasnikov
115,timur_77@example.com,prov_14
116,popovmefodi@example.org,anzhelakrilova
117,trofim_1970@example.com,stanimir2015
118,sharapovipat@example.org,agappopov
119,vjacheslav2003@example.com,mefimova
120,fedot11@example.org,jaropolk2009
121,anastasijaguljaeva@example.net,borislav1979
122,pankrat_1992@example.org,frol1993
123,malekseev@example.net,ymamontov
124,kira_2024@example.com,krilovamarija
125,jakub_56@example.org,ppetrov
126,litkinostap@example.net,aleksandra_89
127,bsitnikova@example.org,borislav32
128,petuhovaeleonora@example.net,ksenija12
129,danila1975@example.org,tvorimirstrelkov
130,ljubomir_1995@example.net,guljaevemil
131,evgenijafadeeva@example.org,gedeon_49
132,akimsidorov@example.org,dobromisl46
133,oksanaignatova@example.net,florentindavidov
134,ymedvedeva@example.org,subbotinaksenija
135,ipati1977@example.org,spartak38
136,kkarpov@example.com,popovaveronika
137,prokofikondratev@example.com,vasilisaefremova
138,sofron_1974@example.com,amishin
139,krasilnikovjakov@example.net,bojan2020
140,gushchinbogdan@example.com,avtonomkrjukov
141,kallistrat_1974@example.net,kkulikova
142,feoktistnaumov@example.org,kondratevanaina
143,zahar26@example.net,prohorovlavr
144,ninanazarova@example.net,bronislav_08
145,elizar_1986@example.net,maja_12
146,wzhukova@example.com,mstislav_11
147,semenovtimofe@example.org,titovaevgenija
148,anzhela1975@example.org,velimir_06
149,andreevamaja@example.com,apollinari_04
150,yrodionov@example.com,militsafokina
151,firsloginov@example.org,hkarpov
152,iraidasamsonova@example.com,oksanafedorova
153,osip_2000@example.com,kirillovpanfil
154,lzinoveva@example.net,volkovkliment
155,evgenija2001@example.org,aleksandralebedeva
156,makarloginov@example.org,taisijasharova
157,svetlanapopova@example.com,popovaanastasija
158,danilovkliment@example.net,abogdanova
159,wshchukin@example.com,pantelemon_1994
160,afanasevjanuari@example.org,svjatopolk47
161,izjaslav_1987@example.net,isa1984
162,zuevasvetlana@example.org,tamaraanisimova
163,fgerasimova@example.com,dmitrievvsevolod
164,fedorovviktor@example.com,klimentmjasnikov
165,naina_1994@example.net,vseslav1987
166,seliverstovaanzhela@example.net,angelinakuznetsova
167,pestovratmir@example.com,judinsigizmund
168,arhipovemil@example.org,taras_2007
169,kulaginaljudmila@example.com,grishiniosif
170,ratmir2025@example.org,januari39
171,frolovamos@example.net,solovevairina
172,svjatoslav1984@example.org,ziminevgraf
173,verajakovleva@example.com,valerisavin
174,leon2002@example.com,ustinovguri
175,gleb61@example.com,blohinaevpraksija
176,prokofi1989@example.org,tatjana96
177,fomichevgleb@example.org,nazarsergeev
178,artemiorehov@example.org,evdokimovtrofim
179,regina1987@example.com,oshilov
180,kirill_1984@example.net,noskovfrol
181,bojan2025@example.org,knjazevfirs
182,lukija_1975@example.com,belousovsamuil
183,vladlenershov@example.org,ovchinnikovanatalja
184,dsamolov@example.net,kondrati_09
185,kornil_00@example.net,dorofeevtit
186,ekaterina_1970@example.org,sigizmundblinov
187,odintsovasinklitikija@example.org,kolesnikovanonna
188,svjatopolkseliverstov@example.org,vjacheslavzinovev
189,ostapeliseev@example.net,elizardenisov
190,zuevluka@example.com,nikita_01
191,ermilnoskov@example.net,ferapont76
192,afinogen_2015@example.com,sila27
193,anzhelikagromova@example.com,nikitateterin
194,emilijajakusheva@example.org,mstislavdementev
195,karl29@example.net,mechislav1984
196,nikodimrozhkov@example.com,stepanbragin
197,subbotinaveronika@example.org,isakrilov
198,ermil_2019@example.com,nikanorkondratev
199,agafjanaumova@example.org,taras_2016
200,vladislav_27@example.com,gedeon_70
201,egorkopilov@example.com,fevronijailina
202,simon_2021@example.org,igavrilova
203,lidijablinova@example.net,anzhelikasmirnova
204,golubevatamara@example.com,fainakotova
205,vatslavlobanov@example.net,frol_2018
206,elizar2009@example.com,trifon1981
207,sergeevatamara@example.org,medvedevnikola
208,mechislav62@example.org,rogovaoksana
209,kazimir_2018@example.org,fedoseevaeleonora
210,galinasuvorova@example.org,zojazhuravleva
211,evpraksijaveselova@example.org,nekrasovsilanti
212,igorshkov@example.net,veselovajulija
213,pelageja18@example.org,ekaterina_2013
214,prokl97@example.com,petrovtverdislav
215,uvarovfedor@example.org,innokenti10
216,mina_1973@example.com,azari_1995
217,ksenija_2005@example.org,evstigne_1970
218,viktorijafadeeva@example.com,ksolovev
219,emeljan_2004@example.net,braginemmanuil
220,aggerjabov@example.com,lavr99
221,braginlavr@example.com,militsa1972
222,anzhela67@example.net,kirill43
223,naum_49@example.org,rostislav_08
224,klavdijajakusheva@example.com,zatsevamarija
225,nikonovavalerija@example.net,alinavolkova
226,zinovevfilimon@example.org,isaevatamara
227,radovan_38@example.org,avde_09
228,iavdeeva@example.net,apollinari28
229,seliverst_2006@example.com,ekaterina15
230,moisedorofeev@example.org,sevastjan_67
231,anzhelika87@example.org,tihon_2006
232,larisamoiseeva@example.net,apollinari_95
233,golubevuljan@example.net,hgordeeva
234,juri_1985@example.net,kolesnikovmechislav
235,loranaumova@example.org,frol78
236,romanalekseev@example.com,sigizmund_2016
237,izot1990@example.net,beljaevvjacheslav
238,glafira_23@example.org,narkis71
239,silanti_1993@example.org,olimpiada_62
240,vorobevkuprijan@example.org,fevronija_36
241,regina1999@example.net,kmarkov
242,prokofimishin@example.net,antoninabeljakova
243,kulaginazoja@example.org,ljubov_81
244,zhannasidorova@example.net,anzhelika_20
245,julian1995@example.net,stojan_88
246,haksenov@example.net,burovaristarh
247,afedoseev@example.org,savelevapraskovja
248,demid_2003@example.net,radim_30
249,germanrozhkov@example.org,novikovfilaret
250,militsatihonova@example.net,ksenijasokolova
251,xbirjukov@example.com,aalekseev
252,foka2006@example.com,georgi_2020
253,hkuznetsova@example.com,leonti95
254,arhip_54@example.net,afinogen_1976
255,evfrosinijanekrasova@example.net,lukijalavrenteva
256,konstantinovalora@example.net,vgromov
257,znazarov@example.com,ebikova
258,veselovipat@example.com,ntretjakova
259,galaktiongushchin@example.org,galaktion_69
260,seleznevazoja@example.com,nesterovavalentina
261,filaret_60@example.net,fortunat_90
262,sinklitikija_2015@example.com,ijabespalova
263,fodintsov@example.com,ilintimofe
264,andre_40@example.net,feoktist_31
265,kterenteva@example.com,fainaponomareva
266,sazonovaekaterina@example.org,rbelousova
267,lev_1972@example.org,pankrat_2008
268,evstigne1977@example.com,fortunat58
269,milikolobov@example.org,tarasovmark
270,shashkovaksenija@example.net,zseliverstova
271,andron43@example.org,anisimovanina
272,emilija45@example.net,vitali76
273,muravevapelageja@example.org,simon_89
274,krilovgremislav@example.org,evpraksijakarpova
275,nikolaevaagafja@example.com,veraovchinnikova
276,wpopova@example.org,askold90
277,sila_07@example.org,zhannaandreeva
278,mihail_1978@example.org,vlas_08
279,oksana_1979@example.com,ija99
280,ltimofeev@example.net,selivan_10
281,filippovaija@example.com,kornil2021
282,evgenija62@example.net,bobilevbojan
283,izot_1978@example.com,milovan19
284,sila_52@example.net,ernest63
285,zoja_1987@example.net,taisijakalashnikova
286,ivan25@example.net,nifont1976
287,zahar1994@example.org,ustinovaekaterina
288,ddanilov@example.org,ggorshkova
289,ggrishin@example.com,vasilisa68
290,levnesterov@example.net,mvasilev
291,emilija13@example.com,danila96
292,arhip_59@example.net,lapinilarion
293,wnoskova@example.com,krjukovalukija
294,ivan98@example.org,faina_49
295,alinalitkina@example.net,adamkoshelev
296,ferapontfokin@example.net,fadeevvalerjan
297,martin08@example.net,fedor34
298,isa62@example.org,firstretjakov
299,zhanna24@example.com,agap_37
300,milen1982@example.com,bolshakovfedor
301,maksimiljan_1979@example.net,akulina1984
302,vladimirovljubomir@example.com,shirjaevaangelina
303,pelagejasavina@example.org,avde74
304,azari2025@example.com,kuzmalavrentev
305,oktjabrina_1981@example.net,mironovapelageja
306,maja06@example.net,darjavasileva
307,galinabeljakova@example.net,muravevafaina
308,gmolchanova@example.com,arhip19
309,akulinasergeeva@example.com,mark_17
310,darjaturova@example.com,stanimirrjabov
311,fgorbacheva@example.com,yfomina
312,artem_68@example.org,azari1995
313,trifonkovalev@example.net,lavr90
314,gleb_40@example.net,evpraksija1981
315,luka2022@example.org,cgusev
316,opetrova@example.org,nikola99
317,ratmir_2021@example.com,ugorbunova
318,anike2023@example.net,kiselevvsevolod
319,agap05@example.com,gennadi_28
320,florentintimofeev@example.net,gerasimgerasimov
321,lazar_2019@example.com,izjaslav_1983
322,mgavrilov@example.net,praskovja03
323,mili_2000@example.com,nikolakotov
324,fedorovakira@example.com,kshubin
325,kolobovazinaida@example.org,shchukinazinaida
326,klavdijaershova@example.org,valerijatitova
327,viktorija_05@example.com,kalininvitali
328,gorshkovaagafja@example.com,panfilovroman
329,danila_1996@example.net,raisapahomova
330,karl51@example.org,akulinakoroleva
331,danila48@example.com,melnikovkarl
332,egor_1983@example.net,viktor2019
333,anzhelikablohina@example.net,jakovlevevlampi
334,strelkovradislav@example.org,julian1983
335,tihonvishnjakov@example.org,orest88
336,sgureva@example.com,vasiliguljaev
337,filippovtvorimir@example.com,antonin_1991
338,vladimirshchukin@example.org,alla_1991
339,filimon2002@example.org,margaritashubina
340,usisoeva@example.org,vikenti2010
341,terenti_2006@example.com,olga_42
342,semenovhristofor@example.org,anzhelasergeeva
343,omelnikov@example.net,ekaterinasergeeva
344,nikitinaemilija@example.net,ljubomir_2016
345,jovchinnikov@example.com,annakostina
346,bobrovamaja@example.org,radovansimonov
347,natandavidov@example.com,varvarabeljakova
348,kliment_2001@example.com,natan72
349,konstantinovefim@example.org,savelieliseev
350,gennadi_1972@example.org,konstantin_2001
351,sinklitikija_1996@example.org,fevronijahohlova
352,nekrasovatamara@example.net,kondrat58
353,hnikolaeva@example.net,anastasijagolubeva
354,viktorija1979@example.com,adam1984
355,bazhenbikov@example.org,elizaveta_20
356,trofim39@example.com,vissarion77
357,zahar69@example.com,lebedevprokl
358,nmorozova@example.org,trofimovrostislav
359,marijakapustina@example.org,litkinazhanna
360,karpovkondrat@example.com,emmanuil_18
361,kallistrat2013@example.org,gorshkovrjurik
362,demid_2011@example.com,venediktnovikov
363,varlaam2018@example.net,shubinvarlaam
364,modest_98@example.org,oktjabrina_2007
365,gorbachevkasjan@example.com,militsaselezneva
366,cshirjaev@example.org,frolovaklavdija
367,wignatev@example.com,ija_1988
368,hbelova@example.net,orest2023
369,parfen2012@example.com,tatjanakozlova
370,ybelousov@example.com,klavdijastepanova
371,evgeni_32@example.org,varvarasmirnova
372,fkrilova@example.com,florentindoronin
373,pahom_61@example.org,martin2011
374,glafiramolchanova@example.org,umuhina
375,ermil17@example.com,melnikovfortunat
376,bazhen1994@example.org,anzhelika_66
377,ivanovaevpraksija@example.net,nataljagalkina
378,akulina_98@example.com,maslovkondrat
379,vadim67@example.com,elena_29
380,pnikonov@example.com,veniamintsvetkov
381,tatjanalazareva@example.com,golubevvadim
382,onikolaeva@example.net,lavrentikonstantinov
383,kozlovafekla@example.org,ippolit_2010
384,zhdanovnifont@example.com,selivannikiforov
385,kuprijan1974@example.net,praskovjavasileva
386,bshcherbakov@example.com,corlova
387,taras_32@example.com,zhannasavina
388,naina_1973@example.com,poljakovanani
389,epifanmolchanov@example.net,kasjantarasov
390,moiseevtit@example.org,kalininleonid
391,haleksandrov@example.com,elise38
392,rjabovisa@example.org,aristarh_1978
393,vasilisa79@example.net,zhuravlevmihe
394,filaretharitonov@example.net,glebershov
395,grishinamarfa@example.com,isakovtrifon
396,ratmir1974@example.org,klavdi1982
397,emeljanovamos@example.com,emilija86
398,nekrasovljubosmisl@example.com,efremovafaina
399,grigori93@example.org,raisa2001
400,gkondratev@example.com,romanovfoma
401,petr2008@example.com,kozlovsevastjan
402,vasilevataisija@example.com,dobromisl_52
403,visheslav1980@example.org,eduardblinov
404,ekapustin@example.org,trofim_02
405,makar_94@example.net,ustinovradislav
406,alekse_77@example.com,samson_00
407,naum1982@example.net,vishnjakovavarvara
408,faina_00@example.org,fedot07
409,marfa_2004@example.org,ninelbelozerova
410,blinovvladimir@example.net,aleksandra1976
411,fedosi_1992@example.com,jakushevaanzhelika
412,ljudmila_90@example.org,lukjanzhdanov
413,bogdan_2019@example.com,leon60
414,feofan_46@example.org,adementev
415,gremislav_69@example.net,isisoeva
416,makar_2011@example.org,firskudrjashov
417,gusevsavvati@example.com,xlihacheva
418,darja1983@example.com,msharapova
419,allabobileva@example.org,rjurikbogdanov
420,sinklitikijasuhanova@example.org,allamamontova
421,aksenovavalentina@example.com,apollinarikrasilnikov
422,ferapont62@example.com,vsevolodfomin
423,trofimovpetr@example.com,afanasiisaev
424,nosovaanzhelika@example.net,boleslav42
425,mihalovnikon@example.net,florentin_05
426,vasilisaeliseeva@example.net,kudrjashovefrem
427,pelageja2026@example.org,kozlovapelageja
428,rsitnikov@example.net,olimpi72
429,smirnovavalentina@example.org,chernovserge
430,emeljankovalev@example.net,nazar2000
431,blinovazoja@example.net,danilovalora
432,serge1975@example.net,epifan2020
433,emmanuil_1990@example.net,eleonora_07
434,darja1978@example.net,poljakovavalentina
435,uljana_1993@example.org,ljubim94
436,lazar_2000@example.com,moisekonstantinov
437,zinovi_50@example.org,anzhelika14
438,kudrjavtsevavde@example.org,varlaam06
439,kazimir07@example.net,mchernova
440,mjakovlev@example.org,evstignefilippov
441,tatjana_45@example.com,fandreeva
442,stojan2013@example.com,ivan_77
443,kstepanova@example.com,solomonmedvedev
444,varfolome_1977@example.net,denis_69
445,terentevapraskovja@example.org,chernovsofron
446,vladimirovaivanna@example.org,ivan2020
447,isaevpankrat@example.com,markovavalerija
448,feliksnikiforov@example.com,sergeevevdokim
449,agafon85@example.com,filatovepifan
450,praskovja_2011@example.com,nikodim_1988
451,kopilovavalerija@example.net,nikonovakira
452,sofijaveselova@example.com,vsemil_93
453,sinklitikija96@example.net,gavrilovvisheslav
454,ignati73@example.org,solomon77
455,gosipov@example.net,filippovamaja
456,vasilisa_31@example.net,vsevolod1977
457,anikitaosipov@example.com,dgordeeva
458,agata08@example.net,maksimiljan63
459,sofron2023@example.com,dobromisl39
460,mechislav_80@example.net,kira35
461,uljana38@example.com,opahomov
462,viktorin_37@example.org,agafjaknjazeva
463,kkonovalov@example.org,mefodi40
464,arefi_2001@example.net,anastasijarozhkova
465,andreevandron@example.com,drozdovatatjana
466,epetrov@example.com,averjan29
467,ninel20@example.net,nekrasovaolga
468,lihachevfoka@example.com,marija_1976
469,komissarovelizar@example.org,kondratevefim
470,konovalovavtonom@example.com,sisoevignati
471,sharovmatve@example.net,ivanovaljudmila
472,aleksandrkovalev@example.org,veniaminshchukin
473,matve1971@example.org,ratibor_37
474,galina_60@example.net,bgorbacheva
475,evfrosinijakrjukova@example.com,yribakova
476,ljudmila04@example.com,nikanorfokin
477,ljubomirzaharov@example.net,nestor1986
478,ostromir2018@example.org,valentinasoboleva
479,agatagerasimova@example.com,ferapont2016
480,alekseevalukija@example.net,ignati1984
481,ksenijalihacheva@example.com,zuevkuzma
482,ermolanikonov@example.com,lukinamargarita
483,trifon_2002@example.com,elizaveta1993
484,borisovjulian@example.com,ralekseev
485,timofe_90@example.org,milan2017
486,anzhelalarionova@example.org,kudrjavtsevevstafi
487,ykonstantinov@example.com,ninel58
488,silinairaida@example.net,misakov
489,usafonov@example.net,serge1981
490,antoninaribakova@example.net,firs_2022
491,petuhovignati@example.org,innokenti55
492,emeljanovarhip@example.org,galinazatseva
493,golubevaelizaveta@example.org,emeljan41
494,ykoroleva@example.net,anzhelika1996
495,jakushevplaton@example.net,raisafrolova
496,samuil_15@example.com,emeljan2000
497,mkalashnikov@example.com,apollon1973
498,milenkudrjashov@example.com,kondrathohlov
499,lidijadavidova@example.org,jaroslav_58
500,taisijaegorova@example.org,evdokijazaharova
501,jakushevalora@example.com,frol41
502,volkovsavva@example.org,nazarbobilev
503,edmitriev@example.org,veronika36
504,bazhen_05@example.net,frolovleon
505,filipp2005@example.net,dementi_1972
506,mamontovpahom@example.org,agafon2002
507,gordeprohorov@example.net,moisebaranov
508,lavr_2023@example.net,boleslav55
509,zhannasamsonova@example.org,vishnjakovjuli
510,beljakovadarja@example.com,fedosi2010
511,belozerovpankrat@example.org,erast_36
512,nikanor85@example.org,kalashnikovaevfrosinija
513,luchezar_58@example.org,aleksandrnikolaev
514,kononnaumov@example.org,irakli_91
515,burovaemilija@example.org,xfrolov
516,htihonov@example.org,raisakalashnikova
517,firs_1985@example.net,trofimovaevpraksija
518,viktorin_2016@example.org,larionovevgeni
519,nonnamerkusheva@example.com,burovatatjana
520,nazar_2024@example.net,avtonom37
521,avksenti_54@example.net,savinapraskovja
522,alla_2008@example.net,trifon_2023
523,evlampi1981@example.com,zahar_2003
524,efim_1982@example.net,lgerasimov
525,makar63@example.net,ippolit32
526,sharovaija@example.com,nikita1997
527,agafja38@example.net,antonina_2024
528,parfen_73@example.com,margarita1979
529,juvenalifilippov@example.org,vrodionov
530,adam_1976@example.com,evpraksija_37
531,stojan_05@example.org,longin1992
532,antonina_35@example.net,vlasovamarina
533,budimir1978@example.com,savva_25
534,mefodi_1983@example.org,ljubomiravdeev
535,chernovsigizmund@example.org,kjakovleva
536,vatslav1970@example.com,svjatopolk_95
537,bobrovasinklitikija@example.com,olimpiadazatseva
538,birjukovgorde@example.org,fevronijaeliseeva
539,samsonovnarkis@example.org,djachkovasinklitikija
540,eselezneva@example.com,zbikov
541,evgenija1972@example.com,filimon_47
542,gostomisl_91@example.org,bzaharova
543,potap_81@example.com,nestor39
544,ivanna39@example.org,vasilisamihalova
545,filaret88@example.org,nikandr1984
546,bobilevartem@example.org,averkimorozov
547,erofe48@example.com,eleonoraharitonova
548,nikiforrodionov@example.net,mitofankoshelev
549,januarimoiseev@example.org,lavrentevstanislav
550,kovalevaelizaveta@example.net,fadesidorov
551,fnikiforov@example.org,fedor_1997
552,irina_1998@example.com,terentevermil
553,radislav_42@example.net,kirabobileva
554,karpovazoja@example.org,nestor_52
555,guri_63@example.com,evdokim72
556,nestor_53@example.net,kim55
557,pankrati70@example.net,gennadi1991
558,vjacheslav_1971@example.net,ilarion27
559,ratibor_81@example.net,evfrosinijagrishina
560,veniamin_2002@example.com,tverdislav2009
561,sofon43@example.com,sofijarogova
562,bespalovkondrati@example.org,nekrasovizjaslav
563,eduardgorbachev@example.com,vladlen_54
564,nonna38@example.org,klavdija1980
565,ratmir_1989@example.org,odintsovmilan
566,demid2021@example.org,panfil1978
567,vlebedev@example.net,vissarion_1994
568,ekaterinashirjaeva@example.net,ladislav_1980
569,isa_1976@example.com,lidijavinogradova
570,vasilisabirjukova@example.net,sinklitikijalavrenteva
571,silanti_2017@example.net,erast_1998
572,nonna1978@example.net,irakli39
573,ljubosmisldoronin@example.org,stanimir_96
574,mkolesnikov@example.org,nainafomina
575,fekla1975@example.com,eleonora2023
576,belousovkornil@example.org,petrovaklavdija
577,eleonora81@example.net,galinasoboleva
578,svjatoslav1981@example.com,kalininaljudmila
579,boris1994@example.net,kulikovljubosmisl
580,rubenbolshakov@example.org,raisasimonova
581,xveselov@example.com,mabramova
582,danilovakira@example.com,pantelemon1981
583,nikonoverofe@example.net,marfalukina
584,elena_24@example.net,nazar_1989
585,agatakuznetsova@example.net,gremislav2019
586,popovasofija@example.org,rodionovigor
587,osipzatsev@example.org,lidijadmitrieva
588,jakov_2012@example.com,nikandr_1987
589,miheevavasilisa@example.com,vladimirovalukija
590,lihachevazhanna@example.org,raisa2009
591,wbobrova@example.net,orestmamontov
592,ponomarevaalevtina@example.org,mitofan1995
593,julianarhipov@example.org,popovauljana
594,evse_53@example.com,askold_1984
595,krasilnikovamarfa@example.org,juri_2002
596,cgolubev@example.net,frol1983
597,vsemil_2015@example.com,adamsimonov
598,pankrati1976@example.com,pavel1996
599,arkadi_84@example.net,viktorija1995
600,vatslavmishin@example.net,zosima_1996
601,adamsubbotin@example.com,prov50
602,mironovmstislav@example.org,praskovjaosipova
603,naumovgrigori@example.net,nadezhdabaranova
604,nataljatretjakova@example.org,varvarakuzmina
605,subbotinfilipp@example.com,grigorevatatjana
606,evdokijaaksenova@example.com,militsavasileva
607,provponomarev@example.net,evdokimovostromir
608,solomon_23@example.com,efremovalarisa
609,jzikova@example.com,modest_2014
610,moiseevaveronika@example.com,vfokina
611,moke28@example.org,isaevanatalja
612,morozovasinklitikija@example.net,adam45
613,pavlovolimpi@example.org,pestovdemid
614,irakliisakov@example.com,lev1972
615,vseslavsergeev@example.org,juvenali_1976
616,ksenija_97@example.net,dorofeevstanislav
617,juri_2002@example.net,sokolovserafim
618,trofimovaevpraksija@example.org,valerjan_1996
619,lukija_1973@example.net,vissarion46
620,georgi_68@example.net,darjakulikova
621,martinovsavva@example.org,svetozar_2025
622,maslovipati@example.net,sidor56
623,igor_64@example.net,irina43
624,osoboleva@example.net,ostromir_82
625,nikita_2002@example.org,tatjana_2017
626,nazarsafonov@example.com,kostinmstislav
627,galina_54@example.org,ipatigalkin
628,pavlovipat@example.org,hristofor1992
629,elizar_72@example.org,suhanovanina
630,denisovadrian@example.net,spartak10
631,ermola42@example.org,rjurik_05
632,gedeon2021@example.org,nekrasovladimir
633,timur85@example.com,amos2014
634,vjacheslavsuhanov@example.com,vsemilkapustin
635,artemi36@example.com,ninel76
636,gguljaev@example.org,demjan_1997
637,olimpiada_1973@example.org,ksenijafedorova
638,silanti_2013@example.net,nina40
639,sidorovaelizaveta@example.org,ovchinnikovbogdan
640,uborisova@example.com,jbirjukov
641,prohorovaalevtina@example.com,lkulakova
642,evdokim_1988@example.com,serafim2009
643,ernst_09@example.com,pimen1978
644,terenti1982@example.com,viktor_48
645,uefimov@example.net,aleksandrovrodion
646,marian_2004@example.org,terenti1984
647,hristofor04@example.net,evpraksija54
648,ruben_1978@example.net,filimon_74
649,silinafevronija@example.org,nesterovafaina
650,viktorija_1995@example.org,mitofan_1990
651,selivan_2005@example.net,ivanovamilitsa
652,paramon41@example.org,ysergeeva
653,gedeon_1980@example.org,ivannakolesnikova
654,judinklavdi@example.com,akulina_19
655,wrjabov@example.net,zojakozlova
656,savvati_45@example.net,semenovlukjan
657,vjacheslavvasilev@example.com,ananipoljakov
658,vsevolod_1989@example.com,avdeevarkadi
659,gleb_11@example.com,alla_10
660,galkinmihe@example.com,stepansobolev
661,kovalevavgust@example.com,mkostina
662,kallistrat_1989@example.org,karp1988
663,avgustnaumov@example.org,oantonov
664,poljakovaaleksandra@example.com,savelikornilov
665,lazarisakov@example.com,safonovamilitsa
666,pahom_37@example.org,ckolobov
667,doroninantip@example.org,vasili1976
668,akim_2002@example.com,sinklitikijapanfilova
669,tatjanavasileva@example.com,gushchinaoksana
670,lpotapova@example.net,ustin_99
671,terenti2000@example.org,evdokimovaregina
672,julijadjachkova@example.org,platon74
673,fedotovsigizmund@example.org,selivan66
674,evgraffedotov@example.org,silinaklavdija
675,ljubov_2007@example.net,glafira97
676,alevtinaagafonova@example.net,ajakovleva
677,nrusakova@example.net,dobromisl99
678,vinogradovsvetozar@example.net,rodionovaalina
679,ermakovigor@example.org,evgeni2022
680,anzhelikalobanova@example.org,uvarovaangelina
681,adementev@example.net,rostislav_1998
682,leon_2009@example.org,alekse_37
683,darja_51@example.org,jshcherbakova
684,yzhuravlev@example.org,avdeevkondrat
685,isa91@example.net,vadimsimonov
686,selivan_2018@example.net,olimpiadamuraveva
687,vasilisakosheleva@example.com,zinovikovalev
688,seliverst1981@example.net,emeljanovavarvara
689,evpraksijaantonova@example.com,ustin_2017
690,sobolevpanfil@example.com,gerasim_10
691,elizar33@example.net,osip_1983
692,isidor1983@example.net,platon23
693,boris15@example.net,amos_28
694,venedikt_1988@example.org,nifont_68
695,arhip_2009@example.net,kondrat55
696,ivanovaanzhelika@example.net,bronislavzaharov
697,averjan_69@example.com,annafomina
698,agatamolchanova@example.org,eleonora_1989
699,kasjan_45@example.net,zinovevaklavdija
700,kondrati_47@example.net,aristarh2013
701,oktjabrina83@example.net,egorsimonov
702,fedosi04@example.com,angelina_20
703,samuil_2008@example.com,gurevaverjan
704,david37@example.org,fedor_42
705,dmitri1986@example.net,rogovatatjana
706,lora_2016@example.org,nosovmaksim
707,regina27@example.net,polinamuhina
708,julian94@example.net,potap_92
709,anzhelaignatova@example.org,andreevavalerija
710,feofan_2023@example.com,ninelgordeeva
711,grishinpotap@example.com,eduard_82
712,alla02@example.org,sharapovsamuil
713,ljubov_1989@example.com,nataljajakovleva
714,harlampi_37@example.net,ljubim_2008
715,ladimir_74@example.net,anani_2003
716,bdmitriev@example.com,iljashestakov
717,feliks1984@example.com,zinovi1991
718,bkalashnikova@example.net,mihe_1997
719,vladislavsobolev@example.com,marian_87
720,silaorlov@example.org,evpraksija2017
721,antip_2020@example.org,wbespalov
722,bronislav_24@example.net,olitkina
723,timur2000@example.org,vishnjakovsevastjan
724,lapinanaina@example.net,isa_16
725,kalashnikoviosif@example.net,gushchinprokl
726,ernest1992@example.org,angelinavinogradova
727,evpraksija1998@example.org,rostislav1974
728,fomindenis@example.net,fedoseevkapiton
729,jakubsidorov@example.com,nonna2009
730,tihonovaemilija@example.net,usafonova
731,valeri1979@example.org,polikarplihachev
732,varfolome1980@example.org,vasilisa88
733,ruslan_1980@example.net,akim_2011
734,anisim_04@example.net,veronika_77
735,evgeni_2008@example.net,ostromirdanilov
736,kiselevazinaida@example.com,frolovamarfa
737,zhdanovaksenija@example.org,klavdija_1987
738,gorshkovadrian@example.net,artemi40
739,zatsevnifont@example.org,afinogen1988
740,evdokijatimofeeva@example.net,anikedanilov
741,natan36@example.org,bojan38
742,birjukovaevfrosinija@example.com,afinogen_03
743,svetozar1971@example.net,ernst_1986
744,judinaelena@example.org,ostromir_1970
745,anzhelarusakova@example.org,natalja25
746,narkis_1983@example.net,kudrjavtsevleonid
747,spartak_43@example.net,fekla1992
748,ljubomir2016@example.net,anatoli81
749,savinzinovi@example.net,kulakovemeljan
750,ashestakov@example.com,mstislavtimofeev
751,ksamolova@example.net,kuzminpahom
752,dguljaeva@example.org,emilija_44
753,jan10@example.org,feliks82
754,ernest_2011@example.net,ggrishina
755,denisovaklavdija@example.org,osip1985
756,pelageja42@example.org,zikovsidor
757,fedor_1983@example.org,dorofepavlov
758,evgeni2013@example.com,shilovevse
759,pahomovizjaslav@example.com,seliverstovaveronika
760,szinoveva@example.org,voronovtit
761,pantelemon25@example.org,jakovlevaanzhelika
762,ignatijakushev@example.net,denissilin
763,jakov75@example.org,sharovuljan
764,kovalevlongin@example.org,evgraf1988
765,antip_34@example.org,ivanna_67
766,tretjakovmiron@example.net,vasilevairina
767,denisovvelimir@example.com,yabramov
768,afanasipotapov@example.org,vorobevevdokim
769,braginairaida@example.com,fbobrov
770,terenti_09@example.com,afinogen_24
771,ostromir1996@example.org,marijaprohorova
772,evlampi_1977@example.org,kuzmakarpov
773,nazarovaaleksandra@example.net,prohorovkir
774,krjukovzinovi@example.org,uljan_33
775,wchernova@example.net,evdokijakolesnikova
776,elena_51@example.net,nainashilova
777,vatslavkornilov@example.net,timofeevaevfrosinija
778,jakovlevanadezhda@example.com,elizaveta_69
779,ustinkopilov@example.com,januari1998
780,dvinogradov@example.com,antip59
781,avdeevaija@example.net,darjakabanova
782,leon1976@example.net,varvaranazarova
783,tarasovairina@example.org,romanovgerman
784,nifont2019@example.com,kuzma2007
785,apollinari27@example.org,anastasijakomissarova
786,veniaminkazakov@example.org,epopova
787,kliment_77@example.net,xpanfilov
788,taisijabelousova@example.com,orest_2017
789,pabramova@example.org,olimpiadashcherbakova
790,danilamaslov@example.com,samsonzuev
791,maksim2014@example.org,nifontsavin
792,natan_40@example.org,pelageja_1973
793,ljubim1986@example.com,kondrat68
794,fevronijasuhanova@example.org,krilovpankrati
795,lora_1972@example.com,radovan_08
796,glafira28@example.net,teterinaemilija
797,lavrentevavalerija@example.org,mgorbunova
798,vladimir1988@example.com,marija1996
799,rogovbudimir@example.net,emilija_26
800,svetlanagorbunova@example.net,nfedorova
801,kirill2006@example.net,gremislav_2001
802,vadim_23@example.net,andronik24
803,amvrosi_78@example.com,sergesidorov
804,ninelshilova@example.com,orlovboleslav
805,sevastjanborisov@example.com,oksanaeliseeva
806,izot_18@example.org,ija_21
807,margarita_26@example.com,georgi1997
808,davidovaija@example.net,olihacheva
809,nikodim75@example.com,romanovosip
810,pankrati_2014@example.org,anzhela_2012
811,gfedotova@example.org,ninelrozhkova
812,sofron2021@example.com,vitali_2021
813,vsemilrozhkov@example.net,mvoronov
814,anisim25@example.com,evdokim1973
815,akim94@example.org,igor_08
816,antonin1989@example.net,trifonkoshelev
817,sergeevalarisa@example.org,sokrattitov
818,timofeevavarvara@example.net,maksimovaviktorija
819,anzhela_1998@example.org,andre_1987
820,mihailgavrilov@example.org,mishinaevfrosinija
821,julijarusakova@example.net,sinklitikija_2009
822,milan1990@example.org,felikssuvorov
823,pelagejazhdanova@example.net,zinovevdorofe
824,kmartinov@example.org,dobromislsokolov
825,ija_2011@example.net,gromovaviktorija
826,svetlananikonova@example.com,jkalashnikova
827,martinovaanzhelika@example.net,antonin1993
828,glafiratsvetkova@example.net,onufri_78
829,izmail_2020@example.com,evdokim_32
830,jakov2024@example.com,innokentikotov
831,olimpiadasharapova@example.org,moiseevagap
832,svetlana_1974@example.net,mironovaanna
833,filatovermola@example.org,boris_58
834,agge99@example.org,evdokija1974
835,allaalekseeva@example.com,vjacheslav08
836,matve1995@example.com,gremislav1997
837,llitkin@example.org,amos_83
838,ermil22@example.org,orestnesterov
839,roman41@example.org,viktorija_1984
840,nifont1981@example.net,julijaivanova
841,cisaev@example.net,cheslav_1999
842,dementi17@example.org,emmanuil_1977
843,gostomisl1988@example.com,evdokim41
844,kondrat2005@example.com,anna_2016
845,qkrilova@example.com,denis2020
846,zaharovalora@example.org,pahomovapelageja
847,molchanovdanila@example.com,fedotovafevronija
848,nosovgerasim@example.org,timofestrelkov
849,qtsvetkova@example.org,taras_2013
850,pavlovmartjan@example.net,viktoringavrilov
851,fvoronova@example.com,leonershov
852,solovevaevdokija@example.net,bmerkushev
853,larionovvikenti@example.com,guri2020
854,qkabanova@example.net,epotapova
855,gusevmiroslav@example.org,aksenovavasilisa
856,ratibor40@example.org,bojan_1977
857,hohlovauljana@example.com,kulaginaglafira
858,ernst2013@example.net,okononov
859,teterinapraskovja@example.net,nekrasovaljubov
860,rkabanova@example.org,zhukovviktor
861,nkonstantinova@example.com,kondratevavasilisa
862,kondratiburov@example.com,ljubosmislmuhin
863,ustinovaelena@example.com,bivanov
864,olimpiosipov@example.org,jharitonova
865,makarevdokimov@example.net,vadimpotapov
866,morozovnikon@example.net,innokenti98
867,praskovja_2025@example.net,hristofor_51
868,varfolome_52@example.org,gremislav57
869,pankrati_21@example.net,florentinjakovlev
870,kolobovzinovi@example.org,qantonov
871,david_61@example.org,jaroslav_1998
872,timur_1993@example.org,karpovizjaslav
873,dgordeeva@example.com,fedor_88
874,moiseevavera@example.org,pavelgrishin
875,vasilisakozlova@example.com,velimirpoljakov
876,german_94@example.org,dorofebragin
877,markovafaina@example.org,polina1993
878,taras_2022@example.com,savinaevpraksija
879,uevdokimov@example.net,panovaleksandr
880,lapinalukija@example.org,ljubomir1988
881,cveselov@example.com,muvarova
882,gerasim02@example.net,vladilenterentev
883,gushchinaalla@example.com,ivannaaleksandrova
884,roman1982@example.net,gsitnikov
885,rodion97@example.org,nikitakulagin
886,hristofor_1970@example.net,rozhkovaveronika
887,egor_18@example.net,feliks_2015
888,sokrat04@example.com,innokenti2016
889,konovalovazinaida@example.com,svjatopolkzaharov
890,nonnamerkusheva@example.net,iraidaorlova
891,vjacheslav_19@example.org,lidijazaharova
892,kim1981@example.com,tzueva
893,pankrati1971@example.net,evstignelarionov
894,antip2006@example.net,rostislavfadeev
895,marijaborisova@example.org,artemevaolga
896,maja1984@example.com,doroninavde
897,feofan26@example.org,kondrati2001
898,milovan_60@example.net,pimen2012
899,anzhelatretjakova@example.com,nonna_1978
900,angelinakulikova@example.com,sevastjan_24
901,ostap_16@example.net,dilin
902,solomonkozlov@example.net,borisovaagafja
903,voronovnikola@example.org,pelagejaermakova
904,modest_1976@example.net,kiraavdeeva
905,demjan2015@example.com,bobilevisa
906,anzhelikasmirnova@example.net,longinovchinnikov
907,anikita1970@example.net,nikiforovaelizaveta
908,kirapopova@example.org,kolobovauljana
909,trofimstrelkov@example.org,iosif_1980
910,gmuhina@example.com,maslovradim
911,karl_1988@example.net,dmitrievaangelina
912,viktorijabikova@example.net,ostap57
913,panfil_1982@example.net,jakov_21
914,arhip_1982@example.com,taisija34
915,fedotovfedot@example.net,matveemeljanov
916,petuhovaagata@example.com,antoninaartemeva
917,borislav2013@example.com,ipati_2011
918,trofim50@example.com,kim_2004
919,tvorimir_53@example.net,suvorovakira
920,ishubin@example.org,hsidorova
921,dorofeevaklavdija@example.org,loralobanova
922,ustinovavalerija@example.org,agafja_60
923,stanimir60@example.org,ratiborkuzmin
924,anisim1983@example.com,martjankulagin
925,aristarhkulikov@example.org,vasilisaantonova
926,foka74@example.org,emmanuil1996
927,sofon1990@example.org,tihon2025
928,marinanekrasova@example.net,borisovmakar
929,ninanosova@example.com,emilijakornilova
930,ereme1974@example.com,oksanaaleksandrova
931,evgeninesterov@example.com,gurevnaum
932,demid_31@example.net,elizaveta_86
933,stepanovlev@example.org,nikola17
934,zmatveev@example.net,julija_97
935,nainaturova@example.org,ljudmilazimina
936,fekla76@example.org,evfrosinijastrelkova
937,grigori1975@example.com,zinovevamarfa
938,vlas1995@example.org,ratmir_2023
939,aleksandrovaalina@example.com,kondrat2008
940,tgorbunov@example.org,ljubimkolesnikov
941,komarovvisheslav@example.net,lidijanekrasova
942,cheslav_03@example.com,nonna98
943,petrovavalentina@example.org,simon2006
944,ksenija_2007@example.net,porfirimolchanov
945,samuil86@example.net,venedikt2010
946,natan2023@example.net,ukrjukova
947,pavlovaevpraksija@example.org,apollon2015
948,gedeon_75@example.org,oksana1979
949,german_2010@example.net,faina88
950,anzhelika_05@example.com,rjabovvarfolome
951,anisimovjanuari@example.com,evpraksija_28
952,anna2012@example.net,fedotovapelageja
953,feofan_84@example.com,svetozar2024
954,zinovi40@example.com,nainaturova
955,nonnaloginova@example.net,mir_2008
956,orehovavasilisa@example.org,seliverst_08
957,andronik34@example.net,prokl1974
958,velimirkononov@example.net,zosimalarionov
959,fokinaagafja@example.org,velimir_41
960,leonid_04@example.com,bogdanzimin
961,efim_00@example.com,savinaanzhelika
962,kallistrat37@example.com,juri2018
963,moke_11@example.com,adampetuhov
964,antonin2004@example.org,molchanovalora
965,panfil_89@example.org,anna2023
966,verakalinina@example.org,feoktist81
967,bronislav_94@example.com,covchinnikova
968,anzhelika17@example.com,xsubbotina
969,oktjabrinabelozerova@example.org,nikodim_83
970,iljaharitonov@example.net,tsvetkovairina
971,vitali_66@example.net,roman_99
972,prov2021@example.net,nikitinafanasi
973,martjanmironov@example.com,kimrjabov
974,vlas_87@example.org,feliks86
975,arseni1970@example.org,elenapopova
976,adamsmirnov@example.com,zinaidakolobova
977,sitnikovvjacheslav@example.net,hristofor_70
978,andronmelnikov@example.org,savelevapelageja
979,nikodimtretjakov@example.com,ljubovsemenova
980,emilijaprohorova@example.com,juvenali_91
981,useleznev@example.org,muravevairaida
982,karp2016@example.com,evdokijaevdokimova
983,frolovanaina@example.net,havdeev
984,julijasemenova@example.net,pahom_2008
985,akulina2008@example.com,radim_1993
986,cmerkusheva@example.net,krilovaolimpiada
987,alekseevaoksana@example.org,boris1974
988,kazakovsavva@example.org,rkrilov
989,varlaam2009@example.org,tatjana_1998
990,blinovaelizaveta@example.net,ziminakira
991,xpoljakov@example.com,irakli_1995
992,vseslav_2002@example.com,ivan52
993,lidijatrofimova@example.com,militsabelozerova
994,rozhkovakira@example.org,julipoljakov
995,matveevaglafira@example.org,platonorlov
996,antoninaivanova@example.com,kulikovaantonina
997,ykulakov@example.com,ferapont2007
998,nadezhda_2013@example.net,tvorimir2020
999,arefinosov@example.com,evstafi13
1000,german_1981@example.com,pahomovaelena
1001,antoninakosheleva@example.com,radovantrofimov
1002,akulinakolobova@example.net,vadim1992
1003,vbespalova@example.org,prohorovzahar
1004,lidijadanilova@example.org,amos_1975
1005,svetozararhipov@example.net,askold_32
1006,andre33@example.org,fade1983
1007,nonnamuraveva@example.org,nikola_2001
1008,ratibor_2007@example.net,kliment1977
1009,agafja_1996@example.com,lkolobov
1010,petr1999@example.com,fmorozova
1011,kornilovpolikarp@example.net,titovevstafi
1012,milen28@example.net,prohor_03
1013,svjatopolksergeev@example.org,parfengorbachev
1014,turovroman@example.org,jdanilova
1015,guljaevnazar@example.org,agap31
1016,svetlanamedvedeva@example.com,apollon2020
1017,silvestr_83@example.org,solomon_09
1018,visheslav_1985@example.net,romanovevdokim
1019,bazhendjachkov@example.net,leonid1989
1020,evstigne_1992@example.net,julian_2007
1021,valerija_80@example.net,ershovkonstantin
1022,clapina@example.com,grigorevanina
1023,lukijaevseeva@example.org,dementi_65
1024,tsidorov@example.net,emil_2004
1025,valeksandrova@example.net,ruslan_31
1026,serge_1973@example.com,zatsevgedeon
1027,maslovtimofe@example.org,rogovazari
1028,lora_94@example.net,dnosova
1029,ajakushev@example.org,varfolome_58
1030,ivanovsavva@example.com,sinklitikijabelova
1031,darja2008@example.org,fedor_2004
1032,mihalovegor@example.net,averjan_05
1033,kprohorova@example.net,krilovdobroslav
1034,fadepanfilov@example.net,tzhukova
1035,apollon96@example.net,sitnikovevgraf
1036,shubinaelena@example.org,avgust_1987
1037,vladilen2003@example.com,ipatitihonov
1038,angelina1990@example.net,leonti16
1039,samuilburov@example.net,klavdija_1971
1040,gurevamaja@example.com,iraida_12
1041,ignateviosif@example.org,tdoronina
1042,zikovinnokenti@example.com,georgi04
1043,danilovevdokim@example.net,anani2000
1044,konstantin2010@example.net,ltrofimov
1045,evstafinaumov@example.com,marina_33
1046,saveli_1993@example.com,fedor2014
1047,porfiri_2014@example.net,samolovazhanna
1048,varvara1975@example.org,ilja2023
1049,djachkovaevgenija@example.org,silinisidor
1050,strelkovataisija@example.org,gtihonova
1051,militsa2012@example.net,milen61
1052,kudrjavtsevspartak@example.org,kasjan91
1053,fedosi_1978@example.com,ekaterina2011
1054,ernst17@example.com,suvorovapolina
1055,kir1970@example.org,vikentigushchin
1056,matveevadarja@example.net,lazar_1970
1057,tmaslova@example.org,mitofanbirjukov
1058,jtitov@example.com,morozovaantonina
1059,arkadishirjaev@example.net,margarita2024
1060,evfrosinija69@example.org,mihail_04
1061,ljubimfomichev@example.com,zinaidauvarova
1062,ilja43@example.net,sokratsemenov
1063,vjacheslavkabanov@example.org,viktorija_2015
1064,czhukova@example.net,samolovalarisa
1065,mefodi_72@example.com,kondratevaevdokija
1066,evgraf49@example.com,egor75
1067,kirill24@example.com,filaret_2016
1068,ustin60@example.org,orest1996
1069,nonna_2024@example.net,afanasi_2015
1070,grigorikorolev@example.net,sofijaustinova
1071,sidor_16@example.com,matveevamaja
1072,dobroslav_34@example.com,ninel_53
1073,zosima14@example.com,lukjan_1994
1074,agafon1972@example.net,kononovfedot
1075,jaroslav2007@example.net,antoninamihalova
1076,antoninalarionova@example.com,naum21
1077,tatjanaseliverstova@example.com,ovchinnikovroman
1078,vatslav30@example.org,ruslankulakov
1079,kuzma_43@example.net,viktor_71
1080,anani2015@example.com,vasilisa_2010
1081,potap_2015@example.net,rjabovbronislav
1082,kononovavalentina@example.org,saveli_07
1083,uvarovamargarita@example.com,evstafiseliverstov
1084,fadebobilev@example.com,erofeermakov
1085,ostromir70@example.com,irina1987
1086,foka_1986@example.com,nonna_33
1087,ivannalobanova@example.net,baranovdavid
1088,zinovi07@example.com,dorofe1974
1089,jan_2012@example.net,natan_1986
1090,melnikovazoja@example.org,ferapont1976
1091,nekrasovvaleri@example.org,selivan02
1092,varfolome_1980@example.org,lukinasvetlana
1093,ustin1997@example.com,denisovmatve
1094,ipati_91@example.net,lapinaivanna
1095,leonid2007@example.net,aleksandrustinov
1096,belousovaivanna@example.org,margaritastrelkova
1097,angelinamuraveva@example.org,azinovev
1098,oktjabrina26@example.com,svetozar1990
1099,gfedotova@example.net,mihail_2006
1100,konovalovaanzhelika@example.com,skopilov
1101,ljubomir_70@example.com,nifont2022
1102,anisimovaoktjabrina@example.org,evstigne_2010
1103,margarita_1982@example.org,filimongordeev
1104,gushchinaolga@example.com,rgushchin
1105,gostomisl_1993@example.net,popovrostislav
1106,evseevakira@example.com,kasjan04
1107,hristofor86@example.org,mamontovazoja
1108,arhiptimofeev@example.org,evse03
1109,mnikonov@example.org,vatslav_1992
1110,smedvedev@example.com,bogdanovnikodim
1111,matve69@example.org,vissarion_85
1112,guljaevakira@example.net,foka_1971
1113,amerkusheva@example.org,silvestr94
1114,gordeevnestor@example.org,arkadi_16
1115,rostislav_13@example.org,ljubim_34
1116,danilavishnjakov@example.org,ljubomir1990
1117,viktorija67@example.net,stanimir_65
1118,anani_11@example.com,kkudrjavtseva
1119,afinogen2012@example.com,wlazareva
1120,samuilbeljakov@example.net,silantimishin
1121,vlasovaelena@example.com,povchinnikova
1122,raisamuhina@example.org,kim88
1123,pahomsharapov@example.org,nikanor_72
1124,wtsvetkov@example.net,ignati_1981
1125,uljana_77@example.net,agafjaafanaseva
1126,dmitrievafinogen@example.org,tshchukin
1127,aermakova@example.com,anna_1975
1128,fedosi84@example.com,evse_00
1129,martjanlazarev@example.org,sazonovgennadi
1130,arseni_2010@example.net,pantelemon55
1131,timur_02@example.net,nkovalev
1132,ikostin@example.net,ereme1975
1133,ipatidoronin@example.net,gorbunovalidija
1134,oktjabrina_1994@example.net,luchezar1997
1135,radislav_23@example.net,pantelemon78
1136,avgust_1987@example.com,sinklitikijadanilova
1137,miron85@example.org,dorofe82
1138,zosimakabanov@example.net,nikitinmstislav
1139,reginafomicheva@example.com,vadim2011
1140,petrovaevpraksija@example.net,sigizmund1987
1141,pimenfrolov@example.net,ksenijashestakova
1142,ivanna_1972@example.org,mina1994
1143,ukononova@example.com,popovinnokenti
1144,evfrosinija_1977@example.org,boleslav2006
1145,borisovaanastasija@example.org,filaret_1976
1146,ljubov_37@example.org,terenti_45
1147,nikiforovalarisa@example.org,annamelnikova
1148,klavdija67@example.org,mefodi69
1149,pahom_77@example.org,prokl_39
1150,shilovmihail@example.net,petr_2009
1151,leonid_1979@example.com,pimen_97
1152,avgust1993@example.org,nikanor_12
1153,svetozar2002@example.com,boleslav_50
1154,iraidarusakova@example.net,julisuvorov
1155,nbobilev@example.com,elena_1986
1156,sokratlihachev@example.org,larionovjanuari
1157,galkinamarija@example.net,taisijaafanaseva
1158,viktorijadanilova@example.com,golubevnazar
1159,veniamin_2003@example.com,ignatovvsemil
1160,zikovernst@example.com,zinaida_96
1161,mihegavrilov@example.org,antonin_1972
1162,ruslan2008@example.com,feliks1998
1163,parfen82@example.org,trofimovaanna
1164,innokentikrilov@example.com,qjakovlev
1165,pahomovakira@example.com,nikiforovjaropolk
1166,akim1974@example.com,bazhen_99
1167,pantelemon_53@example.org,prohor1998
1168,julian1999@example.org,kondratevapelageja
1169,galinakiseleva@example.org,luchezarmatveev
1170,fkrjukov@example.com,apollinari41
1171,elizavetaivanova@example.com,lobanovazoja
1172,fsidorova@example.org,gordegushchin
1173,ckrjukova@example.com,gremislavrodionov
1174,luchezarharitonov@example.net,fevronija55
1175,nifont_83@example.net,kornil_2006
1176,vatslav1999@example.com,ustinantonov
1177,lazarevladimir@example.com,cmoiseev
1178,maja1999@example.net,sorokinagalina
1179,gordeevataisija@example.com,abramovpankrat
1180,svetozar_2022@example.org,andrekuznetsov
1181,majatimofeeva@example.com,taisijashcherbakova
1182,potapovaantonina@example.com,loginovaalevtina
1183,samuil_1995@example.com,allanikiforova
1184,ladimirnazarov@example.com,avde_94
1185,romanovaoksana@example.com,varfolome_1987
1186,antip17@example.com,jan31
1187,dmitrievalora@example.net,molchanovagap
1188,savinpantelemon@example.net,eremekarpov
1189,valerijakornilova@example.org,sevastjannosov
1190,mjasnikovgerasim@example.com,belovavarvara
1191,ferapont_2002@example.com,davidovaninel
1192,taras_1981@example.org,averjan_1980
1193,ziminagalina@example.net,nadezhda_1985
1194,fedor_1997@example.net,ustin_1994
1195,zhanna_2005@example.com,nikodim2009
1196,frol_83@example.com,varvaramjasnikova
1197,ostromir_2014@example.org,marijavlasova
1198,nataljamjasnikova@example.net,tarasrjabov
1199,paramonignatov@example.com,praskovja1983
1200,fsimonov@example.net,evdokijadanilova
1201,rozhkoverast@example.com,modest_42
1202,andronik_1970@example.org,frol_1990
1203,kliment1997@example.com,gushchinkliment
1204,korolevaljudmila@example.org,ekaterina_77
1205,efimovaelena@example.org,lobanoviosif
1206,feofan73@example.com,fadeevazinaida
1207,roman_2019@example.org,alevtinaturova
1208,klihachev@example.org,rodion_1991
1209,varfolomekabanov@example.com,vbespalova
1210,ishilov@example.net,vitalisubbotin
1211,muravevhristofor@example.org,rogovipat
1212,averki_43@example.org,terenti1987
1213,efremovaelena@example.com,lazar62
1214,estepanov@example.org,elizaveta1991
1215,gorshkovvsemil@example.net,samson_30
1216,agge_21@example.net,imolchanov
1217,gostomisl1984@example.net,vitali73
1218,abikova@example.com,ijadmitrieva
1219,stepanovaleksandr@example.net,safonovlavrenti
1220,adambelov@example.net,bojan_2012
1221,bpoljakova@example.org,sevastjan_1972
1222,radim_30@example.com,osip_97
1223,andre_1977@example.com,jkabanova
1224,fevronija_2019@example.net,stanimir_2019
1225,aleksandrazimina@example.com,avtonom_2016
1226,aggekuzmin@example.com,ivan19
1227,luchezar73@example.com,vatslav2007
1228,sofija_1995@example.net,cheslavkiselev
1229,ernstfedoseev@example.net,emilkalashnikov
1230,mamontovaoksana@example.net,konovalovavera
1231,leontitov@example.net,chernovafekla
1232,luchezarshilov@example.com,nzaharov
1233,borislav43@example.com,mkovalev
1234,kuprijan_2004@example.com,ptihonov
1235,dmitrievatatjana@example.com,ratibor2012
1236,vhohlov@example.org,nestor_06
1237,makar_14@example.com,kononovaanzhela
1238,makarovaoksana@example.net,alina_05
1239,xpanfilov@example.net,vitalimatveev
1240,ljubovsoloveva@example.org,leonti05
1241,beljaevfeofan@example.net,georgi42
1242,jvladimirov@example.com,lev2005
1243,foka21@example.com,modest_79
1244,akulina66@example.org,anzhelika_54
1245,mivanov@example.org,seliverstovpavel
1246,fevronijazhdanova@example.net,harlampisharapov
1247,valentin1989@example.org,pchernov
1248,evdokim_24@example.net,djachkovsidor
1249,shcherbakovfrol@example.net,antoninagorbunova
1250,larisa2025@example.com,taras_2022
1251,kiselevfoti@example.com,elise_1986
1252,panovapolina@example.org,yshubina
1253,ilinaija@example.org,larionovapraskovja
1254,morozovaanastasija@example.com,vladislavmoiseev
1255,qkulikova@example.org,nainatarasova
1256,viktorijanazarova@example.com,ppavlova
1257,ermola_2020@example.org,adamodintsov
1258,valentin2024@example.com,aleksandrafadeeva
1259,andronik_2019@example.com,zhannablohina
1260,platon1978@example.com,apollon_2024
1261,marfa1993@example.net,radim_1995
1262,skondratev@example.org,makar_1997
1263,praskovjasharapova@example.org,amos_2024
1264,stepanovaoksana@example.net,osiplazarev
1265,potap05@example.net,azaritretjakov
1266,osip2009@example.org,pankratimedvedev
1267,anisim_84@example.com,lobanovalarisa
1268,ignatikotov@example.com,nadezhdazinoveva
1269,ignatevasvetlana@example.net,gostomisl1996
1270,ldmitrieva@example.com,elise87
1271,bobrovagalina@example.net,gurikudrjashov
1272,tatjanaborisova@example.org,sofronlukin
1273,miheevazoja@example.com,vadim00
1274,kasjan_77@example.net,evpraksija2016
1275,ljubomir_58@example.org,lapinizmail
1276,kabanovizmail@example.org,tihonovnaum
1277,arkadi_56@example.com,marinakononova
1278,fadegorshkov@example.net,izot_1986
1279,shestakovaalevtina@example.net,mstislav54
1280,ninelmishina@example.org,selivan59
1281,angelinagrigoreva@example.com,ksenija2014
1282,trofim2017@example.com,kazimir_1997
1283,gorshkovaoktjabrina@example.com,florentinsmirnov
1284,iraklidanilov@example.com,borismiheev
1285,anisimovavalentina@example.net,bobrovvasili
1286,allalitkina@example.org,samolovkornil
1287,moke2018@example.com,gleb1982
1288,jakov_1973@example.com,ostap1979
1289,ljubov90@example.org,medvedevveniamin
1290,kdorofeev@example.com,hariton_95
1291,pankrat_1975@example.com,alla2014
1292,lukjan1993@example.com,ostromirgerasimov
1293,luka_1981@example.com,gromovvladilen
1294,vseslav2007@example.com,klavdijalebedeva
1295,averjan04@example.org,lukijanikolaeva
1296,kkudrjashov@example.net,saveli1974
1297,izotsimonov@example.org,sofijamamontova
1298,evpraksijamaslova@example.org,chernovamaja
1299,vitali61@example.net,prov_59
1300,ekostin@example.org,gordetihonov
1301,evgrafnoskov@example.org,ljubim_1997
1302,ernst_22@example.org,luchezar2023
1303,kondrat49@example.org,avde_1988
1304,panfilovafaina@example.org,evdokija_2008
1305,zinaidafedotova@example.com,afanasi25
1306,antoninlavrentev@example.org,rodionovermil
1307,gennadi_33@example.org,evse_1986
1308,lebedevdorofe@example.com,raisa53
1309,milen_78@example.org,margaritaisaeva
1310,naum_39@example.org,vasilikudrjavtsev
1311,kirakolobova@example.org,beljakovereme
1312,gromovaantonina@example.org,zinovibogdanov
1313,jrusakova@example.net,erofejakovlev
1314,galinaodintsova@example.org,filaretmoiseev
1315,iprohorov@example.org,eleonora_50
1316,tamara_77@example.net,klavdijatrofimova
1317,margaritasafonova@example.org,skrjukov
1318,innokentidanilov@example.net,sdenisov
1319,ernst_2014@example.com,jlitkin
1320,evfrosinija1990@example.com,emilijamelnikova
1321,loramartinova@example.net,sidor_2015
1322,regina_46@example.net,efim_1986
1323,ippolit51@example.org,igor2011
1324,seleznevprov@example.com,yandreeva
1325,filipp_2025@example.com,ekaterina_1988
1326,radovan1996@example.net,dementiseleznev
1327,inikitina@example.net,naina_30
1328,davidovazhanna@example.org,larisaturova
1329,mihail1979@example.com,egorovonufri
1330,osipovfeliks@example.net,akiseleva
1331,ippolitsolovev@example.com,fkomarov
1332,oaksenova@example.net,hsamsonov
1333,orest_43@example.org,marinakostina
1334,ljubimsafonov@example.net,jakushevsidor
1335,florentin2016@example.com,matvekalashnikov
1336,anastasija62@example.com,evstigne_1984
1337,dobroslav_88@example.org,vlasovoleg
1338,valentinvladimirov@example.org,nazarovviktor
1339,wpestov@example.com,erast1976
1340,pahom93@example.org,isakovartemi
1341,kornilovlazar@example.com,rkiselev
1342,adrianrodionov@example.org,allastrelkova
1343,stojansisoev@example.net,ljudmila50
1344,pkabanov@example.org,yrodionov
1345,ermilsemenov@example.net,spartak36
1346,narkis1995@example.com,anzhelakuznetsova
1347,silvestr_46@example.com,tihon2011
1348,aggesamolov@example.net,klavdijarjabova
1349,silinavasilisa@example.com,kasjan52
1350,matveevtrofim@example.net,beljaevvladilen
1351,aleksandra_98@example.org,zoja_91
1352,tarasovkasjan@example.org,apollinari_2003
1353,grigori1992@example.com,eliseevavera
1354,akim1995@example.com,tatjana1996
1355,dzimina@example.net,solomon1999
1356,frol_1975@example.com,nadezhdabeljaeva
1357,ustinovaregina@example.org,taisijaharitonova
1358,shubinairina@example.net,akulina_2020
1359,ratibor_22@example.net,ulitkina
1360,vorontsovaekaterina@example.net,eleonorafilatova
1361,ljubim30@example.net,potapovazinaida
1362,mironovferapont@example.org,erast1988
1363,lkonovalova@example.com,beljaevkapiton
1364,viktor1993@example.org,ignati2013
1365,grigori2004@example.org,lkudrjavtseva
1366,konstantin_39@example.org,elizaveta1981
1367,shubinavera@example.net,vikentigolubev
1368,trofimovsilvestr@example.com,emil_99
1369,drozdovgleb@example.com,xnaumov
1370,denis2004@example.org,radovan2010
1371,javdeeva@example.com,nadezhdavorobeva
1372,mihalovvenedikt@example.net,samson_1981
1373,nazar_02@example.org,majarusakova
1374,jakov_00@example.org,poljakovavasilisa
1375,klimentkrjukov@example.org,ernest1972
1376,yeliseeva@example.org,lavrentevkuprijan
1377,naum1974@example.com,sokrat_2012
1378,avksenti98@example.org,ferapont_2003
1379,solomon1987@example.net,kuprijan_2025
1380,kornilovaviktorija@example.net,vlasovazhanna
1381,hefremova@example.com,pahomovaanzhela
1382,popovgeorgi@example.org,kononovstojan
1383,ljubim_1990@example.net,oksana2015
1384,efimovanina@example.org,blohinaemilija
1385,marina_2003@example.org,juliermakov
1386,pdavidova@example.com,mihaillukin
1387,medvedevamargarita@example.org,neliseeva
1388,anisim57@example.com,firs1992
1389,stojankozlov@example.net,strelkovatatjana
1390,vsevolod1997@example.org,gordezuev
1391,zinovi1991@example.org,longin33
1392,kallistratgrigorev@example.com,amosmuhin
1393,lavr73@example.net,onufri61
1394,marfa44@example.com,saveli1989
1395,noskovrjurik@example.org,cheslav1996
1396,jzikova@example.org,natan2010
1397,pelageja_2013@example.net,alekse_2008
1398,vsevolodivanov@example.org,fedosi1980
1399,averjan1996@example.com,naina_69
1400,filippovalukija@example.com,vikenti2025
1401,emilija84@example.net,pankrati39
1402,ershovamilitsa@example.com,ermilershov
1403,tvorimir1999@example.net,demid_1991
1404,mark_96@example.org,qorehova
1405,svetlana34@example.org,ruben1979
1406,kozlovnikanor@example.com,viktorijaavdeeva
1407,valerijabolshakova@example.org,sidorovaantonina
1408,askold_08@example.org,pelageja99
1409,bespalovamarija@example.org,feklaaleksandrova
1410,isaevaeleonora@example.net,vladlen_1997
1411,lorabikova@example.net,ponomarevselivan
1412,rozhkovmiroslav@example.org,kliment_73
1413,julijamuhina@example.org,pavlovfeofan
1414,ratmir1972@example.net,nataljatihonova
1415,miron2025@example.com,antonina_2008
1416,viktor_2005@example.com,fedosi_1983
1417,alevtinamartinova@example.com,zhukovaregina
1418,kiselevazari@example.net,valerjan_75
1419,nbeljakova@example.org,dobromisl55
1420,ljubov_20@example.org,praskovja_26
1421,janborisov@example.net,nonna_1987
1422,nataljafedorova@example.org,aleksandramoiseeva
1423,pahomovaantonina@example.org,agge_1974
1424,vseslav_84@example.net,andreevfoti
1425,tkapustin@example.com,ostromir_1996
1426,julija26@example.org,antonin_1980
1427,burovavera@example.org,nazar_57
1428,anisim_1999@example.com,mihalovaglafira
1429,regina59@example.org,selivan_2012
1430,silaveselov@example.com,maksim98
1431,gremislavveselov@example.net,prokl_07
1432,odintsovaglafira@example.com,erofe_1977
1433,guri_20@example.net,lidija_1991
1434,molchanovasinklitikija@example.net,mihalovaija
1435,igor_62@example.com,samsonovaalina
1436,gremislav_56@example.org,vasili1998
1437,boris2003@example.org,varvarakononova
1438,kiranaumova@example.org,belozerovmakar
1439,artemevvlas@example.org,minamoiseev
1440,florentin_2019@example.org,vikenti_28
1441,uljan18@example.org,sofronlavrentev
1442,roman_48@example.org,dkrjukov
1443,ivan_1995@example.net,tlukin
1444,ustin_35@example.org,natalja_2012
1445,trofim_78@example.org,evse2014
1446,arhipovagalina@example.com,evgenija1976
1447,kalashnikovaagafja@example.net,yrjabova
1448,grigorisokolov@example.org,porfiri_1988
1449,vikenti_2025@example.com,stojantitov
1450,rodion89@example.com,burovsemen
1451,nikanor40@example.org,david_1981
1452,afanasi2000@example.com,dementi_2000
1453,belovmilan@example.com,german_14
1454,sorokinspiridon@example.com,vvorobeva
1455,feofan_2007@example.com,eduarddavidov
1456,eleonoramaslova@example.net,sitnikovefim
1457,timurvorobev@example.org,mihalovippolit
1458,sofija_2020@example.org,egor_2003
1459,ykudrjashova@example.com,gerasimovmoise
1460,ibobileva@example.org,kiselevvatslav
1461,tverdislav_64@example.org,gromovanina
1462,martinsidorov@example.com,kiravorobeva
1463,afanasevaregina@example.com,ustin66
1464,semen_53@example.net,fomalebedev
1465,prohorovapollon@example.org,marijagorbacheva
1466,birjukovalekse@example.org,mihailshashkov
1467,ysergeev@example.net,konondorofeev
1468,jakub91@example.com,nonna2012
1469,bazhen_1980@example.net,konovalovkarp
1470,kalininamargarita@example.com,annamamontova
1471,silinanatalja@example.org,ksenijadorofeeva
1472,ziminporfiri@example.com,seliverstovamargarita
1473,anastasija08@example.com,artembeljakov
1474,averjan_2016@example.com,varvara1982
1475,iosif1989@example.com,zuevladislav
1476,stanislav78@example.org,sergestepanov
1477,muravevjulian@example.com,jan08
1478,isidor_2022@example.com,marijateterina
1479,martjan2022@example.org,avksenti_32
1480,silanti_94@example.net,kir2012
1481,obobilev@example.org,oktjabrina_09
1482,ruben_1993@example.net,gedeon73
1483,avksentikapustin@example.net,kir_1993
1484,loginovaoksana@example.com,aggemarkov
1485,jbaranova@example.net,angelinaisakova
1486,florentin_2013@example.org,borisovpolikarp
1487,margaritakonstantinova@example.com,saveli83
1488,kuzma_93@example.com,fedorovazinaida
1489,shcherbakovstanimir@example.com,svetozar26
1490,pimen78@example.com,trofim_1973
1491,suhanovnikodim@example.net,ernst_2026
1492,ziminaveronika@example.com,olgalihacheva
1493,agafonovanadezhda@example.org,lora53
1494,stojan12@example.org,allaivanova
1495,haritonbespalov@example.com,gorbachevnikita
1496,savvati78@example.org,izjaslav19
1497,german1977@example.org,suhanovapollinari
1498,zoja_94@example.org,evpraksija_2007
1499,tarasovolimpi@example.net,annakondrateva
1500,ksenijakrasilnikova@example.net,lidija49
1501,svjatoslavfadeev@example.net,qtretjakova
1502,ilja1990@example.net,spartak31
1503,gerasimovalukija@example.com,mefremov
1504,oktjabrinanikolaeva@example.com,ljubov2007
1505,taras1995@example.com,miron2024
1506,isa99@example.com,karpkulakov
1507,bojankuzmin@example.net,adrian64
1508,kira_39@example.com,ruben_07
1509,psuvorov@example.org,marian_2020
1510,klavdi_2006@example.org,stanislav_2023
1511,martjan2005@example.org,koshelevbazhen
1512,galkinselivan@example.net,bmuraveva
1513,tarasovairina@example.com,davidovamarfa
1514,petrovamvrosi@example.net,potapovaanastasija
1515,nonnasamolova@example.net,andronik15
1516,olgatretjakova@example.org,pelageja89
1517,rodionovalora@example.org,pantelemonblinov
1518,radim01@example.org,afinogen_68
1519,antonina_44@example.com,muravevakim
1520,ladislavkazakov@example.net,afanasi79
1521,ovchinnikovbazhen@example.net,lbaranov
1522,efimovvalerjan@example.net,ustinovzosima
1523,isa27@example.net,safonovazoja
1524,sigizmundjakushev@example.net,vadim_14
1525,kuznetsovlukjan@example.com,iosif2020
1526,davidovaregina@example.com,lobanovapelageja
1527,dobromisl_2008@example.org,tvorimir_30
1528,afokin@example.org,gorbachevaanastasija
1529,volkovjaroslav@example.net,sofon_61
1530,evdokijasemenova@example.org,ljubovvorobeva
1531,xkulagina@example.com,amatveeva
1532,marfa_1985@example.com,kondratievseev
1533,alinasuvorova@example.net,nikola37
1534,smelnikova@example.com,avde2014
1535,odintsovuljan@example.com,belovanonna
1536,glafira78@example.com,vsevolod_1986
1537,raisa1990@example.org,romanermakov
1538,feklavasileva@example.com,ralekseeva
1539,moke_1988@example.net,iraida1986
1540,jankonstantinov@example.net,pahom1970
1541,medvedevaljudmila@example.com,danila2004
1542,annasamsonova@example.net,veronika1983
1543,anzhela95@example.org,mark_60
1544,tamara_1971@example.net,januari2013
1545,gedeon_93@example.net,vustinov
1546,bolshakovapolina@example.org,olimpi06
1547,shubinaakulina@example.net,vjacheslav05
1548,kim1985@example.org,gushchinamarija
1549,majaarhipova@example.org,ivanovvadim
1550,pnaumova@example.org,zinaida2003
1551,uljanarogova@example.org,mamontovavtonom
1552,sigizmund_2019@example.net,polikarpkirillov
1553,zhanna2017@example.com,valerijakudrjashova
1554,panfilovgedeon@example.com,qribakov
1555,karl44@example.org,birjukovsemen
1556,militsalapina@example.com,oktjabrina_92
1557,kapiton_76@example.org,dnikitina
1558,trifonkrasilnikov@example.com,taisija_11
1559,isimonova@example.net,xfadeev
1560,evlampi2001@example.com,fblinova
1561,suhanovbogdan@example.net,evfrosinija_2020
1562,kolesnikovanadezhda@example.com,galinabeljaeva
1563,seleznevhariton@example.net,fagafonova
1564,prohorkrilov@example.net,martjanmedvedev
1565,pankrati_49@example.com,pankrat1977
1566,volkovaevpraksija@example.com,romanovaklavdija
1567,nikanor_1976@example.net,evpraksija61
1568,kirlitkin@example.org,nataljakostina
1569,zinovevaalla@example.net,anzhelika_09
1570,efomicheva@example.com,fedositihonov
1571,luchezar_1987@example.org,julijashcherbakova
1572,darja_49@example.com,trifon_2010
1573,mstislav22@example.com,paramonlapin
1574,ljudmila_70@example.com,anatoli1994
1575,iknjazeva@example.com,tverdislav_2024
1576,konovalovaoktjabrina@example.com,majasharapova
1577,tvorimir1971@example.net,majazimina
1578,verakomarova@example.net,fortunat_98
1579,wrodionov@example.net,iharitonov
1580,izmail2002@example.org,naum2006
1581,judinanonna@example.net,margaritaavdeeva
1582,vasilisaponomareva@example.org,konstantinovmihe
1583,filippevdokimov@example.org,befimova
1584,spartakchernov@example.net,emeljanvoronov
1585,kolobovaivanna@example.com,mechislav_1984
1586,emmanuil1990@example.net,feklamuraveva
1587,milen75@example.net,kasjan_1988
1588,miron03@example.com,evgenijabaranova
1589,alinaagafonova@example.net,veronikaorlova
1590,silintrofim@example.net,maksimiljan_2018
1591,ponomarevalarisa@example.org,agatamiheeva
1592,vlihachev@example.org,mitofan_74
1593,polikarp63@example.com,sinklitikijaprohorova
1594,sidorovboleslav@example.com,emilijavasileva
1595,trifonagafonov@example.org,cheslavburov
1596,svetlanajakovleva@example.org,anatoli_82
1597,kostinaregina@example.org,evlampi_55
1598,artemevsvjatoslav@example.net,suvorovaaleksandra
1599,leon76@example.com,elihacheva
1600,strelkoverast@example.org,bbolshakov
1601,veronika2022@example.net,alevtina1989
1602,agatamelnikova@example.org,aleksandrsitnikov
1603,vjacheslav_53@example.org,kliment_1980
1604,averki2011@example.net,evse_1988
1605,pankrat2003@example.org,modest_1977
1606,panfilsuvorov@example.net,klavdijaegorova
1607,panfil1974@example.net,bojan1986
1608,danilovapraskovja@example.org,evpraksijapavlova
1609,zinaida_43@example.net,kira_2011
1610,lazar1975@example.com,emmanuil09
1611,ermola_2018@example.net,guljaevaevdokija
1612,parfen2018@example.com,emaksimov
1613,dvladimirova@example.org,akulinasergeeva
1614,kim1994@example.net,izjaslav1985
1615,kozlovjulian@example.org,alevtinakolesnikova
1616,lukija_1979@example.org,matvepotapov
1617,varlaam_1992@example.com,ershovaija
1618,djachkovnikon@example.org,bogdanovkapiton
1619,harlampi_51@example.org,olihachev
1620,rusakovvatslav@example.net,litkingavrila
1621,sorokinaolimpiada@example.com,kapiton_04
1622,nina2009@example.net,agapponomarev
1623,markovaanna@example.com,teterindenis
1624,rostislavemeljanov@example.com,luchezar1975
1625,adamblinov@example.com,tihonovanatalja
1626,radovan_2001@example.org,gorbunovaljudmila
1627,molchanovalarisa@example.org,oktjabrina54
1628,gusevazoja@example.org,vladimir_1996
1629,borisovaoksana@example.org,ugureva
1630,voronovazinaida@example.net,konstantinovamarfa
1631,mishinjakov@example.org,anna_1977
1632,vasilisaafanaseva@example.org,florentin89
1633,vera98@example.com,veraaksenova
1634,angelinaandreeva@example.com,koshelevaviktorija
1635,panfil_14@example.org,uljana42
1636,leonti_92@example.org,evfrosinijasafonova
1637,evpraksijaguseva@example.org,mefodi2010
1638,zosima1986@example.org,vseslavdenisov
1639,rodionovanina@example.org,anna_58
1640,simonovamargarita@example.net,miliovchinnikov
1641,julija_34@example.net,olimpiadarozhkova
1642,sokratkondratev@example.net,poljakovruben
1643,larionovapolina@example.org,klavdija98
1644,hariton_1997@example.net,ikapustina
1645,wzaharova@example.com,ljubosmisl_1996
1646,emeljan_1978@example.net,emil2004
1647,ratmir_2008@example.com,kiselevgleb
1648,onufri_1991@example.org,nribakov
1649,kapustinerofe@example.org,eefremov
1650,lorasilina@example.org,knjazevjulian
1651,ippolitsharov@example.net,epifanfokin
1652,olimpiada2016@example.net,anzhelikaorehova
1653,elenafomicheva@example.com,veselovtimofe
1654,ljubosmisl1985@example.com,foka_30
1655,valentina_66@example.com,markmuhin
1656,apollon1989@example.org,dorofelapin
1657,tarasovamarija@example.org,muhinaantonina
1658,timofeevaolimpiada@example.org,martin2023
1659,valentintarasov@example.com,visheslav_69
1660,jshashkova@example.com,ignatovaalla
1661,adrian2020@example.net,alla_22
1662,wkrjukov@example.net,eliseevdokimov
1663,innokenti2002@example.org,mnesterova
1664,vladilen2005@example.com,galinavolkova
1665,afinogen_15@example.com,gorshkovaanzhela
1666,pankrati28@example.org,akononova
1667,mkonovalova@example.net,erofe_91
1668,antonina47@example.net,januari_2006
1669,klavdija_2003@example.org,bobilevpetr
1670,innokenti56@example.net,regina83
1671,ninabirjukova@example.net,leonid41
1672,msitnikov@example.org,kapiton_19
1673,parfenvolkov@example.net,knjazevaraisa
1674,fribakova@example.org,klavdijakabanova
1675,zinaidavinogradova@example.net,ernest29
1676,askold_18@example.net,budimirlebedev
1677,demjanbelozerov@example.org,efrem_44
1678,narkispopov@example.com,braginruslan
1679,muravevjakub@example.org,sorokinamaja
1680,askoldzhukov@example.org,erofemjasnikov
1681,visheslav_17@example.net,nmarkov
1682,arefi_10@example.net,veniaminarhipov
1683,ivan1994@example.net,agafonovaveronika
1684,lazar_65@example.org,kdrozdov
1685,mishinviktorin@example.org,filatovaveronika
1686,ernest98@example.org,ipestov
1687,rubenvladimirov@example.net,mishinamargarita
1688,ipati41@example.net,nosovmakar
1689,elisenikonov@example.org,belovdobroslav
1690,savvati_2023@example.net,akim04
1691,veramaksimova@example.com,firs69
1692,ninel2025@example.net,galkinalarisa
1693,kazakovevlampi@example.net,gilin
1694,erofe40@example.com,muravevevstigne
1695,korolevavarvara@example.org,rodionershov
1696,prokofi1973@example.com,evlampikuznetsov
1697,muhinartem@example.org,evstafi35
1698,eduard67@example.org,pestovaksenija
1699,savelevavalentina@example.org,militsaorehova
1700,agafjarozhkova@example.org,klavdijaguseva
1701,bzaharova@example.com,bikovarhip
1702,eleonora2009@example.net,aristarh16
1703,matveevaalina@example.net,egor1976
1704,kuzma2019@example.net,lukija1983
1705,valentin_1986@example.org,mstislav_2021
1706,titovazoja@example.com,samsonovamilitsa
1707,tamaragureva@example.com,mrogova
1708,kasjan2007@example.org,odintsovanina
1709,shirjaevanaina@example.net,efremvinogradov
1710,pahom_52@example.com,nestor05
1711,timofeevataisija@example.net,ilinavera
1712,varvara14@example.org,fedor_1970
1713,lukijanoskova@example.com,valeri_1978
1714,eduardkondratev@example.com,skarpov
1715,anzhelikakrasilnikova@example.org,dmitrievlavrenti
1716,osipovaevfrosinija@example.org,imuraveva
1717,olgashchukina@example.org,marijafilippova
1718,rbaranov@example.com,mechislav_30
1719,veronikaermakova@example.net,fomashilov
1720,venedikt52@example.com,veniamin74
1721,bolshakovatamara@example.com,valerimatveev
1722,evdokimevdokimov@example.net,ilarion_25
1723,stepanovtimofe@example.org,aggevlasov
1724,elizarteterin@example.com,nifont22
1725,lvlasov@example.com,karl_59
1726,darja13@example.com,kirasaveleva
1727,glafiraterenteva@example.net,alinapavlova
1728,olimpiada1981@example.com,ermola1980
1729,vorontsovapolina@example.net,avksentijudin
1730,sazonovonufri@example.org,galinaemeljanova
1731,merkushevanani@example.net,konon_2003
1732,sofrontretjakov@example.com,nazarovaeleonora
1733,bobilevfade@example.com,morozovaija
1734,vlasovmoke@example.com,julija1977
1735,erofe_57@example.org,pestovamargarita
1736,pavel_2013@example.org,jmerkushev
1737,subbotinprokl@example.com,avdeevkir
1738,ipati44@example.com,esobolev
1739,mechislav_38@example.com,filippovporfiri
1740,zaharovaagata@example.com,kasjan46
1741,gsavelev@example.com,dponomarev
1742,paramonsilin@example.net,frolrusakov
1743,tatjanagorbacheva@example.com,kasjan_2008
1744,luka_2007@example.net,kirill_1989
1745,sitnikovradim@example.net,ukopilova
1746,sinklitikija_1999@example.net,kmamontova
1747,rjurik_2005@example.org,emeljan_90
1748,suhanovaeleonora@example.org,pavel1988
1749,zinaida30@example.com,faina80
1750,tsharapova@example.org,zhdanovsokrat
1751,fortunat85@example.com,saleksandrova
1752,matveevtit@example.org,solomon_1971
1753,egor21@example.org,ijasoboleva
1754,sigizmundfokin@example.net,emeljan97
1755,sinklitikijasoboleva@example.net,grigori_1971
1756,pankrati43@example.net,shestakovaagafja
1757,nazar1999@example.com,valerija_1983
1758,sofija1977@example.net,ztihonov
1759,anzhela20@example.net,wnosov
1760,fedorovfilaret@example.net,tefremov
1761,evseevvarlaam@example.com,ladimir61
1762,feofan27@example.net,titovrostislav
1763,mjasnikovaalevtina@example.org,natalja_10
1764,gromovdanila@example.org,fevronijamatveeva
1765,miron23@example.net,mihailnikitin
1766,vpanfilova@example.com,timur01
1767,modest_1994@example.net,qgorshkova
1768,sofijafilippova@example.net,natankononov
1769,kazimir_1990@example.com,sobolevalekse
1770,ydementeva@example.org,veniamin1972
1771,hariton85@example.net,bobilevasofija
1772,nesterovasinklitikija@example.org,evdokija_30
1773,leonid36@example.com,moke1995
1774,filipp_1998@example.net,morozovjakub
1775,borisovaija@example.net,klavdija_64
1776,shirjaevaoksana@example.org,izjaslavlihachev
1777,emilijaaleksandrova@example.org,angelina1978
1778,bazhen18@example.net,milovanpetuhov
1779,isaevavalerija@example.com,larionovgeorgi
1780,nikonarhipov@example.org,marfa12
1781,bzhdanov@example.net,krasilnikovfedot
1782,lkabanova@example.org,milovan2014
1783,pahomovadarja@example.com,zhukovataisija
1784,mihekorolev@example.org,kudrjavtsevuljan
1785,maja2016@example.com,fedotovaverki
1786,safonovavalentina@example.com,marfa_1970
1787,fevronija57@example.net,nainabobrova
1788,demid_27@example.net,kostinnikanor
1789,fedot_66@example.org,doroninaoktjabrina
1790,olgatarasova@example.org,gavrila2006
1791,vsemil_94@example.com,agafonovaagata
1792,vatslav_33@example.com,raisablohina
1793,evse_87@example.org,shchukinataisija
1794,fedoseevborislav@example.net,lavrnoskov
1795,petr_1992@example.net,beljaevaevpraksija
1796,hdrozdova@example.net,agafonkomissarov
1797,evse_2004@example.net,shilovaglafira
1798,ivankiselev@example.com,serge_55
1799,iraida_76@example.org,azari_1996
1800,svetlana2020@example.com,rusakovaevgenija
1801,nonnablinova@example.org,anna1975
1802,filippovvelimir@example.org,regina_2001
1803,nikonovaeleonora@example.com,solomonmuravev
1804,lukjan1988@example.org,feofanmjasnikov
1805,milovan_2009@example.com,naina_1999
1806,anisim_01@example.com,voronovaaleksandra
1807,rozhkovprokofi@example.com,kalininbronislav
1808,zahar2019@example.com,samson_1982
1809,alinaprohorova@example.org,uljana_99
1810,ustin77@example.com,dementevakira
1811,vladimir42@example.net,loginovnarkis
1812,kirill_1992@example.org,tatjanazueva
1813,guljaevataisija@example.com,emilija_23
1814,ezhdanova@example.org,isidor1983
1815,savva_1985@example.com,ninaermakova
1816,feklashestakova@example.net,paveleliseev
1817,mitofanermakov@example.org,teterinasinklitikija
1818,zikovaoktjabrina@example.org,igorrogov
1819,egordeeva@example.net,samson1980
1820,frol08@example.net,leonti_1999
1821,zojakoroleva@example.com,braginalora
1822,kornil_94@example.net,suhanovluchezar
1823,dorofe2017@example.net,panfilovvikenti
1824,uljana_83@example.net,lazar_61
1825,pelagejaavdeeva@example.org,igor38
1826,agafon23@example.com,aleksandr16
1827,zhannapanfilova@example.org,frol1970
1828,konovalovborislav@example.net,agafontrofimov
1829,frol76@example.com,ivanna1985
1830,afanasi1979@example.org,nikandrmihalov
1831,adrian_47@example.org,ifilippov
1832,jaropolk_2000@example.net,ladimir_71
1833,tribakova@example.com,radim2016
1834,dementisokolov@example.org,tatjanahohlova
1835,ziminlazar@example.net,pantelemon2019
1836,fustinova@example.com,lapinsilvestr
1837,serafim_1984@example.net,zblinova
1838,valerijazimina@example.com,sidorovaljubov
1839,longin_28@example.com,alinagushchina
1840,kazakovnikola@example.com,radovanrjabov
1841,erofe_22@example.net,foma_98
1842,mstislav_16@example.com,rodiongushchin
1843,nesterovmaksim@example.com,margaritadanilova
1844,evfrosinijakononova@example.com,nikodim_1973
1845,marija47@example.com,muravevsaveli
1846,stanimirdrozdov@example.net,anzhela_68
1847,olimpiveselov@example.net,polinauvarova
1848,konstantin2010@example.com,kazakovaljubov
1849,zhuravlevavarvara@example.org,david_59
1850,marianlavrentev@example.com,tprohorov
1851,dnikitina@example.net,leonsharov
1852,ykudrjashova@example.net,trifon_1985
1853,trofimpopov@example.org,kudrjashovaglafira
1854,pahomovazinaida@example.com,seliverst1982
1855,adam31@example.org,kondrati_13
1856,nmedvedev@example.net,romanovfedosi
1857,silanti61@example.net,antoninazhdanova
1858,feofanjudin@example.org,boris_1974
1859,sokratgusev@example.org,makar2002
1860,svjatoslav_80@example.org,askold35
1861,kirillovaglafira@example.com,kozlovafekla
1862,nikiforovaevgenija@example.org,feoktist28
1863,kulaginaolga@example.net,ija48
1864,rturov@example.com,bobilevboris
1865,fainamaksimova@example.com,lazarsuvorov
1866,zinovi2024@example.org,vladilen_2013
1867,lbelozerova@example.net,cheslav1976
1868,zikovmaksimiljan@example.org,evgenijarodionova
1869,lidija_1986@example.com,agafon_43
1870,amos04@example.org,qbragin
1871,marfa69@example.org,harlampi18
1872,silvestrfilippov@example.com,melnikovaevpraksija
1873,mironovanani@example.org,ljudmila1989
1874,agatazikova@example.org,mir2005
1875,trifon1987@example.com,ratibor1992
1876,klimentsemenov@example.org,demid_93
1877,danilovvikenti@example.org,cosipov
1878,prov_59@example.org,averki_06
1879,trifon2010@example.com,vikentibobrov
1880,egornikonov@example.org,samuil_80
1881,naumovairaida@example.org,qsokolov
1882,ninelvorontsova@example.org,kondratikudrjavtsev
1883,akulina_2015@example.org,vlasseleznev
1884,eliseevaveronika@example.org,guljaevoleg
1885,krilovvseslav@example.com,serge_08
1886,volkovairina@example.com,varvara1972
1887,ruben_1983@example.net,selivan_1981
1888,dzikova@example.org,safonovaagata
1889,mshcherbakov@example.net,uljanadavidova
1890,feofan1994@example.com,alevtina1973
1891,kuprijan_19@example.com,alevtina63
1892,grigorevaolimpiada@example.org,akim46
1893,iljakotov@example.org,irakli57
1894,vladimir1990@example.com,marfa1992
1895,simonovafevronija@example.org,alla77
1896,rodion_40@example.org,margaritagrishina
1897,isidorrozhkov@example.net,evpraksijaefremova
1898,ratibor_08@example.net,vstepanov
1899,porfiri_1988@example.org,evdokim_04
1900,zatsevaemilija@example.com,elizaveta07
1901,gennadi1995@example.com,svjatopolk_2024
1902,feklakrasilnikova@example.org,darjasafonova
1903,nmuhina@example.net,akulinaguljaeva
1904,viktorija17@example.net,budimirkonovalov
1905,rodionbikov@example.org,sharapovratibor
1906,anzhelakuznetsova@example.org,gavrilovaglafira
1907,shcherbakovaalina@example.org,onufri_2020
1908,marinasamolova@example.org,rjurik_29
1909,pankrat_72@example.org,froltrofimov
1910,cheslav_32@example.com,panfil_04
1911,panovkliment@example.org,varvarafilatova
1912,mishinerofe@example.net,ernst09
1913,eduard1973@example.org,ruben1987
1914,januarijakovlev@example.net,zshubina
1915,galinadenisova@example.org,vlas_68
1916,savelevizmail@example.com,valerija38
1917,valerijanovikova@example.org,sorokinrjurik
1918,prohor56@example.org,moiseteterin
1919,sevastjan_1995@example.org,platon_1980
1920,bazhen36@example.com,ijanazarova
1921,sbeljaeva@example.com,evdokijagorshkova
1922,vshirjaeva@example.com,prov_90
1923,egor_1981@example.org,oleg09
1924,alevtinakrasilnikova@example.net,andreevjan
1925,titovalidija@example.com,fedot_1987
1926,psoloveva@example.net,irinahohlova
1927,silinlavrenti@example.net,jzimina
1928,vladimirovemmanuil@example.org,znikolaev
1929,bfomin@example.net,samsonovsofron
1930,morozovisa@example.com,ilarion_34
1931,sitnikovavksenti@example.net,lukija_1993
1932,elizavetagalkina@example.net,bblohina
1933,valeri_26@example.org,iraidaterenteva
1934,shestakovernest@example.org,kir1981
1935,seliverstovavalentina@example.com,veniamin_1988
1936,bmarkov@example.net,maksimiljan_14
1937,bzhuravleva@example.com,zanisimova
1938,annaodintsova@example.org,jakov_2006
1939,viktorija_97@example.net,dorofe90
1940,zoja84@example.com,isa10
1941,davidovaevpraksija@example.com,polinatsvetkova
1942,kazimirmamontov@example.net,julian_07
1943,glafiraodintsova@example.org,krilovvalentin
1944,ydmitriev@example.net,zinaidapahomova
1945,krilovgedeon@example.com,eisaeva
1946,vasilisabaranova@example.org,veronikadoronina
1947,afanasikirillov@example.org,alina46
1948,uandreev@example.org,evlampi1987
1949,vladimirovavde@example.org,ljubomir29
1950,bikovaevpraksija@example.org,isa_1990
1951,erofedanilov@example.com,afanasinikiforov
1952,terentevernst@example.com,dobroslavzimin
1953,samolovmatve@example.org,shestakovsamson
1954,kir1982@example.net,natalja98
1955,sila_2018@example.com,beljakovserge
1956,mtarasova@example.net,erast_40
1957,lorafedoseeva@example.net,jmoiseeva
1958,arkadidrozdov@example.com,davidstepanov
1959,praskovja2021@example.net,zhanna2008
1960,anzhelagerasimova@example.org,julija_03
1961,julija2021@example.com,fisaeva
1962,faina72@example.net,alekseevnikandr
1963,krjabova@example.net,lora_03
1964,aristarhuvarov@example.net,borismishin
1965,roman15@example.com,zhannadjachkova
1966,kiravorontsova@example.net,serge1993
1967,evfrosinijafokina@example.org,evfrosinija_10
1968,kondrat_2016@example.net,ljubim_19
1969,edenisov@example.net,fzuev
1970,vladimirovpankrati@example.org,flazarev
1971,pelageja_93@example.net,natalja_2004
1972,artem2023@example.net,jlapina
1973,artemi63@example.com,birjukovaagafja
1974,shestakovleon@example.org,ruben_1986
1975,martin_2009@example.net,ernest_19
1976,okostin@example.org,milovan91
1977,vissarionzinovev@example.net,nonna1992
1978,spiridon92@example.net,makarsamolov
1979,prohor_41@example.org,orest1971
1980,milansharov@example.net,german1974
1981,suvorovvladilen@example.com,fomichevamvrosi
1982,viktorin2003@example.net,saveli_94
1983,longin_90@example.org,agafjapahomova
1984,beljaevaevdokija@example.org,maksimovapolina
1985,zikovmoise@example.org,sinklitikija_1992
1986,potap_17@example.org,andronermakov
1987,izotshcherbakov@example.com,eleonora61
1988,valentinabragina@example.com,radim_27
1989,nadezhdaarhipova@example.com,vkonstantinova
1990,timofeevaevfrosinija@example.org,ostromir_1981
1991,blohinlongin@example.net,venedikt2019
1992,hdenisov@example.com,afanasi_1985
1993,samuil73@example.com,ladislav2012
1994,sorokinkondrati@example.net,poljakovaevdokija
1995,polinabeljakova@example.org,praskovjanikolaeva
1996,bazhen_46@example.net,trofimovmihe
1997,gavrilovanatoli@example.net,askold1999
1998,sgorshkova@example.net,tihonovmakar
1999,gushchinanatoli@example.com,panovartem
2000,isakovaraisa@example.com,margaritapanfilova
2001,noskovfeliks@example.org,vasilevalukija
2002,ignatevanonna@example.net,savvati_54
2003,ereme2019@example.com,ibeljaeva
2004,subbotinermil@example.org,orlovafekla
2005,borislav1999@example.com,ermakovazoja
2006,prokl1973@example.net,bobilevtit
2007,leonid1996@example.com,onufrikulakov
2008,alevtinalihacheva@example.net,denis_1981
2009,vorehova@example.org,rozhkovavasilisa
2010,gleb_2009@example.com,evseevaevgenija
2011,komarovaanna@example.com,lebedevavera
2012,hosipova@example.net,elizar_69
2013,vbragin@example.org,noskovazoja
2014,ferapont83@example.net,darja1973
2015,foma_2013@example.net,evgraf_39
2016,selivan_34@example.org,llarionova
2017,nikon2004@example.org,grishinaveronika
2018,regina_45@example.com,irinaanisimova
2019,demid34@example.com,miligrigorev
2020,odintsovtit@example.net,sofija2006
2021,gorshkovvarlaam@example.net,smironova
2022,aleksandr_91@example.com,klavdija1978
2023,ivan38@example.com,qponomarev
2024,osilin@example.com,panovataisija
2025,marfa2009@example.com,marijarusakova
2026,sharovluchezar@example.org,fortunat57
2027,kasjan98@example.net,klavdija2016
2028,kirasorokina@example.com,ladimir01
2029,alinalapina@example.com,martjanmelnikov
2030,evstafianisimov@example.org,martin2017
2031,samolovprokl@example.com,raisauvarova
2032,kondrat75@example.com,darjadrozdova
2033,erofe2000@example.org,pmuravev
2034,adam_71@example.com,stojan76
2035,mihe1990@example.com,andron_2007
2036,nonnadjachkova@example.org,iosif_16
2037,silasafonov@example.org,shcherbakovaakulina
2038,makar_52@example.org,ermakovaraisa
2039,terentevatamara@example.com,zuevtrofim
2040,antonin2006@example.com,vatslavstepanov
2041,andron_38@example.org,evgraf00
2042,anzhela_61@example.com,gorbunovdemid
2043,agap1999@example.org,prohorovaraisa
2044,tatjana_98@example.net,zblinov
2045,ereme1999@example.com,ernstsavin
2046,alla1997@example.com,aksenovaevgenija
2047,bronislav_1993@example.net,strelkovaelena
2048,djachkovagge@example.net,ermola60
2049,xlitkina@example.net,sigizmund_14
2050,ynekrasova@example.com,ereme_2003
2051,mishinvsevolod@example.net,dobroslav33
2052,marijaermakova@example.org,maksimiljan_1970
2053,efrem1979@example.org,loramorozova
2054,naina70@example.org,julija1988
2055,svjatoslav_2012@example.org,ignatevvatslav
2056,kasjan07@example.net,visheslav_2020
2057,pelagejanovikova@example.com,vasili_2000
2058,yrozhkova@example.com,alla1984
2059,andronikvolkov@example.org,zgorshkova
2060,zermakova@example.net,fedotovafekla
2061,konstantin_39@example.net,rvladimirova
2062,sharovaemilija@example.net,ija_2016
2063,vladlendjachkov@example.org,feliks2009
2064,klavdi36@example.org,gremislavmuravev
2065,hariton1987@example.com,bojanlazarev
2066,seliverstovrjurik@example.org,mihail58
2067,vseslav29@example.com,fainabespalova
2068,belozerovvalerjan@example.com,muhinmilan
2069,vladislav_18@example.org,evfrosinija_1993
2070,zinaidabobrova@example.net,miheevemmanuil
2071,seleznevvladlen@example.org,sokolovguri
2072,gorde_2024@example.org,androndanilov
2073,evfrosinijashubina@example.net,antip2009
2074,stepanovkarl@example.org,mbelozerov
2075,evfrosinija_1986@example.net,ninamuhina
2076,evgenijadorofeeva@example.com,filatovparamon
2077,galinaterenteva@example.org,emil2008
2078,efrem_1994@example.org,filimonshashkov
2079,ermil_10@example.net,anikitazinovev
2080,ippolit2026@example.net,anatoli_36
2081,agata_1990@example.net,annagureva
2082,militsa_04@example.com,lukjan_88
2083,xvoronov@example.com,valerijakolobova
2084,evseevevse@example.net,savva_2015
2085,lavrenti44@example.com,klavdija2018
2086,maksimiljan46@example.net,mechislav2013
2087,sofija_96@example.net,karl_1972
2088,taisija_78@example.com,galina_2019
2089,nonnaevdokimova@example.net,shashkovpavel
2090,valerjan_2005@example.net,kondratisobolev
2091,valentinapetrova@example.org,faina_98
2092,filimon14@example.org,radim47
2093,veragromova@example.net,dkulakova
2094,izjaslav77@example.com,platon2015
2095,bobrovanike@example.com,evseevaregina
2096,titaleksandrov@example.com,arhipovsvetozar
2097,knjazevamilitsa@example.org,irina19
2098,jaropolk1986@example.org,zaharovaeleonora
2099,gmakarova@example.net,parfen_1981
2100,ljudmiladjachkova@example.org,orehovepifan
2101,bojankrjukov@example.net,ernest1986
2102,valeri_51@example.net,prohorovaivanna
2103,glafiramoiseeva@example.org,solovevborislav
2104,ostap98@example.org,darjakozlova
2105,filimonkapustin@example.net,grigori39
2106,belovaanna@example.com,tamara76
2107,budimir_1972@example.com,vsemil_73
2108,bignatev@example.com,allakononova
2109,kirillkornilov@example.org,qsorokin
2110,elizaveta27@example.net,juli2013
2111,visheslav_62@example.com,savvati99
2112,inekrasov@example.net,sofon_2014
2113,vladimirovaanna@example.org,abramovavasilisa
2114,ipatikiselev@example.com,agafon_2020
2115,nikonlavrentev@example.com,rpanova
2116,lora2005@example.org,serge_48
2117,bobrovaleksandr@example.net,anatoli_26
2118,leon1978@example.com,evdokijaantonova
2119,ferapont_70@example.org,emil_61
2120,ffilatova@example.com,ninelmaslova
2121,irinadanilova@example.org,gushchinmitofan
2122,izmail2016@example.net,evfrosinijakapustina
2123,fknjazev@example.org,avgust37
2124,ernest1976@example.net,tit2012
2125,maksimkorolev@example.net,filaret_1993
2126,anastasija_30@example.org,pelageja54
2127,vitali30@example.com,spahomov
2128,silanti_1995@example.net,pimenprohorov
2129,jankoshelev@example.net,visakova
2130,agafonovnarkis@example.com,isa57
2131,kuznetsovazinaida@example.com,mstislav07
2132,litkinapolina@example.net,svetlanaseliverstova
2133,davidovfade@example.org,olimpiada_1977
2134,ratibor_1996@example.org,fainafrolova
2135,ezueva@example.net,galkinjuri
2136,bolshakovvitali@example.com,andre_01
2137,polina_1989@example.org,ilinadarja
2138,naum_83@example.org,mlavrenteva
2139,evse90@example.com,matve_52
2140,vseslavkulakov@example.com,emeljan48
2141,kallistratponomarev@example.org,agafonshubin
2142,irinagolubeva@example.org,fedosi1995
2143,xkulakova@example.org,kazakovnikita
2144,cheslav_29@example.net,viktor_39
2145,ivanovfoti@example.net,aleksandramelnikova
2146,erofeefremov@example.com,veravishnjakova
2147,tamara98@example.org,ernest_46
2148,taras_20@example.com,glafiranovikova
2149,yshchukin@example.net,znazarov
2150,filaret84@example.org,allaisaeva
2151,solovevamarija@example.com,sharapovsvjatopolk
2152,valerijazinoveva@example.org,ivanovvelimir
2153,marina_2013@example.org,izjaslav1971
2154,pnekrasova@example.net,glafira_1983
2155,mironovazoja@example.org,jaroslav_2001
2156,nikolaevasofija@example.com,evdokijamerkusheva
2157,vkornilova@example.org,denisovaevfrosinija
2158,emilijadorofeeva@example.net,maja33
2159,viktorijasergeeva@example.net,kuprijanuvarov
2160,evgenijakarpova@example.net,ratmir_32
2161,budimirjudin@example.net,anisim81
2162,kira1998@example.com,fmarkova
2163,bogdan_1983@example.com,radovan19
2164,marijabikova@example.com,adriankrasilnikov
2165,hrusakova@example.com,rodionovanina
2166,veselovalukija@example.org,artemizatsev
2167,militsakirillova@example.net,jakovlevepifan
2168,polina_1985@example.org,verakondrateva
2169,gorde_91@example.net,gromovaolimpiada
2170,andron_58@example.com,vlas1986
2171,savinvsemil@example.org,sfilatova
2172,hkomissarova@example.com,zhdanovamarija
2173,parfensuhanov@example.net,ippolit28
2174,lorafomina@example.org,lidijafedorova
2175,ilja_2005@example.com,iignatova
2176,foka2017@example.com,samsonkoshelev
2177,knikolaeva@example.net,prov_38
2178,petrsemenov@example.com,kalashnikovmihail
2179,nikiforovsofron@example.com,belovaeleonora
2180,zmelnikova@example.org,veronikaribakova
2181,lev_2006@example.org,galinaodintsova
2182,rjabovaagata@example.org,blinovostromir
2183,vasilisasavina@example.org,miroslav_1984
2184,mjasnikovanonna@example.net,osippahomov
2185,ippolitsharapov@example.net,hristofor90
2186,nikita_47@example.net,wzinoveva
2187,fortunatborisov@example.org,foti_1983
2188,gorshkovprokofi@example.com,polina1971
2189,olimpi1986@example.net,blohinegor
2190,lebedevaviktorija@example.net,juri_39
2191,vladimirovandronik@example.com,alla47
2192,borisovakira@example.com,ignatovaljubov
2193,raisa1971@example.org,valerija_2007
2194,ilinanikita@example.org,shestakovarseni
2195,ynosova@example.org,ponomarevaoktjabrina
2196,galina_2006@example.net,orehovaelizaveta
2197,ljubovalekseeva@example.org,kgushchina
2198,gavrila2020@example.org,filipp_1973
2199,maja_2023@example.net,shashkovalora
2200,sidorovaakulina@example.net,ljubovsazonova
2201,pestovaleksandr@example.net,bazhenkalinin
2202,bteterin@example.net,nikiforoverast
2203,litkinradislav@example.net,svetozarefremov
2204,amos_28@example.net,gostomislveselov
2205,konstantinovamarija@example.com,kopilovamarfa
2206,grigorevvladlen@example.com,qdementeva
2207,pahom_2013@example.org,emeljanfomichev
2208,konovalovavgust@example.com,kira16
2209,veniaminkondratev@example.org,azari_2025
2210,isaevalarisa@example.com,zsuvorova
2211,svjatoslav_2022@example.org,borisovaregina
2212,komarovajulija@example.org,evgeni53
2213,tit_45@example.net,lazarevkornil
2214,raisazaharova@example.net,leontizinovev
2215,svjatoslav_19@example.org,birjukovaoktjabrina
2216,kulikovaevdokija@example.com,belovaekaterina
2217,agafonovdmitri@example.org,eremeemeljanov
2218,lorabeljakova@example.org,nifontshchukin
2219,julian1979@example.org,emeljan_15
2220,emil37@example.com,olegkudrjavtsev
2221,gostomisl27@example.net,frol1995
2222,stanimirmiheev@example.org,david_41
2223,ruben1973@example.com,ekaterinanikonova
2224,levkuznetsov@example.net,emeljan_87
2225,miron_92@example.org,evdokimovairaida
2226,zbolshakov@example.com,zinovi28
2227,leonti_2024@example.net,afinogenvoronov
2228,enikonov@example.org,evse1986
2229,silamoiseev@example.net,ilinevgraf
2230,kolesnikovatamara@example.net,djachkovnatan
2231,jan89@example.net,gostomisl_97
2232,maja_72@example.com,simon1972
2233,isakovdanila@example.com,anzhelika_52
2234,bobrovterenti@example.com,rshilov
2235,vladimirovstojan@example.net,raisaegorova
2236,ratibor16@example.net,uvarovakira
2237,alla_10@example.org,varvaranoskova
2238,bkulakov@example.org,efremribakov
2239,opopova@example.net,evdokim58
2240,oksanasoloveva@example.org,stojan_1999
2241,spartak_1998@example.net,julijadoronina
2242,lazarevaanzhelika@example.net,vsemilsharapov
2243,tnekrasova@example.org,veniamin_2009
2244,popovradislav@example.net,ogorshkova
2245,yshashkov@example.org,tverdislavkirillov
2246,zignatov@example.com,afanasi2001
2247,taisijaantonova@example.org,fedor_43
2248,kornil_2017@example.com,hselezneva
2249,naina_38@example.org,oktjabrinazaharova
2250,kondratevernest@example.net,samolovfoma
2251,ivanna1979@example.com,alevtina_36
2252,iraklisamsonov@example.com,kazimirkrilov
2253,firs2022@example.net,oktjabrina_2019
2254,selivanmelnikov@example.org,vorobevsofron
2255,juri_28@example.org,bsazonova
2256,vlas1975@example.net,hivanova
2257,omedvedev@example.com,lidijalukina
2258,juvenalikoshelev@example.net,jaropolk84
2259,lidijamorozova@example.net,trofim_24
2260,sharapovsevastjan@example.com,bojan30
2261,erofe30@example.org,vorontsovalora
2262,guri21@example.com,kira2000
2263,amos_74@example.org,valeri_53
2264,uljanalukina@example.com,tihonovavgust
2265,sofron1971@example.net,merkushevdmitri
2266,kallistrat_41@example.net,jaropolkosipov
2267,sofon80@example.com,volkovajulija
2268,kolobovizjaslav@example.org,lavrentevamaja
2269,efimromanov@example.net,izotjakushev
2270,julijavishnjakova@example.net,vasilisa_1992
2271,alevtina_87@example.org,bolshakovnikodim
2272,sigizmund02@example.com,avdeevaraisa
2273,kuzminkirill@example.org,tamara_41
2274,yzhdanova@example.com,bogdan2011
2275,fadeevnikanor@example.org,nekrasovgennadi
2276,fsavelev@example.net,selivan2023
2277,dementevalarisa@example.org,pkovaleva
2278,ckudrjashova@example.net,nzatsev
2279,florentin49@example.org,juli2021
2280,solovevmstislav@example.com,efremovafinogen
2281,dementikulagin@example.com,radovanguljaev
2282,ukrasilnikov@example.com,dbobilev
2283,kalininpavel@example.org,gnesterova
2284,sofon1996@example.com,izjaslavlitkin
2285,silinafevronija@example.com,pzimin
2286,gavrila1995@example.com,shashkovanani
2287,galinashilova@example.org,juligorshkov
2288,arseni1974@example.org,isa23
2289,evgeni54@example.net,spiridon_15
2290,leonti64@example.org,nzaharova
2291,feoktistkonstantinov@example.org,veronikagureva
2292,rnovikov@example.net,ostap_2019
2293,florentin2006@example.net,vasilisa_2020
2294,nikola2017@example.com,sribakov
2295,milan_1993@example.org,larisa38
2296,potapovleonid@example.org,mechislavvishnjakov
2297,anzhelastepanova@example.com,valentinalarionova
2298,akimkostin@example.com,vershov
2299,nikon_2008@example.org,karp_1970
2300,jakushevlev@example.net,stanislav_1988
2301,ereme06@example.com,platon66
2302,aleksandraignateva@example.com,antonovavasilisa
2303,qsolovev@example.org,smirnovasvetlana
2304,makarovaraisa@example.org,fedosibeljaev
2305,dorofe_1979@example.org,elitkin
2306,nikonovaija@example.com,afanasevafaina
2307,ljubosmislkoshelev@example.net,irinatarasova
2308,foti_1977@example.com,erofekalashnikov
2309,avksentiseliverstov@example.org,iraida_1975
2310,avgust_1996@example.org,braginavarvara
2311,lapinaagata@example.com,longin2019
2312,ubespalova@example.com,antonin_1990
2313,ilarion_18@example.net,nikon_2021
2314,avdeevatamara@example.net,gremislav_16
2315,ladislav_65@example.com,averjan94
2316,larisasuhanova@example.com,valentinaknjazeva
2317,efremovaljudmila@example.org,majaknjazeva
2318,rjabovazhanna@example.net,naum_50
2319,filaret2021@example.com,leonid_21
2320,osip91@example.net,olimpiada2011
2321,yborisova@example.net,alevtinamaslova
2322,nineltrofimova@example.net,florentinromanov
2323,dementevhristofor@example.com,ddorofeeva
2324,militsa_31@example.org,zinaida88
2325,anatoli2015@example.com,silantisharapov
2326,nestor2013@example.net,tit2024
2327,nbespalova@example.com,pimen_1980
2328,nikitamorozov@example.net,kir_1976
2329,kovalevjakov@example.net,aksenovelise
2330,mefodi_04@example.com,ljubomir84
2331,levlitkin@example.net,strelkovaklavdija
2332,fokinapraskovja@example.com,evpraksija59
2333,mefodi_1996@example.com,antonina65
2334,bronislav2020@example.org,julijakarpova
2335,arkadi32@example.net,ljudmila_1984
2336,vinogradovalukija@example.net,alla_33
2337,fomichevairina@example.com,dmitrievsigizmund
2338,simonovaivanna@example.net,zojaterenteva
2339,bogdan1986@example.com,visheslav20
2340,cknjazev@example.net,evgenija_2000
2341,marinastrelkova@example.com,elenanikitina
2342,zatsevaljudmila@example.net,fedotovaantonina
2343,ljubim_1970@example.com,aleksandrgorshkov
2344,guri08@example.com,nikodimgorshkov
2345,demjan_1986@example.com,izot_1991
2346,bosipov@example.net,platon73
2347,prokofi17@example.net,ermakovagalina
2348,glafirafadeeva@example.net,larisa_2005
2349,kudrjavtsevalidija@example.net,lukjan93
2350,lukijashcherbakova@example.net,erast_2007
2351,serafim98@example.net,filipp2011
2352,kapiton1979@example.net,kondratilobanov
2353,lgolubeva@example.com,nikifor_74
2354,galaktion2004@example.com,visheslav70
2355,mlobanov@example.org,margaritakononova
2356,izjaslav77@example.net,nikon2001
2357,ija_08@example.net,ntarasova
2358,tagafonova@example.net,evlampi71
2359,abramovsimon@example.com,djachkovgorde
2360,gfokina@example.net,fortunat_56
2361,uvarovboleslav@example.com,evstigne_32
2362,antonina24@example.net,glebbogdanov
2363,nikifor2024@example.com,vorobevaninel
2364,novikovalidija@example.org,regina_48
2365,leonidmelnikov@example.net,elizaveta_2002
2366,aleksandrlavrentev@example.org,sofron43
2367,alekseevviktorin@example.net,samolovaolga
2368,florentin_10@example.com,lukinkirill
2369,dmitrievavarvara@example.net,lukinmartin
2370,ekarpov@example.com,polinatimofeeva
2371,naum_83@example.com,larisakozlova
2372,elizaveta_52@example.org,nikola_93
2373,yaksenov@example.net,zhuravlevakira
2374,zjakovlev@example.com,porfiri_1978
2375,tatjanafedotova@example.org,ostepanova
2376,jnosova@example.net,aleksandrovadarja
2377,hterentev@example.com,ldjachkov
2378,kallistrat_2006@example.org,parfen2015
2379,mili_2015@example.net,polinaignatova
2380,djachkovamarfa@example.org,ilarion94
2381,ostap_38@example.org,harlampi_75
2382,samsonmakarov@example.org,glafiramorozova
2383,artem1978@example.org,olimpi_43
2384,mefodi1990@example.org,xsoboleva
2385,maslovvladislav@example.com,andre1980
2386,mefodi83@example.org,terenti22
2387,matveevaakulina@example.net,evdokimevseev
2388,evgeni1983@example.org,noskovamilitsa
2389,ostromir_2008@example.net,ekaterina55
2390,moise_2016@example.com,akulinamaksimova
2391,svetlana_39@example.net,ratmir_1972
2392,dafanasev@example.org,fevronija1990
2393,filimon2011@example.com,alina20
2394,evdokimovivan@example.com,rgureva
2395,annavolkova@example.com,ekapustina
2396,kirill2013@example.org,rodion_2008
2397,naina_93@example.net,foka_1972
2398,samuil2007@example.com,irakligolubev
2399,odintsovnikita@example.net,sergemerkushev
2400,averkiterentev@example.org,iraida_35
2401,kalashnikovrodion@example.org,evpraksijazhukova
2402,gerasim62@example.com,qkopilova
2403,ijakarpova@example.org,evgraf1980
2404,muhinelise@example.net,nosovaija
2405,nikiforovjanuari@example.com,natalja1974
2406,evdokijavorobeva@example.com,bojanzhdanov
2407,nikanor93@example.org,alinatretjakova
2408,savinairaida@example.com,radovan2015
2409,apollon78@example.net,mihalovaagafja
2410,darja_47@example.org,nazarloginov
2411,evfrosinija_04@example.org,gerasim_1977
2412,sharapovefrem@example.org,polina_2008
2413,akulina_89@example.org,romanovaalina
2414,lavrenti33@example.com,polina1999
2415,fortunat09@example.org,ipati1984
2416,kondrat_1997@example.net,ozikov
2417,spartak06@example.net,dsergeeva
2418,dorofeevaevdokija@example.com,pankrati2015
2419,nikodim1994@example.net,judinaagata
2420,jansitnikov@example.com,varvaradavidova
2421,ikulikova@example.net,akulina93
2422,eleonora_2004@example.net,sharapovkonstantin
2423,akulinatitova@example.com,panfil_2015
2424,anastasija_14@example.org,nataljailina
2425,markovaglafira@example.net,baranovoleg
2426,jakubfadeev@example.org,shirjaevkonstantin
2427,evlampi1994@example.com,nikon_55
2428,tguseva@example.com,zmjasnikov
2429,praskovjapoljakova@example.com,modest_87
2430,zknjazev@example.org,drozdovstepan
2431,sdenisov@example.org,fedosi_82
2432,zgurev@example.com,shilovafaina
2433,spiridon_1995@example.com,erodionov
2434,teterinanatalja@example.com,arkadi2015
2435,skalinin@example.org,evse_2001
2436,belozerovmarian@example.com,vera_1999
2437,xkolobov@example.net,tsuhanova
2438,amvrosi2019@example.com,ilinroman
2439,german_35@example.net,iraidanikonova
2440,artemi73@example.com,vorobevgavrila
2441,arhip_87@example.org,stanislav_45
2442,galinazatseva@example.com,kira2014
2443,darjatimofeeva@example.org,csilina
2444,serafim_58@example.net,kazimirmuravev
2445,evfrosinija_00@example.org,edenisova
2446,filippovfoka@example.org,shcherbakoverofe
2447,stojan1997@example.com,adamalekseev
2448,savvati_30@example.com,rjabovferapont
2449,amos45@example.org,egorovairina
2450,danila_68@example.net,ivanzikov
2451,naumovalukija@example.com,borislav2002
2452,ksenijasharova@example.com,jgusev
2453,makarnesterov@example.net,mili_39
2454,avgust_74@example.net,kopilovaverjan
2455,arseni88@example.org,gennadizuev
2456,reginafokina@example.com,vseslav89
2457,platon_30@example.net,innokenti_11
2458,ipati04@example.org,vorontsovanaina
2459,milovan_1975@example.net,natan23
2460,emilkulikov@example.net,bobrovaivanna
2461,ninasuhanova@example.net,trofim_1999
2462,semenovaalina@example.net,julijanazarova
2463,prov21@example.org,zhannagrishina
2464,selivan1972@example.net,vsemil18
2465,marijasuvorova@example.net,evgrafmaksimov
2466,ilja_04@example.net,gushchinparfen
2467,elenanekrasova@example.net,adam93
2468,vissarion_1974@example.com,kirill_02
2469,viktorin19@example.net,agge_2016
2470,emeljanzimin@example.com,larionovaklavdija
2471,vpotapova@example.net,averjanloginov
2472,nikanor11@example.com,sofron_2014
2473,klavdijadmitrieva@example.com,anastasija20
2474,averjan_21@example.com,ermakovaoksana
2475,simonovajulija@example.net,dmitridrozdov
2476,petr05@example.org,aleksandra09
2477,viktor_93@example.org,zhanna26
2478,foma1994@example.org,zmjasnikova
2479,orlovzahar@example.com,faina_1996
2480,antonin04@example.org,cheslav1986
2481,germanfokin@example.net,hlavrenteva
2482,belovivan@example.net,elena1997
2483,gleb2007@example.com,ignatovevse
2484,borisovevdokim@example.org,ijaisakova
2485,noskovborislav@example.net,qfadeev
2486,jakushevavarvara@example.org,margaritaignateva
2487,mishinvarlaam@example.com,arkadi39
2488,veronika_2017@example.net,fortunat2004
2489,svetozar63@example.org,vitali1971
2490,foka_97@example.net,ippolit23
2491,jaroslav56@example.net,apollon2012
2492,militsa_06@example.com,ustinovparfen
2493,galaktion2013@example.org,blinovtit
2494,kondrat_02@example.com,irina_39
2495,nainamakarova@example.com,olimpishestakov
2496,nadezhdalazareva@example.org,kapiton_2024
2497,gerasimovisa@example.com,oabramova
2498,artemi25@example.org,ksenijaaksenova
2499,emeljanovatatjana@example.net,kuzminapelageja
2500,vorontsovakira@example.com,zikovanonna
2501,gorde_57@example.com,kononovaljubov
2502,amvrosi_1980@example.com,alevtina1976
2503,bogdan_71@example.org,kudrjavtsevplaton
2504,nikiforovmartin@example.com,ratibor1976
2505,ershovaoksana@example.org,sofonefimov
2506,zshirjaev@example.org,budimir_03
2507,mironovvelimir@example.net,ivanna_89
2508,stojan_25@example.net,milovansilin
2509,karlbeljaev@example.com,lukjan1983
2510,sokolovaevpraksija@example.com,zatsevfoka
2511,vladislavnikitin@example.org,isa25
2512,anastasijafokina@example.com,mamontovuljan
2513,varlaam_2015@example.org,venedikt_2020
2514,rozhkovasofija@example.org,ershovdobromisl
2515,vsemil_1992@example.com,matve1977
2516,pavel75@example.net,irakli50
2517,klukina@example.com,evlampi2005
2518,pankrat1976@example.org,svetlana_58
2519,vera_1994@example.org,erodionova
2520,nbobilev@example.net,lazarevaalina
2521,qnikolaev@example.org,vorobevklavdi
2522,bronislavgrigorev@example.net,nikandrzaharov
2523,gostomisl_1993@example.org,petuhovapollinari
2524,pestovavasilisa@example.net,konon_12
2525,danisimova@example.com,lazar_89
2526,qguljaev@example.org,dfedoseeva
2527,feklakonstantinova@example.net,arhipovterenti
2528,gremislav10@example.com,kovalevpanfil
2529,anzhela_2025@example.com,raisarozhkova
2530,margarita_43@example.com,oksanalazareva
2531,viktorin_2015@example.net,gorshkovamargarita
2532,klavdijaevseeva@example.net,naumdrozdov
2533,rodion1974@example.org,regina41
2534,ibogdanov@example.org,oktjabrina2013
2535,sigizmund2003@example.net,vissarion_1970
2536,zromanova@example.com,ljudmila17
2537,evpraksijajakovleva@example.net,tretjakovemmanuil
2538,tkarpova@example.com,varvara_2017
2539,erast99@example.com,jaroslavermakov
2540,demjan10@example.org,gremislav_2009
2541,konstantinsuvorov@example.org,antip_2017
2542,tbelozerova@example.org,ostap_33
2543,nina81@example.org,aleksandrovplaton
2544,evgraf66@example.org,stanimir_1983
2545,gerasim2025@example.org,viktorinlihachev
2546,innokentikulikov@example.net,gerasimovairaida
2547,luka1982@example.net,fekla_60
2548,jmaslova@example.com,ljudmila86
2549,seliverstovdorofe@example.org,kudrjashovgeorgi
2550,gavrila_11@example.org,ippolit34
2551,gtretjakov@example.com,hponomareva
2552,prov_2023@example.org,modest22
2553,mechislavantonov@example.com,ljudmilamuhina
2554,pankratipotapov@example.org,dementi_1998
2555,lukinbojan@example.org,ostromir1970
2556,simonovemil@example.net,gennadi76
2557,jegorov@example.com,bkalinina
2558,zhuravlevalora@example.org,simonovapelageja
2559,ostromir_64@example.com,radislavkalinin
2560,efrem_2021@example.net,erofe_17
2561,klavdijablohina@example.com,konstantinkalashnikov
2562,fekla75@example.net,kallistrat34
2563,kuprijan_1994@example.net,eduardarhipov
2564,sharovrodion@example.org,oksanabragina
2565,romanovalukija@example.com,svetozar_2016
2566,taraskazakov@example.org,ninelgureva
2567,galkinladislav@example.com,bazhen_63
2568,egor_56@example.org,zinovevaevpraksija
2569,romanovflorentin@example.org,mefoditihonov
2570,imaslov@example.net,zuevaagata
2571,lukijapanova@example.net,angelinashilova
2572,vnikitin@example.com,silinaverki
2573,vlasovagalina@example.com,rubenmuhin
2574,jaropolk1971@example.net,idjachkov
2575,ignati_1981@example.org,mefodi14
2576,innokenti_73@example.org,kdementeva
2577,tgolubev@example.org,margarita_38
2578,tvorimir1983@example.com,sergeevagafon
2579,matve_1977@example.org,natalja2004
2580,taisijaeliseeva@example.com,iemeljanov
2581,foti97@example.net,valerijaalekseeva
2582,sinklitikijanekrasova@example.com,dobromisljudin
2583,florentinzimin@example.net,serafim_20
2584,izot_2009@example.net,elizar_89
2585,kondrati1978@example.com,drozdovvsevolod
2586,kazakovvissarion@example.com,nonnamolchanova
2587,kondrati58@example.net,zfokin
2588,saveli57@example.net,vasilevmilan
2589,arhiprodionov@example.net,marinafokina
2590,vemeljanova@example.net,yosipova
2591,gurevalidija@example.org,noskovvenedikt
2592,solomon_2012@example.org,dementevatatjana
2593,vjacheslav1981@example.org,apollonnesterov
2594,kuzma_1995@example.org,zaharovapelageja
2595,pkozlova@example.com,igor_1983
2596,timur_56@example.net,anzhela_24
2597,ashcherbakova@example.com,otimofeev
2598,nikonovosip@example.com,zhukovratibor
2599,lavrenti24@example.org,wisakov
2600,fromanov@example.org,stanimir_1991
2601,evstafi_23@example.com,jkulagin
2602,hpahomova@example.com,djachkovagalina
2603,petuhovvissarion@example.net,oafanaseva
2604,svjatopolk_22@example.org,grigori2015
2605,evdokija_90@example.com,arseni_1976
2606,januari1981@example.org,bobrovnikola
2607,strelkovmilen@example.net,heliseeva
2608,margaritasharapova@example.com,aleksandra_00
2609,ruslan2018@example.com,akrasilnikov
2610,defimova@example.com,evfrosinija68
2611,valentin2014@example.org,marijapavlova
2612,kuprijan06@example.org,serge_1973
2613,akulinasemenova@example.com,sidor_1970
2614,kuznetsovostromir@example.com,denisrogov
2615,mili2025@example.net,artemevstojan
2616,gordeevfoti@example.org,ninatihonova
2617,makarovpanfil@example.com,vsemil1985
2618,kallistrat_2010@example.org,lukija_1997
2619,qdoronin@example.com,mechislav_47
2620,ozikov@example.org,nina69
2621,bobrovfade@example.com,anike_2011
2622,leonidorlov@example.org,amvrosi2022
2623,florentin04@example.org,fekla_82
2624,lidijatihonova@example.org,prohororlov
2625,ksenija41@example.com,egorovilarion
2626,hkomarov@example.net,kornilovmechislav
2627,aristarhdmitriev@example.org,fade_1986
2628,emilijazaharova@example.org,kopilovvikenti
2629,prokl_79@example.com,savva97
2630,averjan1999@example.org,anani2009
2631,ivannatsvetkova@example.org,julija1970
2632,kazimir68@example.com,udorofeev
2633,pavlovlukjan@example.com,nikifor_1972
2634,belovkonstantin@example.org,agge_41
2635,pelagejabikova@example.org,serge_51
2636,panfil_1984@example.com,angelina17
2637,lavrentevkonstantin@example.net,antonina_2018
2638,mina1982@example.net,pelageja_2003
2639,litkinaelena@example.org,vlas1988
2640,solovevajulija@example.org,nikita_45
2641,vladilenkuzmin@example.net,pahomgordeev
2642,militsa2005@example.net,knazarov
2643,gostomisldavidov@example.com,mamontovmartin
2644,ruben1983@example.net,lukjan2002
2645,budimir_1970@example.com,ipati81
2646,radovantihonov@example.net,larisa1970
2647,izmail_00@example.net,alekse2021
2648,sokratshubin@example.org,sila58
2649,filippovaolga@example.org,orest_76
2650,mstislav05@example.org,bmoiseeva
2651,samuil06@example.com,stepansmirnov
2652,isakovafaina@example.com,avdesubbotin
2653,stanislav_1988@example.org,akim_2000
2654,xbobrov@example.com,kulakovavalerija
2655,kuprijan_1971@example.net,kapustinignati
2656,cheslav00@example.org,blinovtrofim
2657,vsevolod_72@example.net,kalashnikovaksenija
2658,polikarp20@example.org,morozovjuri
2659,zoja2015@example.net,ydoronina
2660,ksenija2011@example.org,denisovaagafja
2661,ljubov55@example.net,krilovfoka
2662,alla_94@example.com,roman2012
2663,konon33@example.net,antonina2000
2664,glafirashestakova@example.net,ekaterinaartemeva
2665,fadeevajulija@example.net,visheslav1984
2666,volkovaeleonora@example.net,tihonbelov
2667,oblohin@example.com,kalininapraskovja
2668,anastasija78@example.com,bgrigoreva
2669,ssharova@example.net,dorofe2002
2670,oktjabrina67@example.org,vladislav1994
2671,juri2006@example.org,militsarodionova
2672,askold_60@example.org,polina_1978
2673,dponomarev@example.net,nazarovanani
2674,svetlana_2006@example.net,ekaterinafokina
2675,raisa23@example.net,ushubin
2676,rtitov@example.com,jagafonov
2677,galkinvladlen@example.org,anzhelikateterina
2678,charitonova@example.net,isa2007
2679,praskovja1988@example.org,taisija_1990
2680,miroslav2003@example.org,matve_2004
2681,feofan1997@example.com,zinovevaelena
2682,innokenti2016@example.org,shchukinafekla
2683,makarovkirill@example.org,vbaranov
2684,praskovja45@example.net,beljaevaanzhelika
2685,vlasbragin@example.net,feoktistfokin
2686,angelina_68@example.org,radim_96
2687,serafimshchukin@example.org,fedosi07
2688,emeljan_42@example.com,vikentipahomov
2689,vorobevbazhen@example.com,borislavbragin
2690,xgalkin@example.org,angelinadavidova
2691,wkovaleva@example.org,demid_2017
2692,gavrilovsavvati@example.net,xsafonov
2693,mironovaljudmila@example.net,bsharova
2694,borislavkonstantinov@example.com,lukija_1975
2695,firsovchinnikov@example.net,vasilisa_1976
2696,sigizmund_47@example.net,zosimagromov
2697,osip_83@example.net,fevronijazikova
2698,epifankalashnikov@example.com,adrian_06
2699,jsafonova@example.com,simondavidov
2700,ekaterinamoiseeva@example.com,kapustinsamuil
2701,savelevaevdokija@example.org,burovaevfrosinija
2702,haritonovizjaslav@example.net,kopilovvadim
2703,tarasovprov@example.net,bazhenilin
2704,glafirarjabova@example.org,erofe1973
2705,jnosova@example.org,ninel1998
2706,praskovjalavrenteva@example.org,timofe2012
2707,raisamedvedeva@example.org,grigori2010
2708,valentinaseliverstova@example.org,reginamartinova
2709,safonovanonna@example.org,agatavasileva
2710,uljan1978@example.com,valeri_82
2711,nvoronova@example.net,tatjana_59
2712,avgustkrilov@example.com,ermil_76
2713,dvoronov@example.com,mstislav11
2714,polikarp_2024@example.com,jnikitin
2715,isa1978@example.org,kir_2016
2716,vgureva@example.net,veronika2022
2717,kpetrov@example.net,lazar23
2718,anzhela_2015@example.org,averkiivanov
2719,fortunatlarionov@example.org,julija_79
2720,merkushevanaina@example.com,emeljan66
2721,raisaseliverstova@example.org,sisoevparfen
2722,julija1997@example.com,naum_02
2723,radislavignatov@example.com,valentinalebedeva
2724,bshubin@example.net,evstigne_2014
2725,ebirjukov@example.com,avgust_60
2726,vasilisafedoseeva@example.com,fade_1985
2727,kalashnikovanaina@example.net,subbotinfilaret
2728,tamara_2002@example.org,elenauvarova
2729,afanasi_07@example.org,olegvasilev
2730,gerasimovaekaterina@example.net,oksana_2004
2731,luka1999@example.net,regina_56
2732,ufadeeva@example.net,petuhovanatalja
2733,averkikovalev@example.org,samsonovavalentina
2734,nestor_2005@example.net,doroninairina
2735,artemi45@example.org,larionovanonna
2736,gushchinferapont@example.com,avksentisuhanov
2737,pahomovamargarita@example.net,gennadi2000
2738,darja2001@example.org,julija_41
2739,petrbragin@example.com,kafanaseva
2740,hristofor_2017@example.org,pantelemon_1988
2741,aevdokimov@example.com,aristarhjakovlev
2742,erast1975@example.org,kotovsvetozar
2743,prokl_15@example.net,filimon1985
2744,eliseevavarvara@example.com,avksentiteterin
2745,paramon_1979@example.com,vissarion51
2746,karl58@example.org,ninel1994
2747,emeljan_2003@example.com,januari_46
2748,taisija1980@example.net,olimpi80
2749,alekseevaemilija@example.net,kalashnikovmstislav
2750,karl_01@example.org,rozhkovsamson
2751,akulinakolobova@example.com,taisijaeliseeva
2752,boleslav2000@example.com,zaharovaalevtina
2753,timurbeljaev@example.com,potapovaemilija
2754,mitofanisaev@example.net,agatashubina
2755,raisa_92@example.net,iraida_83
2756,djachkovaalevtina@example.net,elizavetasavina
2757,mina_2003@example.com,mstislav2014
2758,kudrjashovvsemil@example.com,ozatseva
2759,averkiaksenov@example.org,fainatimofeeva
2760,poljakovaolimpiada@example.net,ckabanova
2761,lgromov@example.com,tsvetkovsvetozar
2762,lidija2005@example.com,stepanovaanna
2763,varfolome90@example.com,kovalevamvrosi
2764,germankalashnikov@example.org,elena21
2765,narkis02@example.com,modest1974
2766,filatovaekaterina@example.com,efim_2015
2767,evse_67@example.com,gavrilovavde
2768,komissarovstanislav@example.net,venediktjudin
2769,foti2023@example.net,varfolome_1995
2770,dmitri_1989@example.net,chernovamarija
2771,lidija_2010@example.org,maja2024
2772,bobilevgostomisl@example.org,miheevaninel
2773,mili37@example.com,borislavsavelev
2774,naum1978@example.com,ippolitodintsov
2775,uljana_07@example.org,rkrasilnikov
2776,kulaginmark@example.net,david79
2777,noskovkonon@example.org,harlampibragin
2778,vrozhkova@example.com,danila_1984
2779,vikenti_1992@example.net,erofe_1984
2780,bevdokimova@example.com,zshubin
2781,majagromova@example.net,galkinamarina
2782,silvestr_95@example.org,mihalovdementi
2783,maksimiljanshilov@example.com,angelinapanova
2784,anzhelagureva@example.com,adamharitonov
2785,baranovleon@example.com,kornilovnikanor
2786,ipatnikolaev@example.net,hzueva
2787,jbobrova@example.org,elise_2002
2788,gleb67@example.com,ernest74
2789,fedosigorbachev@example.org,bazhen_1996
2790,kallistratavdeev@example.com,valentina85
2791,harlampi30@example.com,vjacheslav2022
2792,varvarabobrova@example.org,teterinalukija
2793,mihail2000@example.com,umakarova
2794,svjatoslavrozhkov@example.net,xmishina
2795,kozlovafevronija@example.net,ninelevseeva
2796,zuevavalentina@example.com,nazarovauljana
2797,apollinarimironov@example.com,ipopov
2798,ndanilov@example.com,radim_56
2799,emil_2006@example.net,olimpiadalapina
2800,juvenalikudrjavtsev@example.org,anikitaanisimov
2801,efimovjaroslav@example.net,bespalovaolimpiada
2802,borisovaaleksandra@example.net,nonna_37
2803,sokrat_14@example.net,zhukovelizar
2804,alinasharapova@example.com,bvoronova
2805,elizarpoljakov@example.net,tshubin
2806,kudrjashovgavrila@example.net,adrian2007
2807,galkininnokenti@example.org,zkrjukova
2808,ermakovsimon@example.org,rogovnazar
2809,david_2004@example.net,kotovtverdislav
2810,mihe_1988@example.com,maja2021
2811,nikita1970@example.net,maksimiljan_1979
2812,psitnikov@example.net,blohinaalina
2813,pestovvsemil@example.com,karp_1999
2814,jromanov@example.com,petr52
2815,fkopilov@example.org,romanovhariton
2816,grigori_98@example.net,melnikovanina
2817,apollon_57@example.net,mefodi16
2818,xbeljakova@example.net,anike_06
2819,akim_82@example.org,savelevaakulina
2820,kirillovavalentina@example.com,terenti_76
2821,vjacheslav2006@example.org,marina_2019
2822,allablohina@example.org,svjatopolk36
2823,militsanesterova@example.org,kallistrat_59
2824,avde_02@example.com,kallistrat32
2825,tzhdanova@example.org,gerasimovaangelina
2826,kirill09@example.org,ipati1996
2827,konovalovafevronija@example.com,galaktion49
2828,dmaksimov@example.org,afanasevadarja
2829,zosima48@example.org,upetuhova
2830,boleslav_1970@example.com,denisovsolomon
2831,stojan_1981@example.net,filipp39
2832,pelageja91@example.net,savvati_1984
2833,stanimir_2004@example.com,haritonovaelizaveta
2834,tarasovsigizmund@example.net,isakovaljubov
2835,petrbolshakov@example.net,lazarmuravev
2836,silvestr_58@example.net,anani2020
2837,savelevalidija@example.net,julijavishnjakova
2838,vatslav26@example.com,vladilen07
2839,pahomovaemilija@example.org,zkomissarova
2840,gurikonovalov@example.net,karp2004
2841,ijaknjazeva@example.com,trofimovaskold
2842,orehovmihe@example.com,tsidorova
2843,viktorijakrasilnikova@example.net,lobanovakira
2844,taisija_1973@example.net,efrem94
2845,avde_1983@example.net,konon1995
2846,prokl22@example.com,evgenija_39
2847,shchukinaakulina@example.org,jkrilova
2848,poljakovaljubov@example.com,vseslavevdokimov
2849,evstigne_97@example.com,mili2003
2850,elizavetazhuravleva@example.com,alinavoronova
2851,merkushevaanzhelika@example.net,ratmir85
2852,vadim_45@example.net,avksenti_67
2853,velimirsazonov@example.com,hgolubeva
2854,kasjan_01@example.com,mina_2001
2855,hsoboleva@example.org,svjatopolk90
2856,savva_1994@example.com,morozovolimpi
2857,petrsubbotin@example.org,lidija_1976
2858,rodionovlukjan@example.net,ustin41
2859,pankrativinogradov@example.com,boris1994
2860,karpovustin@example.com,qlazarev
2861,kopilovamarfa@example.net,svetlanagromova
2862,bolshakovostap@example.net,dementisamolov
2863,anatoli50@example.net,ermola52
2864,denis_78@example.com,artemisorokin
2865,ustinovprohor@example.com,egorovvadim
2866,silinadrian@example.org,mark_01
2867,azari_52@example.org,kudrjashovaanastasija
2868,nonnasuvorova@example.net,varlaam_2000
2869,alukina@example.net,elise25
2870,vitali_1977@example.com,elena_43
2871,lidija_30@example.org,evlampi1985
2872,ribakovalarisa@example.net,fedorbogdanov
2873,ivanna_59@example.org,bronislavgromov
2874,porfiri_2020@example.com,galkinafekla
2875,maslovaalla@example.org,januari1977
2876,anzhela2023@example.net,ereme1992
2877,boris2000@example.com,uvarovboris
2878,olga2019@example.org,avgust1985
2879,nadezhda1983@example.net,vsavin
2880,dementinovikov@example.org,emil2019
2881,hmerkushev@example.org,osip1976
2882,gremislav90@example.org,elizar86
2883,filipp_27@example.com,vissarion_2002
2884,lazarevaskold@example.com,guri38
2885,nazar1976@example.org,aleksandrabikova
2886,izjaslav2009@example.org,ija_76
2887,petuhovmilan@example.com,ermola2005
2888,ipat1980@example.com,vorontsovnarkis
2889,angelina35@example.net,konstantinovvarlaam
2890,sharapovljubim@example.com,borisovasofija
2891,gorshkovgrigori@example.com,fedotkapustin
2892,orest_72@example.net,polikarp_79
2893,agap2016@example.com,hohlovamilitsa
2894,fedot_1990@example.com,jakov_27
2895,vershova@example.net,emilijatimofeeva
2896,german_2020@example.net,braginnikita
2897,marinatitova@example.com,aleksandrshcherbakov
2898,julianrusakov@example.com,paveldjachkov
2899,pavlovaelena@example.com,haritonovajulija
2900,plukin@example.net,pimen_1981
2901,bolshakovjakub@example.com,miroslavzatsev
2902,imuhina@example.org,viktorijasafonova
2903,alevtina2021@example.net,fkovaleva
2904,majasuvorova@example.org,reginakonovalova
2905,jsazonov@example.com,ignatipoljakov
2906,evdokim1974@example.org,gennadi19
2907,kirkrjukov@example.com,dorofeevustin
2908,iljabespalov@example.org,kornil_38
2909,lihachevagalina@example.org,afanasi_14
2910,jaroslav90@example.org,uljan_28
2911,simon2020@example.net,vlas33
2912,pankrati_1986@example.com,klavdijamelnikova
2913,dmitri_68@example.net,merkushevmihe
2914,vladilenzikov@example.net,martin_56
2915,jteterina@example.net,iraidabespalova
2916,mamontovjakov@example.org,valerijabelozerova
2917,qtretjakov@example.org,maksim58
2918,vlasovanonna@example.com,nikifor_1994
2919,polikarp_92@example.net,fedor76
2920,muhinjuvenali@example.org,kazimirkulakov
2921,ernst_46@example.org,elizarzinovev
2922,varvara_1995@example.com,darja39
2923,gurizhukov@example.com,natan_2023
2924,lora_2014@example.net,pkudrjavtsev
2925,knjazevjaropolk@example.net,zhannasazonova
2926,ebobilev@example.net,karpoveduard
2927,iosif_1974@example.net,juvenali_40
2928,jan2004@example.org,ninelbragina
2929,bolshakovatamara@example.net,moise_39
2930,maksimiljan12@example.net,ivan06
2931,vladilen_2007@example.net,shchukinatatjana
2932,iraidanekrasova@example.org,zhukovandre
2933,vsevolod37@example.net,filaret1981
2934,stojan_1988@example.net,anastasija06
2935,evfrosinijakalinina@example.net,olgadavidova
2936,voronovvarfolome@example.com,zhanna_2009
2937,olimpi_1985@example.com,anzhelikailina
2938,zmarkov@example.com,kondratlebedev
2939,nknjazeva@example.com,feklapestova
2940,gusevavalentina@example.com,foma27
2941,vsevolod35@example.net,samuilgavrilov
2942,nshestakov@example.org,fgrigorev
2943,venedikt50@example.org,angelinazimina
2944,akulinaantonova@example.net,trofim29
2945,kotovanadezhda@example.org,anikeprohorov
2946,moise2004@example.net,denis1996
2947,varvaragrishina@example.com,ckosheleva
2948,lzimina@example.net,ltrofimova
2949,belozerovprohor@example.com,bfadeev
2950,popovatamara@example.com,julijasharova
2951,antipprohorov@example.com,eduard50
2952,ostromir1974@example.net,ereme_98
2953,januari1977@example.net,valentin_83
2954,boris_1989@example.com,sidorovazinaida
2955,ippolit2009@example.com,sofronkabanov
2956,nonnaaleksandrova@example.net,silanti_2020
2957,azari_72@example.org,shubinostap
2958,tretjakovajulija@example.org,bzuev
2959,egor2024@example.net,konovalovamarina
2960,uljana_31@example.net,emeljan_65
2961,naum2016@example.org,akalashnikov
2962,ostromir2001@example.com,fturova
2963,nikolaloginov@example.net,florentin09
2964,militsashestakova@example.net,askoldponomarev
2965,ladimir_88@example.org,gmoiseev
2966,filaret32@example.net,sidor_1982
2967,abramovaagafja@example.org,jpanova
2968,karlevdokimov@example.com,nbolshakov
2969,ponomarevbojan@example.com,artem03
2970,igor98@example.net,tvorimir2021
2971,valentinuvarov@example.org,pankrat1982
2972,valerjan2001@example.com,tkomissarova
2973,pankrati08@example.org,zosima_80
2974,irinaburova@example.com,krasilnikovmark
2975,parfen1992@example.org,semenovafevronija
2976,stepanovamarina@example.net,kliment_90
2977,rmolchanov@example.org,grishinbazhen
2978,avtonomkozlov@example.com,glafira72
2979,tverdislav05@example.net,polinashchukina
2980,gavrilovanonna@example.net,eafanasev
2981,oleg2003@example.net,fomichevamargarita
2982,xknjazev@example.net,ereme_1975
2983,ksenija_25@example.net,solomonkostin
2984,kazakovonufri@example.org,fchernov
2985,knjazevafaina@example.net,feliks_09
2986,alevtina_91@example.net,nazar2011
2987,sevastjan2021@example.com,konstantin_51
2988,jbolshakov@example.net,olga_2001
2989,adamrjabov@example.org,nikitaanisimov
2990,zahar_1984@example.org,evseevafaina
2991,mshilov@example.net,raisasokolova
2992,boleslav61@example.org,popovladimir
2993,gostomislnaumov@example.net,dkomarov
2994,kuprijan_1986@example.com,miron_2021
2995,galaktion_1976@example.net,lavrenti_93
2996,nestor2018@example.com,anisimshchukin
2997,ermakovaekaterina@example.net,varvarakotova
2998,dmitrizatsev@example.net,eleonora_69
2999,vasilisa2010@example.com,arkadi52
3000,aleksandr_16@example.com,mark_45
3001,evdokimovfilaret@example.com,budimirsmirnov
3002,adrian57@example.org,angelinakondrateva
3003,panfilovaelena@example.com,arefi1973
3004,komissarovtverdislav@example.org,afinogenponomarev
3005,stojan_56@example.net,artemevapollinari
3006,alevtina1977@example.org,fedorovaninel
3007,kotovaninel@example.com,polikarpbespalov
3008,fekla_16@example.net,emilija15
3009,dsimonova@example.net,izot2015
3010,martinovaija@example.org,ljudmila_2019
3011,fade84@example.net,boleslav1989
3012,usharova@example.net,marijapestova
3013,larisa72@example.net,anani1976
3014,miroslav_03@example.org,evgenijadementeva
3015,fokinaoksana@example.com,jsmirnova
3016,yorehova@example.com,natalja1978
3017,sigizmund2011@example.net,varlaam2022
3018,trofimovemmanuil@example.org,svjatopolk_48
3019,boleslavkozlov@example.com,antoninalapina
3020,verasilina@example.net,budimir1985
3021,dobroslav85@example.net,filimon04
3022,eliseevaevdokija@example.net,elena_1972
3023,kazakovajulija@example.com,burovgalaktion
3024,anastasija_1973@example.org,venediktdanilov
3025,zinaida_1970@example.org,lavrentevvisheslav
3026,imaksimov@example.org,regina40
3027,efrem_52@example.org,sinklitikijaustinova
3028,sobolevemmanuil@example.net,maksimkalinin
3029,bazhen89@example.com,irina2002
3030,mihail2005@example.org,venediktmaslov
3031,juri1998@example.org,mlarionova
3032,dobromisl_55@example.com,adam_2011
3033,adamkudrjavtsev@example.net,denisseliverstov
3034,mechislavpahomov@example.net,sisoevanaina
3035,fainagalkina@example.com,evstigne_20
3036,mishinaglafira@example.org,olazarev
3037,leonti2023@example.org,evgeni2007
3038,timur2004@example.net,kirill_1985
3039,valerijabobrova@example.com,vlas_90
3040,lavrentikorolev@example.net,komarovasofija
3041,radovan2016@example.org,kudrjashovharlampi
3042,kim1976@example.net,ninalukina
3043,bespalovanaina@example.org,svetozar43
3044,avtonommjasnikov@example.com,lukinalukija
3045,prohor_1994@example.com,kotovmihail
3046,evdokimovapelageja@example.com,evpraksijaafanaseva
3047,vseslav03@example.net,ivannakonstantinova
3048,elizar_1994@example.org,silinaeleonora
3049,evgeni86@example.org,orlovsolomon
3050,evpraksija2002@example.com,efremovaviktorija
3051,moke_99@example.com,bazhen_1983
3052,veronika28@example.com,gavrila83
3053,konstantin59@example.com,ovchinnikovfilimon
3054,lavr_47@example.org,veronikapetuhova
3055,anovikov@example.org,ytretjakov
3056,luchezar_1986@example.net,marina65
3057,ilarion2011@example.com,ferapont63
3058,umjasnikova@example.com,valentinakostina
3059,prohorovanatoli@example.com,strelkovmartjan
3060,karlsidorov@example.net,mribakov
3061,artem_53@example.org,svjatopolknikonov
3062,samolovsigizmund@example.net,iraida2005
3063,kovalevaaleksandra@example.org,vladimirovpolikarp
3064,denis48@example.org,bronislavsergeev
3065,feoktist1995@example.org,epifannikiforov
3066,ivanseliverstov@example.com,sevastjanbobrov
3067,nikandr80@example.org,nestor_22
3068,bespalovasofija@example.com,klavdija_1982
3069,hristofor_1970@example.com,agap_2013
3070,artemi_14@example.net,kononovadarja
3071,safonovavasilisa@example.net,marijabragina
3072,bosipov@example.org,aleksandrovtit
3073,anastasija_1972@example.net,olimpi78
3074,bojan_1980@example.net,igrigoreva
3075,aleksandravladimirova@example.org,zaharovavarvara
3076,kallistrat_23@example.org,zhannasharova
3077,starasov@example.net,nina_1975
3078,kulikovpolikarp@example.net,polikarp2012
3079,evgenijasidorova@example.org,pankrat58
3080,lebedevaglafira@example.org,fade_20
3081,kasjan2018@example.com,evgeni_1970
3082,nikita1971@example.org,agata_2015
3083,selivan41@example.net,ljubimfilatov
3084,zinovevvladislav@example.net,avdeevermola
3085,gennadi11@example.com,fade_1981
3086,nikodim2005@example.org,pankrat_2019
3087,fedotovafekla@example.com,solovevaolimpiada
3088,aristarhsuhanov@example.org,apollonburov
3089,sisoevazhanna@example.com,dementevamvrosi
3090,silvestr2019@example.org,mjasnikovkliment
3091,ljubov93@example.org,kirgalkin
3092,aristarh_47@example.org,arhip36
3093,julian_1975@example.com,valerjansuhanov
3094,georgi44@example.net,sinklitikija2024
3095,ljudmila1981@example.net,titovanadezhda
3096,andron1975@example.org,avde06
3097,belovfirs@example.net,makar2005
3098,kapiton2000@example.net,lzikova
3099,budimir_1982@example.com,afanasi_1978
3100,serge_1993@example.org,zinaidakonstantinova
3101,nikodim_79@example.com,julian84
3102,jpanov@example.com,artemi1973
3103,ninelsubbotina@example.com,visheslav_50
3104,marijasokolova@example.org,medvedevaija
3105,kuznetsovavasilisa@example.org,demjan57
3106,zhuravlevdavid@example.com,savva2003
3107,fedor85@example.com,juli_96
3108,uvarovvalerjan@example.org,shestakovdavid
3109,kirkolesnikov@example.net,iraida_1998
3110,semenovagalina@example.com,boleslav01
3111,prov_01@example.org,ostromir85
3112,vlasovaanzhela@example.net,vinogradovanina
3113,firs2014@example.org,agatarjabova
3114,mbogdanova@example.net,bojan1987
3115,vladimir_43@example.com,gdorofeev
3116,ikolesnikova@example.com,fevronija27
3117,denis_16@example.net,shestakovaregina
3118,nikola2005@example.net,gavrilovfade
3119,tretjakovamarfa@example.com,doroninakira
3120,matve_69@example.org,venedikt42
3121,sila_75@example.com,fade2004
3122,tkulagina@example.net,fainazinoveva
3123,galaktion_98@example.com,chernovarseni
3124,provterentev@example.net,polina_85
3125,moiseevpotap@example.com,vissarion78
3126,filatovoleg@example.org,feoktist_33
3127,platon1985@example.net,nfedotova
3128,antonina1983@example.com,sidor1981
3129,trofimovvisheslav@example.org,artemi2018
3130,vissarion_2016@example.com,sinklitikija_19
3131,wmiheeva@example.org,ignatovandron
3132,adrianzuev@example.com,rodion_1994
3133,potap_99@example.com,ernest09
3134,klavdi_1980@example.net,mefodiegorov
3135,antipbelousov@example.com,maslovaleksandr
3136,hristoformartinov@example.com,evgenikirillov
3137,marinavinogradova@example.org,fominaevgenija
3138,igor73@example.net,antip_65
3139,drozdovjuvenali@example.com,glafirasisoeva
3140,zahar20@example.com,silanti79
3141,emilija95@example.org,dementi_2011
3142,isidor28@example.com,zikovaolga
3143,elizaveta_1988@example.net,ermil1975
3144,kuzma_72@example.com,nainasafonova
3145,savvatiivanov@example.com,bnosov
3146,bojan_1994@example.com,leontipotapov
3147,roman_2008@example.net,ratmirseliverstov
3148,nikon1982@example.net,taras_48
3149,aksenovserge@example.net,kira_1976
3150,efrem_1982@example.org,volkovgavrila
3151,marija_44@example.com,borislav1984
3152,bkapustin@example.org,ijakuznetsova
3153,tatjana_1996@example.com,galaktion_2025
3154,valerija1986@example.org,irakligerasimov
3155,mstislav_10@example.com,militsa24
3156,gorbachevanatalja@example.com,feoktist2007
3157,pestovsidor@example.com,adrozdova
3158,kulaginaalina@example.org,nlebedeva
3159,czueva@example.org,silvestr_90
3160,eliseivanov@example.com,htretjakova
3161,orlovharlampi@example.com,evfrosinijafomina
3162,tvorimirdjachkov@example.org,nekrasovaevdokija
3163,amvrosi2014@example.com,efim_2006
3164,miron23@example.org,fadeevradim
3165,ksenijanazarova@example.net,agafon2004
3166,dmitri1995@example.com,eduard_1977
3167,rodionbelov@example.com,platon1985
3168,militsakornilova@example.org,pahomovakira
3169,varfolome_1977@example.com,evgraf_2025
3170,stojan_2014@example.net,konon_1994
3171,yzatsev@example.net,avtonom_99
3172,uvarovguri@example.com,anikitakozlov
3173,tretjakovmihail@example.org,avgust_28
3174,olimpi_16@example.com,noskovnestor
3175,izjaslavosipov@example.com,mefodi_70
3176,marinaselezneva@example.com,tatjanakudrjashova
3177,ponomarevfoti@example.net,german2002
3178,turovgavrila@example.com,verasavina
3179,spiridon2019@example.org,iosif_1983
3180,burovvikenti@example.org,guljaevaljudmila
3181,bazhen1972@example.com,zhannakozlova
3182,elizavetamakarova@example.org,alla_2020
3183,epifanvinogradov@example.org,spartakgrigorev
3184,silinterenti@example.net,dobromisl_2009
3185,fedot_36@example.com,ijafrolova
3186,stanislav1979@example.org,karl_86
3187,olimpiadaveselova@example.org,pgusev
3188,milovan_2002@example.org,radislav1997
3189,agafjagromova@example.com,raisagrishina
3190,ljubovmorozova@example.com,ratmirmartinov
3191,danilovamaja@example.org,evstafi2003
3192,stanimir_1985@example.com,firs_2008
3193,gedeon43@example.org,varfolomesemenov
3194,semenefremov@example.com,alekse_2011
3195,fedot54@example.org,fademedvedev
3196,uvarovaelena@example.com,titpoljakov
3197,andron1976@example.org,agatavolkova
3198,kirill29@example.com,zosima77
3199,nainadanilova@example.com,muhingedeon
3200,ereme_2022@example.org,lazar_1991
3201,ilarionnekrasov@example.org,zmihalova
3202,vladlen2019@example.org,german2015
3203,kuzma_86@example.org,fedor_1996
3204,silvestr_76@example.com,gushchinaviktorija
3205,adam_94@example.org,agafonovsvjatopolk
3206,lidijanikolaeva@example.net,kononovaevfrosinija
3207,bojan_1997@example.org,alinasilina
3208,kbelov@example.com,smirnovnikifor
3209,zhannagrishina@example.org,borisovkasjan
3210,timofeevdavid@example.net,bikovvitali
3211,mpavlov@example.net,nina68
3212,marina2012@example.com,ekaterinakazakova
3213,xlitkin@example.net,alla1996
3214,feklafrolova@example.com,dsokolov
3215,nosipov@example.org,alekse_54
3216,kornilovnikita@example.com,ljudmila_59
3217,iraida2023@example.net,savelevfedor
3218,svjatoslavribakov@example.net,rusakovaksenija
3219,dementi2007@example.net,elise_32
3220,olimpi2024@example.net,artemi_2022
3221,ivannakrasilnikova@example.com,vladislavrozhkov
3222,mechislav_20@example.net,averkikrilov
3223,serge_1996@example.com,judinamvrosi
3224,uljana_1997@example.net,ereme88
3225,burovapraskovja@example.com,agge_60
3226,marija_75@example.com,kirillovaleksandr
3227,bazhen_48@example.net,kornil75
3228,zhannapotapova@example.net,denis14
3229,yshirjaev@example.com,stanimir1990
3230,gpavlov@example.org,martinovandronik
3231,zikovasvetlana@example.com,tavdeev
3232,kabanovnikandr@example.net,foma32
3233,kasjan04@example.org,danilasamsonov
3234,emilija99@example.com,januaribelozerov
3235,fadeevazoja@example.com,evgeni1986
3236,alinabelova@example.org,mgordeeva
3237,oksana1986@example.net,evgraf1975
3238,ostapnoskov@example.net,varvaranikiforova
3239,konstantin43@example.net,nestor1989
3240,sofron70@example.net,reginadenisova
3241,galinashilova@example.com,ermakovapolina
3242,kulikovrodion@example.com,ostap_40
3243,irina_2024@example.com,tdenisov
3244,ustinovelizar@example.org,nikon2012
3245,evgenijagrishina@example.org,isakovstanimir
3246,igor_03@example.com,uvarovairina
3247,fedotovaoksana@example.org,leonti2004
3248,maja76@example.com,milen_1974
3249,gavrilovafaina@example.com,gorbunovaelizaveta
3250,evstigne_1995@example.org,sobolevazoja
3251,larisagavrilova@example.org,shchukinoleg
3252,vsoloveva@example.net,irakli1974
3253,lidija23@example.org,pahomovamarfa
3254,panfilsharov@example.com,timur37
3255,kliment85@example.com,epifanzuev
3256,tverdislavnovikov@example.org,mina01
3257,nikodimlukin@example.com,ferapont_61
3258,leonti_1984@example.org,ievdokimov
3259,isaevradislav@example.com,savva1994
3260,stepanovaakulina@example.net,avgust1987
3261,dmitrievapolina@example.com,rmelnikova
3262,mstislav99@example.org,korolevmilan
3263,anzhela2017@example.com,fandreev
3264,savvati75@example.net,feliks64
3265,orehovpahom@example.net,ksenija_04
3266,kazakovafaina@example.com,uljana_2014
3267,rsavin@example.org,oksanafilatova
3268,aleksandraivanova@example.net,klavdija_90
3269,svjatoslav04@example.org,fedorovatamara
3270,filatovsvjatoslav@example.com,german_1987
3271,kondrati_30@example.org,ustinmjasnikov
3272,chernovgerasim@example.com,demjan1975
3273,emmanuil82@example.com,smihalova
3274,olgaturova@example.net,anzhelaemeljanova
3275,emmanuil_2017@example.org,vasilevgrigori
3276,panovizjaslav@example.com,evstafi96
3277,spartak_86@example.org,tfomichev
3278,rjabovdmitri@example.com,afanasi_87
3279,klimentagafonov@example.org,german18
3280,solovevataisija@example.com,agataaleksandrova
3281,gzueva@example.net,tverdislav_02
3282,fevronijaburova@example.net,demjan_2012
3283,iraida_12@example.org,isidor1997
3284,foma_94@example.org,alinakornilova
3285,arkadiustinov@example.com,burovsofon
3286,sidorvladimirov@example.com,galinapestova
3287,ivan_90@example.org,efrem_2023
3288,anzhelika2007@example.org,jakubabramov
3289,ponomarevjaropolk@example.org,radovan_35
3290,markovermola@example.com,vjacheslavmoiseev
3291,yisakov@example.org,fedorovaverki
3292,azari90@example.com,maja_59
3293,denisovkonstantin@example.com,ijarjabova
3294,bobrovaveronika@example.net,ladimir2009
3295,fortunat65@example.net,evlampi14
3296,luka_09@example.org,lora45
3297,olgashubina@example.com,zhannashestakova
3298,cmuravev@example.net,larisa2017
3299,vishnjakovaninel@example.org,hristoforgusev
3300,veniamin_07@example.com,zinaidabespalova
3301,fomichevelizar@example.org,miroslavdjachkov
3302,egor77@example.com,arhip_1978
3303,fominaanna@example.org,kim_2010
3304,igor07@example.com,ckonovalov
3305,kudrjavtsevanadezhda@example.com,polinazhukova
3306,miron_2003@example.org,zosimaharitonov
3307,anikita1999@example.com,ratmir2004
3308,antip_1999@example.net,evdokija_1997
3309,gavrila_74@example.org,glafira_93
3310,evdokimovafaina@example.com,vfilippov
3311,tarasovsamson@example.net,bikovagalina
3312,taisijarusakova@example.com,rusakovbronislav
3313,angelina77@example.org,nazar78
3314,stojan_11@example.net,dzaharova
3315,molchanovavalerija@example.com,vladilenartemev
3316,leonid_99@example.net,gfomicheva
3317,ostromir59@example.com,npoljakova
3318,frolovemeljan@example.net,luka_1990
3319,emeljanovvalerjan@example.net,dmitrievmitofan
3320,amospoljakov@example.com,kostinaveronika
3321,rozhkovljubosmisl@example.org,zprohorova
3322,fade_78@example.net,terenti_72
3323,smirnovamaja@example.org,vsuvorova
3324,timur81@example.net,wshcherbakov
3325,ustinbogdanov@example.org,glafiramaksimova
3326,pzatsev@example.com,shilovjanuari
3327,ponomarevasofija@example.org,oktjabrina01
3328,tihonbolshakov@example.net,gorshkovfeliks
3329,anzhela_2018@example.org,maslovakira
3330,potap1994@example.com,efimovazhanna
3331,ziminanina@example.net,olga56
3332,timofe_71@example.com,oktjabrina_2004
3333,fomichevspiridon@example.com,zmuhin
3334,oktjabrinakabanova@example.com,aggesidorov
3335,ckrasilnikova@example.org,moise_1971
3336,jakovlevapraskovja@example.org,pavel_82
3337,valentina09@example.org,alla_2000
3338,stepanovavalerija@example.net,hristoforlavrentev
3339,prohor1991@example.net,blarionova
3340,darja_54@example.com,leonsobolev
3341,vladimir_17@example.com,evdokijaloginova
3342,foka_2009@example.net,volkovamaja
3343,shchukinavera@example.com,kalashnikovjulian
3344,serafim77@example.com,voronovlavrenti
3345,mina63@example.com,pankratinovikov
3346,marfa_1980@example.net,pimen2023
3347,pelagejakoroleva@example.org,smedvedeva
3348,koshelevasinklitikija@example.com,darjaefimova
3349,lavrentiterentev@example.org,firs11
3350,kir2006@example.org,nadezhda_13
3351,agafjakonstantinova@example.com,klavdija_2000
3352,antonina08@example.net,kornilovprokl
3353,aleksandr2010@example.org,anzhelika1992
3354,tatjanafilatova@example.com,nifont1983
3355,anikita2006@example.net,lobanovisidor
3356,zaharovasinklitikija@example.net,vseslav_50
3357,akulinakrjukova@example.com,izmail09
3358,viktormelnikov@example.com,korlov
3359,popovafevronija@example.net,gavrila_72
3360,qkomissarov@example.org,epifan1984
3361,militsa12@example.org,borisovignati
3362,mvinogradov@example.com,danilovustin
3363,sitnikovaevgenija@example.org,juritarasov
3364,shubinnikifor@example.net,lukija1975
3365,alevtinaignateva@example.net,rbelozerov
3366,emil1989@example.net,roman_1987
3367,rsavin@example.net,kuprijanmartinov
3368,nikolaevaanastasija@example.com,vikenti_62
3369,ijamamontova@example.com,sofijasoboleva
3370,venedikt_1988@example.com,gordevishnjakov
3371,ljudmilaorehova@example.com,kiselevmir
3372,ljubosmisl_47@example.org,pelageja_29
3373,avgust18@example.org,jaroslav_05
3374,demidignatev@example.org,alevtina31
3375,valerijamorozova@example.org,molchanovalidija
3376,fominborislav@example.net,spartak1989
3377,mjasnikovartemi@example.com,nainagolubeva
3378,hjakushev@example.org,marianvorontsov
3379,mstislav86@example.org,bespalovegor
3380,danilamishin@example.net,mili_2022
3381,ljudmila07@example.com,varfolomebeljakov
3382,gsolovev@example.net,andronikstrelkov
3383,ribakovavalentina@example.org,ksafonov
3384,valerjanlapin@example.net,borislav2013
3385,valentinabelozerova@example.org,baranovaanzhelika
3386,nonna_37@example.org,elizar_74
3387,afanasi_08@example.net,julija2006
3388,konon_2012@example.com,averjan_23
3389,angelina2005@example.com,fainadenisova
3390,vinogradovjan@example.org,kapiton10
3391,poljakovaagata@example.net,anastasija1982
3392,viktorijashestakova@example.org,qnoskova
3393,noskovaelena@example.com,ljudmila26
3394,dmitri_1994@example.net,erast_2013
3395,milen1976@example.com,samsonovdobroslav
3396,rozhkovajulija@example.com,olimpiadarodionova
3397,fevronija_1980@example.com,aristarhkolobov
3398,boleslav_1996@example.com,kudrjavtsevajulija
3399,tsharapova@example.com,milifrolov
3400,shchukinostromir@example.com,vladilen28
3401,regina_1992@example.com,fedorabramov
3402,nikanor_08@example.net,ipati2006
3403,nonnaanisimova@example.com,evgenija_1974
3404,hovchinnikova@example.net,filimonvlasov
3405,vladimirovegor@example.net,gorbachevfade
3406,dkornilova@example.org,martjan1985
3407,arefi2008@example.com,komarovaninel
3408,sila1987@example.net,vladimirovaivanna
3409,dmaslova@example.com,apollinaribobilev
3410,maksimovaanna@example.net,ilja2003
3411,ikotov@example.net,galkinaagata
3412,komissarovalukija@example.org,loragromova
3413,lev_2016@example.net,trofim1977
3414,varlaam_1990@example.org,shubinafaina
3415,kasjan_16@example.net,ivanna_1983
3416,aristarh_05@example.org,miron_2001
3417,pelagejafedotova@example.com,emilijakostina
3418,artemi_87@example.net,agafonmerkushev
3419,evsezinovev@example.org,ekaterinabaranova
3420,gorbunovdobromisl@example.org,taisijaborisova
3421,samuillihachev@example.net,fsavin
3422,vishnjakovradislav@example.org,sofon_79
3423,suhanovborislav@example.com,kira_03
3424,zhanna_73@example.com,bobrovveniamin
3425,romanovsigizmund@example.net,firs1991
3426,adam45@example.com,varvarabelousova
3427,avksenti2023@example.net,mefodipestov
3428,panovanatalja@example.com,mark_1977
3429,echernova@example.net,zoja1998
3430,turovadam@example.org,fevronijanaumova
3431,apollon30@example.org,grozhkov
3432,margarita2021@example.com,vissarionorehov
3433,provnikonov@example.net,faina_70
3434,worehova@example.net,nadezhda_03
3435,arhip14@example.com,karp_96
3436,anike1987@example.net,sokratmamontov
3437,prov_82@example.com,vharitonova
3438,xzhdanov@example.com,izmailignatev
3439,zuvarov@example.com,beljaevaanastasija
3440,mir57@example.net,mefodi_85
3441,antonovegor@example.org,petuhovarefi
3442,ruslan45@example.net,kulakovanatalja
3443,nataljakulikova@example.org,semenovaelizaveta
3444,evlampi_64@example.com,leonid1988
3445,oktjabrina_93@example.org,avdeevmoise
3446,ljubomir2020@example.net,akulina_1988
3447,braginaanzhela@example.org,platon_2002
3448,zosimapanov@example.net,burovaalina
3449,evdokijarozhkova@example.net,svetozarsazonov
3450,ippolit1985@example.com,sharovapelageja
3451,julija_84@example.org,panfilovkornil
3452,marfazikova@example.com,panfilovdobromisl
3453,majakoroleva@example.org,fedoseevamaja
3454,aleksandraantonova@example.org,visheslav_93
3455,mjasnikovaekaterina@example.net,nina2025
3456,andre_2013@example.net,reginasilina
3457,zaharovairaida@example.net,gtretjakov
3458,matve81@example.net,lev2015
3459,xkiseleva@example.org,ekaterina_30
3460,natan1997@example.org,sazonovvalerjan
3461,pstepanova@example.com,timofe_33
3462,kalashnikovsemen@example.com,fedor_91
3463,edenisov@example.com,djachkovaagata
3464,valentin2012@example.net,andreevaalina
3465,fevronija_2013@example.com,antonin78
3466,mihe1980@example.com,efimovermil
3467,vseslav_1994@example.net,gorshkovalukija
3468,zhukovbogdan@example.net,fainadjachkova
3469,tretjakovpavel@example.com,svetlanabobrova
3470,gedeon_1971@example.org,vmamontova
3471,kirill44@example.org,andronik_1999
3472,filipp68@example.net,igurev
3473,emil_73@example.com,ermola1987
3474,zhannalebedeva@example.net,aleksandra28
3475,npahomova@example.net,lukjan1993
3476,ksenijakotova@example.net,erast_14
3477,glafirarogova@example.org,vasili06
3478,visheslav_2016@example.org,oksana_66
3479,petr2000@example.org,ekrasilnikov
3480,markkornilov@example.org,isakovaevdokija
3481,firs1978@example.net,alina_1998
3482,venedikt43@example.net,krasilnikovaanastasija
3483,mstislav10@example.org,narkis61
3484,voronovaalevtina@example.com,praskovja2018
3485,zgrishina@example.com,shchukinladislav
3486,jbespalova@example.com,uljana1986
3487,anastasija04@example.com,vlas13
3488,akorolev@example.com,isidor24
3489,qpanfilova@example.org,melnikovsvetozar
3490,pahom2013@example.net,potap_66
3491,viktorija83@example.org,marinaermakova
3492,kandreev@example.org,samsonovaija
3493,juvenali23@example.org,georgi_1980
3494,arkadi90@example.com,semenovjuri
3495,mstislav_1981@example.net,valerija_2000
3496,fedor24@example.net,ljubov_2007
3497,elizavetarjabova@example.org,vadim1991
3498,potapefremov@example.org,muhinalidija
3499,timofedorofeev@example.com,klavdi71
3500,german68@example.net,gurevaraisa
3501,tihon1972@example.com,eteterina
3502,sfilippova@example.org,sokoloviosif
3503,selivan_64@example.org,miroslav2019
3504,medvedevgostomisl@example.net,pahom79
3505,martin_2024@example.net,sevastjan2006
3506,ugolubeva@example.com,jmolchanov
3507,faksenov@example.net,stepangorbunov
3508,adam49@example.org,julijalihacheva
3509,jpanfilova@example.org,kalashnikovaljudmila
3510,tverdislav_17@example.org,fsemenov
3511,kliment2002@example.org,haksenova
3512,ivannamiheeva@example.org,gnikiforova
3513,elizavetapahomova@example.com,bvinogradov
3514,bespalovamarina@example.com,reginafilatova
3515,nikiforovazoja@example.org,innokenti_2011
3516,valeri1974@example.net,alevtinagrigoreva
3517,arseni1993@example.org,afanasi2012
3518,miheevprohor@example.org,ustin2015
3519,narkis60@example.org,pahom2009
3520,taras1972@example.org,kostinsemen
3521,rubentsvetkov@example.org,bharitonova
3522,anani2006@example.org,pavel94
3523,andre_52@example.org,dmitrikarpov
3524,komarovasinklitikija@example.net,njudin
3525,ferapont_1999@example.org,zoja70
3526,usitnikova@example.com,zosima47
3527,vissarion_94@example.net,kirillovmiroslav
3528,veronikaustinova@example.org,andron2002
3529,nikon_1970@example.com,bojan_2008
3530,hmishin@example.com,narkis_2022
3531,nikonovvarfolome@example.com,kabanovaemilija
3532,gorshkovaalina@example.com,antoninastrelkova
3533,lmorozova@example.net,jsazonova
3534,feoktist_33@example.net,moise_2012
3535,sevastjan_62@example.com,vsevolod_10
3536,zhanna_1986@example.net,karpovharlampi
3537,avtonom_2016@example.org,prokl_32
3538,veniaminmishin@example.org,nikandr_65
3539,arkadi47@example.com,ivan_1986
3540,ustinovjuri@example.net,naumovatatjana
3541,danila1996@example.org,ivannabespalova
3542,jmihalova@example.com,lzhuravleva
3543,xrusakova@example.org,kim67
3544,turovaagata@example.org,viktorzhuravlev
3545,zaharovrjurik@example.net,mvishnjakov
3546,fortunatguljaev@example.net,olimpiisakov
3547,averjan19@example.org,dobroslavmironov
3548,bdenisov@example.net,ivanna2023
3549,feoktist_1983@example.com,svetlana90
3550,gedeon2014@example.org,prokofiustinov
3551,bogdanovalarisa@example.com,ferapontkazakov
3552,nmihalova@example.com,mefodi85
3553,olimpi_49@example.com,galkinanadezhda
3554,feliksefremov@example.net,emilija_2002
3555,arhip1980@example.org,anna_92
3556,kornilovanatalja@example.org,cheslav_2013
3557,radim_69@example.org,bojan_83
3558,bogdanovapolina@example.net,valentinalapina
3559,evpraksijaburova@example.net,pantelemonkoshelev
3560,chernovasvetlana@example.org,gleb2006
3561,mihalovigor@example.net,olga_1970
3562,tatjana_03@example.com,imamontova
3563,julian_36@example.com,rsamsonova
3564,ruben_1974@example.org,bteterina
3565,klavdijasharova@example.net,volkovaaleksandra
3566,antoninamartinova@example.com,vladlen42
3567,molchanovpotap@example.com,ljubim2015
3568,valeri1999@example.com,maksim2019
3569,vatslav_56@example.org,evfrosinija_50
3570,elizaveta1970@example.com,mechislavdoronin
3571,jakovlevavarvara@example.net,nikita_1989
3572,vladislav_25@example.com,nadezhda70
3573,lukjan96@example.com,mechislav_1983
3574,avgust2024@example.org,maksimovspiridon
3575,qevdokimov@example.org,avdeevajulija
3576,arhipovavgust@example.org,afanasi_97
3577,julija2017@example.net,miroslav_64
3578,oksanalihacheva@example.net,sokrat38
3579,vladimir12@example.com,eliselebedev
3580,mhohlov@example.net,margarita_1975
3581,skondratev@example.com,vkrilova
3582,feliks09@example.net,samuil_89
3583,valerjan1979@example.com,arseniabramov
3584,jzhdanov@example.org,viktorin2012
3585,ksenijasoboleva@example.net,kkazakov
3586,vladimirovaagafja@example.net,solomon2020
3587,ferapont70@example.org,kuznetsovpanfil
3588,efedotov@example.net,rozhkovamos
3589,antoninakiseleva@example.org,aleksandramaksimova
3590,pavlovrjurik@example.com,filipp2025
3591,lavr1993@example.org,klavdija_17
3592,danilovairina@example.com,roman11
3593,dkabanova@example.net,jaropolklarionov
3594,evgenijakonstantinova@example.net,anzhelaguljaeva
3595,ninaisakova@example.net,angelinafomicheva
3596,marfa_23@example.com,velimir43
3597,militsabobileva@example.org,poljakovnikodim
3598,ivanna_2024@example.com,ekostin
3599,seliverst_1993@example.com,lmiheev
3600,filippkapustin@example.net,tsvetkovstepan
3601,ignatovsvjatopolk@example.com,emilija37
3602,sidorovjulian@example.com,efomicheva
3603,leon1994@example.org,natalja1990
3604,taisijazhuravleva@example.org,veniaminnikiforov
3605,osipovazoja@example.net,romantretjakov
3606,suvorovaninel@example.com,spiridon_2009
3607,filaret2026@example.com,feoktist_45
3608,kornil1985@example.net,ignatovaveronika
3609,lebedevmarian@example.org,tit_1985
3610,pimen1979@example.com,anastasijaefimova
3611,mir_1984@example.com,glafira_13
3612,haritonovoleg@example.org,petuhovkarl
3613,jurisokolov@example.com,ksenija26
3614,nikandr_2003@example.com,zinaidamarkova
3615,azari_25@example.org,vtihonova
3616,elizar_73@example.net,eefimova
3617,agafonovaoksana@example.com,gorde82
3618,matve_1981@example.com,shchukinafaina
3619,januari35@example.org,zhdanovljubomir
3620,moiseevaekaterina@example.org,miroslav79
3621,gerasimlobanov@example.net,eremepavlov
3622,taisijalitkina@example.org,karlrodionov
3623,agata2022@example.org,feofanbikov
3624,elizarmamontov@example.org,evdokimovolimpi
3625,artemi1974@example.com,maslovanadezhda
3626,ignati_97@example.com,firs_99
3627,potap2007@example.org,vsevolod38
3628,vladimirovaevdokija@example.org,zatsevaakulina
3629,ekaterinadoronina@example.com,angelina47
3630,nifontmatveev@example.com,valentinakulikova
3631,kulakovruslan@example.org,veronikailina
3632,makarovilarion@example.com,alla_31
3633,bespalovajulija@example.com,aleksandrovavasilisa
3634,pankrati27@example.net,iraidadementeva
3635,agatakulakova@example.com,wvolkova
3636,nonnazikova@example.com,alina84
3637,kazimir_35@example.org,evdokimkonstantinov
3638,solomon2003@example.org,marian2023
3639,abaranov@example.net,silamakarov
3640,burovafekla@example.com,timofe_34
3641,sidor_1978@example.com,veselovapraskovja
3642,ustinovvarlaam@example.net,elizavetamjasnikova
3643,averki55@example.com,kuzminmark
3644,porfiriarhipov@example.net,nazarzinovev
3645,vladimirovasinklitikija@example.net,okalashnikov
3646,medvedevelizar@example.net,agatatrofimova
3647,lapinljubim@example.org,efremovaevfrosinija
3648,modest2010@example.org,haritonovsolomon
3649,ratiborandreev@example.net,kudrjashovanatoli
3650,lorakostina@example.org,olimpiada_49
3651,sofija_1982@example.org,kim_1999
3652,nborisov@example.org,pestovavasilisa
3653,llukin@example.org,tatjana_2009
3654,zhanna2021@example.net,anikita_87
3655,silvestr79@example.net,fedorsimonov
3656,evgenijadrozdova@example.org,vladlen_2012
3657,prokofi_91@example.com,artemi_23
3658,davidovalidija@example.net,veniamin2016
3659,fedorovroman@example.com,fborisova
3660,vikenti_92@example.net,ksenija_2013
3661,drozdovgavrila@example.org,alina_2016
3662,jakub65@example.net,eleonora_2021
3663,ignatevtimur@example.org,anzhelikamolchanova
3664,ygurev@example.org,glafirafomicheva
3665,belozerovtvorimir@example.net,litkinapollon
3666,pignateva@example.com,sitnikovalarisa
3667,pahom1975@example.com,ruslan_1996
3668,amarkova@example.com,demjanlobanov
3669,jakov55@example.com,fedot_29
3670,shashkovorest@example.org,prohor70
3671,trofim81@example.net,stepanborisov
3672,tatjana_1972@example.org,elenaveselova
3673,vladimir2022@example.com,kazimir1991
3674,rodion_96@example.org,polinafedoseeva
3675,foti_30@example.org,cguljaeva
3676,naum45@example.net,osipfomichev
3677,fedosi_1976@example.com,bazhen74
3678,evdokija87@example.com,ernest1998
3679,luka2020@example.com,veronika_62
3680,kolesnikovaivanna@example.org,larisa_30
3681,ruben2014@example.org,anatoli_56
3682,ostromir_2025@example.net,ikazakova
3683,rsazonov@example.com,eevdokimova
3684,velimir_18@example.org,antonovplaton
3685,alina_1988@example.net,sofonzaharov
3686,eleonorakabanova@example.com,evpraksijabaranova
3687,karpovvseslav@example.org,veselovaregina
3688,maslovsvetozar@example.org,lidija_1973
3689,filaret_19@example.com,irinakrjukova
3690,vinogradovevse@example.com,suhanovtrofim
3691,elenarusakova@example.com,epifan98
3692,svetozarkalinin@example.net,emilijazueva
3693,asazonov@example.com,zhanna_63
3694,golubevapraskovja@example.com,pankrat_1971
3695,agatajakusheva@example.net,jakub_1999
3696,vladimir_1975@example.net,akim_1993
3697,gkuznetsov@example.net,mstislav_1981
3698,olga1997@example.net,olgadenisova
3699,ulavrenteva@example.com,silinplaton
3700,hariton_2023@example.com,pantelemonkondratev
3701,aksenovaanzhela@example.org,zikovaelizaveta
3702,filimon1974@example.com,milen_49
3703,shashkovaoksana@example.com,belovkir
3704,suhanovpankrati@example.org,jaroslav_46
3705,titovanina@example.net,raisarjabova
3706,vlaskulagin@example.net,ffadeeva
3707,lev_1970@example.net,merkushevinnokenti
3708,jakushevafaina@example.com,praskovjaevseeva
3709,jakov2014@example.com,krilovaalevtina
3710,ngorbunova@example.org,filimon_29
3711,galina1975@example.com,makar2006
3712,borisgrigorev@example.com,olgavladimirova
3713,samuil_32@example.net,makarovafevronija
3714,luka2002@example.org,ladislav1999
3715,bobrovalarisa@example.net,asemenov
3716,zhannateterina@example.com,jan_1988
3717,gorbunovostap@example.com,apollinari78
3718,mechislav_65@example.net,glafirafedorova
3719,hrogov@example.org,chernovafaina
3720,gorbachevatamara@example.net,igor_2017
3721,erofe2019@example.net,psharapov
3722,timofeveselov@example.org,solomon89
3723,lukija_62@example.com,vsevolod_2013
3724,bespalovaekaterina@example.com,egor_41
3725,suhanovakim@example.net,elizavetafrolova
3726,ksenijaustinova@example.org,ilinagap
3727,pimen26@example.com,fedorpoljakov
3728,irina05@example.net,lukavorobev
3729,mina1984@example.org,silanti_87
3730,kasjananisimov@example.org,otretjakov
3731,medvedevdementi@example.org,ibikova
3732,rkazakov@example.net,anani1999
3733,galaktion49@example.org,arhipovafekla
3734,raisaevdokimova@example.org,aksenovairina
3735,samuil45@example.org,jakub2003
3736,sbeljakov@example.org,evdokija58
3737,valentinosipov@example.net,julian_52
3738,nainadementeva@example.org,filipp_37
3739,avde1971@example.net,maksimlapin
3740,veronika_60@example.net,olimpi1991
3741,avdeevizjaslav@example.org,ipat_88
3742,izmailkapustin@example.com,irina_1981
3743,shubinigor@example.org,stepanmelnikov
3744,mefoditsvetkov@example.com,narkis97
3745,ggavrilov@example.org,fedorovmodest
3746,sjakovleva@example.net,oktjabrina_13
3747,pahom1990@example.org,angelinaavdeeva
3748,odintsovaevfrosinija@example.com,lihachevanaina
3749,ipat42@example.net,romanovaekaterina
3750,zborisov@example.com,lazar1973
3751,frolovmihe@example.com,maksim_1980
3752,seliverstturov@example.net,viktorin72
3753,boleslav50@example.net,ippolit96
3754,kabanovratmir@example.com,vorobevprohor
3755,matveshilov@example.org,ija07
3756,iraidakulakova@example.net,pankratikonovalov
3757,ljubov_12@example.com,zahar_24
3758,igor_1985@example.org,dsazonov
3759,nikanornovikov@example.org,tsvetkovaevfrosinija
3760,jaroslav31@example.net,polinanosova
3761,artemi_1980@example.net,vsemiljudin
3762,oksana_2014@example.net,anike_54
3763,militsaloginova@example.net,zosima_2000
3764,jakub1975@example.org,ekaterinaanisimova
3765,venedikt1975@example.org,vasilisa42
3766,kaleksandrov@example.com,velimir_1976
3767,adam11@example.com,antonin66
3768,lukjan67@example.com,ilariongrishin
3769,fbragina@example.org,martjankarpov
3770,muravevafekla@example.org,juvenali2008
3771,konon1977@example.net,natalja_1970
3772,ippolit_2005@example.org,lihachevmilan
3773,ukomissarov@example.org,rostislav_2019
3774,pavlovspartak@example.net,sofijasoloveva
3775,xmoiseev@example.org,valerjan44
3776,kira52@example.org,mihail_1990
3777,komissarovaemilija@example.org,pimen_2022
3778,zershov@example.com,golubevazinaida
3779,arhipovisidor@example.org,mokeanisimov
3780,terenti_2015@example.net,praskovja_1989
3781,milen_25@example.com,artem_48
3782,filippovapraskovja@example.org,ekaterinamorozova
3783,sigizmund12@example.org,agge_81
3784,doroferogov@example.org,danila65
3785,mironovaanzhelika@example.org,krasilnikovmilen
3786,stanislav14@example.com,emilija61
3787,milen66@example.com,filippshilov
3788,poljakovamilitsa@example.com,rzaharova
3789,trofim_25@example.net,adrian_51
3790,solovevairaida@example.com,mihekopilov
3791,lihachevemeljan@example.com,plukin
3792,dkoroleva@example.org,savva_1978
3793,komissarovasofija@example.net,antonin_84
3794,bogdanovadarja@example.com,galkinaeleonora
3795,nshubina@example.com,konstantin83
3796,leon72@example.com,agge1993
3797,feklablinova@example.net,evgeni37
3798,suvorovavarvara@example.com,filatovaagafja
3799,dorofeevkazimir@example.net,arseni57
3800,zhukovaanzhelika@example.net,pelagejatitova
3801,ysergeev@example.org,odintsovkapiton
3802,evse2020@example.net,seliverstovavgust
3803,ipati_78@example.net,dmironov
3804,pzikov@example.com,trifon01
3805,prohorkarpov@example.com,aleksandra73
3806,valentinavorontsova@example.com,mihalovkir
3807,belozerovgostomisl@example.com,ladislavpahomov
3808,militsavishnjakova@example.org,bogdanovladimir
3809,alinaorehova@example.com,glazarev
3810,vasilisashirjaeva@example.org,juvenalikorolev
3811,galina_11@example.com,bronislav1994
3812,luchezar87@example.org,mjasnikovalora
3813,subbotinkuzma@example.com,megorov
3814,borisbeljakov@example.org,panfil_1974
3815,petuhovazhanna@example.com,makarovstojan
3816,guri_96@example.org,gavrila_1995
3817,hmelnikova@example.com,avtonom_75
3818,nifont_30@example.org,romanlitkin
3819,radimkorolev@example.org,qnesterova
3820,kozlovevse@example.org,milovanmaslov
3821,panovevdokim@example.net,afanasevaskold
3822,fortunat03@example.org,lisakov
3823,anisim_1993@example.org,safonovaveronika
3824,anike_47@example.net,fedorovandre
3825,suvorovolimpi@example.net,pankrati_61
3826,vasilisa1973@example.net,antoninafedorova
3827,naumovaviktorija@example.net,evlampivoronov
3828,kuzma_04@example.org,porfirisubbotin
3829,mina_66@example.org,hknjazev
3830,silvestrsemenov@example.net,sinklitikija_42
3831,nikon_80@example.net,ynazarov
3832,psuhanov@example.org,valerjan88
3833,karl_1980@example.com,zinovi53
3834,fade1996@example.com,julian52
3835,korolevavarvara@example.net,nikiforovgeorgi
3836,kirkornilov@example.net,allasubbotina
3837,svjatoslav2016@example.com,terentevsaveli
3838,vnikonova@example.org,doroninignati
3839,galina1972@example.com,ekaterina_47
3840,iisaeva@example.com,sidorsuhanov
3841,zkopilova@example.net,feofan_1979
3842,nainapahomova@example.net,suvorovaoktjabrina
3843,marian1975@example.net,tkalinin
3844,dobroslav_38@example.com,kalashnikovalukija
3845,dbaranova@example.net,uljana2002
3846,dorofeevvseslav@example.com,lmjasnikova
3847,ruben_00@example.org,modest42
3848,zuevignati@example.org,anna_2019
3849,evstigne_2008@example.com,uljan_36
3850,maksimmuhin@example.net,olimpiada_1979
3851,glafirazueva@example.org,danila31
3852,angelinamaksimova@example.net,strelkovaljubov
3853,lidijamaksimova@example.com,fadeevfeofan
3854,zinovi2005@example.net,taisijaribakova
3855,maja_2019@example.net,izot_2007
3856,dobromisl12@example.net,ivannamatveeva
3857,blohinagge@example.net,vsemilmoiseev
3858,evgeni67@example.org,darja67
3859,saleksandrova@example.org,epifan_2024
3860,tlukin@example.org,fokasitnikov
3861,lukjanzuev@example.com,kliment1999
3862,tmaslov@example.net,cartemev
3863,miroslav_19@example.net,averkilazarev
3864,fominaanzhela@example.net,fedot_2010
3865,eduard_1985@example.net,ghohlov
3866,pahomagafonov@example.net,emilija_1972
3867,silvestr_49@example.com,fomichevadarja
3868,mgolubev@example.org,tihon1978
3869,arefi_45@example.com,militsalukina
3870,olimpi1991@example.org,kpetrova
3871,davidovaanzhela@example.org,kopilovbronislav
3872,pelageja_77@example.org,vishnjakovaalevtina
3873,maksimiljan_91@example.com,mishinaanzhela
3874,dobroslav2001@example.com,vasili48
3875,nikanorivanov@example.com,fedoseevavasilisa
3876,jakovzatsev@example.org,praskovjamerkusheva
3877,vitali1991@example.com,varlaamavdeev
3878,evgeni_2017@example.com,guljaevaklavdija
3879,zinaidamaslova@example.org,gremislavzhukov
3880,jaroslav35@example.net,parfengushchin
3881,leon97@example.com,vseslav_23
3882,tamaravoronova@example.net,filippovandre
3883,kondrat2015@example.com,antonina15
3884,isidor_55@example.com,minatretjakov
3885,julija90@example.net,tit1995
3886,onovikov@example.com,martinoveduard
3887,osip33@example.org,gerasim2013
3888,moiseevborislav@example.com,gremislav37
3889,ereme2012@example.com,pkudrjashova
3890,kalininaija@example.org,emmanuilkalinin
3891,silvestrgorshkov@example.net,ippolit1988
3892,taisija_45@example.org,nikonkozlov
3893,ninel39@example.net,oktjabrina_30
3894,lukija_44@example.com,sofon07
3895,jan03@example.org,mihail2017
3896,ekaterinaavdeeva@example.net,panfilovaninel
3897,anzhelikavishnjakova@example.net,emilija_1987
3898,seliverstbolshakov@example.com,ipat98
3899,nikandrmamontov@example.org,svjatoslavaksenov
3900,ivannabespalova@example.com,ljudmila42
3901,sinklitikijamjasnikova@example.com,iraida_05
3902,darjasemenova@example.net,darja14
3903,voronovstojan@example.com,nikodim2019
3904,djachkovanadezhda@example.org,foti_2009
3905,arkadi_79@example.net,hohlovaalina
3906,ljudmila_2004@example.org,vladilen2015
3907,titovsvjatopolk@example.com,xturov
3908,evpraksija_10@example.org,evdokijakabanova
3909,mihail_66@example.com,irakli1981
3910,mihe2013@example.com,litkinkasjan
3911,tihon_59@example.org,uisakova
3912,vlasovaljubov@example.org,tvorimir_85
3913,izot37@example.net,tit_2010
3914,trifon_2007@example.org,oleg_92
3915,ivannafomicheva@example.net,stepan93
3916,naumovaevfrosinija@example.net,vadim_67
3917,dorofeevarseni@example.net,majagalkina
3918,german1998@example.org,evdokija94
3919,dsuvorova@example.com,vatslav1977
3920,marfa_18@example.com,klimentgorbunov
3921,osipovamarija@example.org,selivan14
3922,klavdi2012@example.org,sazonovaakulina
3923,kirillovadarja@example.net,guriarhipov
3924,olgarozhkova@example.net,maksimovatatjana
3925,csuvorova@example.org,arhipsamolov
3926,anastasijaorehova@example.net,nifont_70
3927,juli2015@example.net,jakov49
3928,stepan22@example.com,svjatoslavjakovlev
3929,jakushevroman@example.com,florentinturov
3930,epifan_2013@example.net,popovarkadi
3931,aseleznev@example.org,rostislav1978
3932,avtonom_2002@example.com,mitofan_2016
3933,ljudmila_57@example.org,hkabanov
3934,igor_2016@example.net,zhannafedotova
3935,kotovtimur@example.net,filaretgrigorev
3936,militsadmitrieva@example.com,leontipopov
3937,mihe2001@example.net,antoninazueva
3938,glazareva@example.com,turovagalina
3939,akulina2004@example.com,prohorovvadim
3940,emil1983@example.com,dmitri_03
3941,bikovavgust@example.org,sofon_06
3942,fedotovaanzhela@example.org,drozdovaalla
3943,polikarp91@example.com,foma_1974
3944,rodionnikitin@example.com,igornikolaev
3945,radovankalinin@example.org,uburov
3946,kuprijanefremov@example.org,sobolevevdokim
3947,zbespalova@example.org,ninel_11
3948,afanasevaalla@example.org,dorofeevevdokim
3949,belozerovauljana@example.org,nuvarova
3950,bolshakovadarja@example.net,shilovaanastasija
3951,demid80@example.com,anikita1973
3952,ljubosmisl57@example.com,ppetrova
3953,narkis88@example.org,terentevaanna
3954,vseslav_1981@example.org,mjasnikovbudimir
3955,gostomislorlov@example.net,luchezar2021
3956,dlebedeva@example.com,dafanasev
3957,ermola1983@example.org,martin_1972
3958,olimpi_1986@example.com,ostromir_2025
3959,gorde_21@example.org,samuilkarpov
3960,orest_2023@example.org,efim_46
3961,dovchinnikova@example.org,davidovavksenti
3962,veronikagorshkova@example.net,irakli_1979
3963,moise85@example.com,solomon_2006
3964,afanasipestov@example.org,vbeljaeva
3965,kuzminapollinari@example.com,belovharlampi
3966,dementevadarja@example.com,ljudmilalazareva
3967,anastasija76@example.org,nikita1996
3968,tsvetkovfilipp@example.net,evpraksijasergeeva
3969,fsamolov@example.org,lev_88
3970,subbotinajulija@example.net,drozdovfedot
3971,kir1977@example.com,marfa_1972
3972,sinklitikijakabanova@example.com,medvedevaveronika
3973,borisovbudimir@example.net,oksana1988
3974,pahom2025@example.org,guljaevmechislav
3975,makarovaalina@example.net,ustin2022
3976,vasili_45@example.net,vissarion2013
3977,tamarapoljakova@example.org,panfilovaanna
3978,fbobileva@example.net,wbelozerova
3979,glebfedorov@example.org,olimpiada_71
3980,dnesterova@example.org,ovchinnikovaeleonora
3981,adam1993@example.net,dementi_2010
3982,suvorovalekse@example.com,nrusakova
3983,viktorijaisaeva@example.org,nikanor_54
3984,radislav_07@example.org,emmanuilsitnikov
3985,stepan_2022@example.net,klavdijagureva
3986,spartak_1988@example.org,marinaosipova
3987,simonovandre@example.org,selivan_1988
3988,ostap_1992@example.org,safonovmoise
3989,jan80@example.com,anisim1996
3990,samuil69@example.org,leon_1986
3991,bnesterov@example.net,fevronijasokolova
3992,anike2018@example.com,jantimofeev
3993,ninelvorobeva@example.com,radovankononov
3994,gordeevvarfolome@example.net,ajudina
3995,djachkovaalina@example.org,ukazakova
3996,blinovataisija@example.net,orlovaalla
3997,evgeni_48@example.net,inaumova
3998,grigori_56@example.com,erofe15
3999,makarovalarisa@example.org,kabanovsaveli
4000,feoktist16@example.org,saveli13
4001,miheevamarfa@example.net,naina_07
4002,fedotovarhip@example.com,veramerkusheva
4003,gushchinsokrat@example.com,emmanuil_51
4004,zuevpankrat@example.org,anike57
4005,demid1970@example.org,venediktfomichev
4006,sharapovandronik@example.org,volkovantip
4007,solovevaagafja@example.com,rogovdmitri
4008,arhipovaeleonora@example.net,viktor_66
4009,ratmirbeljakov@example.com,aleksandrovanadezhda
4010,agata_30@example.net,tvorimir_2002
4011,panfil96@example.org,solovevaksenija
4012,marfarjabova@example.net,uvarovjuri
4013,romanefimov@example.org,ofokin
4014,anikitanoskov@example.com,sofon1998
4015,vatslav_40@example.com,ljubovsitnikova
4016,prov27@example.com,anike_1986
4017,rsemenov@example.org,zuevaeleonora
4018,rusakovaalina@example.org,oodintsova
4019,pavlovaviktorija@example.net,ufokina
4020,arefi_1983@example.net,evfrosinijasazonova
4021,jakov_2017@example.net,gavrila_99
4022,filaretilin@example.com,stanimir_34
4023,drozdovazoja@example.org,ksenija_95
4024,volkovakira@example.com,mir_2022
4025,ladimirfomin@example.net,viktor22
4026,kuznetsovanonna@example.org,baranovafevronija
4027,dnazarov@example.net,birjukovvarfolome
4028,ratibor_52@example.net,regina_92
4029,leon2003@example.com,mironovanaina
4030,wmolchanova@example.com,pimen1991
4031,rfedorova@example.net,luka2014
4032,konon68@example.com,veronikanekrasova
4033,ljubimjakushev@example.com,gleb_1978
4034,nekrasovvarlaam@example.net,mark1998
4035,vishnjakovapollinari@example.net,tsidorov
4036,beljaevaanastasija@example.com,zoja2008
4037,mili_23@example.org,marija_1970
4038,sofija09@example.com,sofron2015
4039,osipstrelkov@example.net,julija77
4040,jtimofeeva@example.com,anzhelakovaleva
4041,eleonoramarkova@example.com,agata2020
4042,florentin_1977@example.org,ijaegorova
4043,zhuravlevauljana@example.org,kuzma1994
4044,timofe83@example.net,pelageja_69
4045,ljubovdenisova@example.net,kaksenov
4046,uljana10@example.net,krilovaagafja
4047,alina_16@example.net,znikonov
4048,rostislav54@example.org,ladimir_2005
4049,agafonovmaksim@example.org,agafjamelnikova
4050,sila_1992@example.org,fominamaja
4051,markovatamara@example.com,dzinovev
4052,bogdankorolev@example.org,gedeon_69
4053,kapiton1991@example.net,morozovafevronija
4054,georgi_26@example.org,hdmitrieva
4055,gusevleonti@example.org,subbotinnikandr
4056,vladimir1976@example.com,shchukinaangelina
4057,andron01@example.org,uljan_06
4058,kuzminmiron@example.net,anastasija1974
4059,evgraf_08@example.org,shubinporfiri
4060,boris2014@example.net,vladilen2002
4061,feliseeva@example.net,zojaegorova
4062,majasharapova@example.net,belozerovfilaret
4063,ljubov_2018@example.org,avde90
4064,valentinaartemeva@example.org,julijamarkova
4065,annapestova@example.com,emmanuil86
4066,averkiegorov@example.org,ostromirfedorov
4067,serafim_1990@example.org,gorshkovaljubov
4068,nikola03@example.com,lazarkrjukov
4069,maksimiljan1984@example.org,novikovalarisa
4070,semenovavalerija@example.net,qsidorov
4071,feklamolchanova@example.org,majaavdeeva
4072,filimonrjabov@example.org,ykrjukova
4073,gleb_1996@example.com,guljaevanaina
4074,anisimovgostomisl@example.com,vadimtitov
4075,grishinnaum@example.org,gorbachevasinklitikija
4076,tihon_2025@example.com,ljubomir_1996
4077,lavrenti_2017@example.net,vmerkushev
4078,akim1973@example.com,judinaoksana
4079,parfen_1998@example.com,hturov
4080,lavr_18@example.com,volkovpahom
4081,zinovevaglafira@example.net,paramonfomichev
4082,mark_2024@example.net,ratibor44
4083,potap_1990@example.net,xkononova
4084,evse1979@example.com,beljakovernest
4085,zfilippova@example.net,potapdenisov
4086,ninafedoseeva@example.com,olgagushchina
4087,taisija2003@example.org,emmanuil_1976
4088,galina1999@example.com,rodion_85
4089,izjaslav07@example.net,marfaguljaeva
4090,lavrhohlov@example.net,maksimovlev
4091,aristarh38@example.org,stojan_1993
4092,solovevdemid@example.com,juli_16
4093,zhannabogdanova@example.com,koshelevprov
4094,german43@example.org,bkopilova
4095,sazonovkasjan@example.com,emmanuil50
4096,belovvladimir@example.org,galkinspartak
4097,veniamin_1973@example.com,afanasi97
4098,lukjandenisov@example.com,nikifor_2008
4099,andrekopilov@example.org,nzueva
4100,arefi_72@example.com,allafadeeva
4101,visheslav1996@example.net,averki_1979
4102,alevtina1999@example.net,feoktist_1988
4103,kondrati_04@example.com,serge_54
4104,panfilorlov@example.org,petr69
4105,gremislavpestov@example.net,januari21
4106,turovaraisa@example.org,kuznetsovaevpraksija
4107,arhipefremov@example.org,anikita1994
4108,agordeeva@example.org,mironmoiseev
4109,maksimiljan2020@example.net,proklantonov
4110,gleb_1993@example.org,valerijafomina
4111,jpahomova@example.org,vladlen1971
4112,kolesnikovaevdokija@example.com,narkis_2007
4113,reginasharapova@example.com,evfrosinija2023
4114,simon2011@example.net,ffedotov
4115,jakushevaekaterina@example.org,klavdi_97
4116,alekseharitonov@example.org,anastasijamorozova
4117,selivan_34@example.net,ljubosmisl2024
4118,seliverstovaevdokija@example.com,smakarova
4119,svetozarkalashnikov@example.net,agata_2013
4120,vasilevapolina@example.org,grigorevaanastasija
4121,golubevaemilija@example.org,ckoroleva
4122,valentina_2012@example.com,haritonovanaina
4123,loginovbojan@example.com,aleksandravolkova
4124,zosimatarasov@example.com,panfil98
4125,sidor16@example.com,korolevsemen
4126,izjaslav_23@example.com,vlasovaemilija
4127,weliseev@example.org,fgorbachev
4128,akulinabelozerova@example.com,nikifor2009
4129,feklaorehova@example.org,bazhen_89
4130,alinazhdanova@example.net,stepan64
4131,bronislav_2009@example.com,davidovcheslav
4132,feoktist37@example.org,raisakabanova
4133,nonnazimina@example.org,epifan_2012
4134,arkadi_43@example.net,gavrila1976
4135,budimirlihachev@example.net,ljubomir_2020
4136,tamara_54@example.org,jaropolk_1982
4137,jan_23@example.net,kallistrat_08
4138,kudrjavtsevsvetozar@example.com,stojan1983
4139,irinamakarova@example.org,gavrila10
4140,stanislavbirjukov@example.net,evdokija_2026
4141,zinovevasvetlana@example.com,evstafi1994
4142,ernestkalinin@example.org,feoktistmaslov
4143,ilja2000@example.com,ipati_1970
4144,ztrofimov@example.com,skulikova
4145,ernestkonovalov@example.com,matveevnikifor
4146,abramovnazar@example.net,ninelmihalova
4147,porehova@example.com,ignatevpolikarp
4148,sitnikovanatalja@example.com,hristofor06
4149,nikon_2005@example.org,ltsvetkov
4150,gurifilippov@example.net,anna_1989
4151,nselezneva@example.net,grigorevakim
4152,gerasimovhristofor@example.com,lukinaangelina
4153,parfen35@example.com,gnekrasov
4154,kondratzaharov@example.org,andreevvladilen
4155,evse2019@example.org,parfengrishin
4156,adam_69@example.net,lidijakolesnikova
4157,konstantinovignati@example.com,izot_73
4158,sorokinpankrat@example.net,evstafi_60
4159,annagordeeva@example.org,lchernov
4160,grishindanila@example.net,abramovklavdi
4161,vinogradovflorentin@example.com,polikarp_40
4162,chernovadarja@example.com,agatabragina
4163,evgeni_2010@example.net,ljudmilashcherbakova
4164,nikon2001@example.org,ljubosmisl1988
4165,taras2004@example.net,ljubim65
4166,orest_69@example.com,taras_84
4167,antonina87@example.org,pvlasova
4168,naumovfoma@example.org,bkosheleva
4169,evlampi23@example.com,vladlengorbachev
4170,gromovseliverst@example.org,ntitova
4171,emelnikov@example.com,raisa_54
4172,ippolit_1992@example.org,maslovmstislav
4173,tbelousova@example.net,fortunat26
4174,isidor_69@example.org,kuprijan_10
4175,polina1985@example.net,hlitkina
4176,oermakova@example.org,aleksandrovanaina
4177,mstislav_04@example.org,izjaslavkondratev
4178,ljubomir2012@example.com,eduardartemev
4179,apollinari_32@example.net,vseslav_34
4180,nonnapavlova@example.org,potap1985
4181,gennadi_87@example.com,martinovanaina
4182,naum_1977@example.org,moiseevevdokim
4183,olimpidorofeev@example.com,litkinsvjatopolk
4184,longinsokolov@example.org,vlasovavasilisa
4185,mstislav1992@example.org,glafira47
4186,varlaam_28@example.org,vorobevsimon
4187,sofija_2021@example.com,glafiradenisova
4188,mkovaleva@example.com,evfrosinijalavrenteva
4189,agafjakovaleva@example.org,kim1987
4190,evstafi1987@example.org,vishnjakovaregina
4191,mironovaoktjabrina@example.net,budimir_77
4192,zinaida59@example.com,ytitova
4193,ukostina@example.org,kabanovaevdokija
4194,nikola_2024@example.net,proklkulagin
4195,lpanfilov@example.org,bespalovtvorimir
4196,blinovafekla@example.org,sidor87
4197,jbelousov@example.org,dmitri2021
4198,korolevharlampi@example.net,larisa_46
4199,guri52@example.com,ljubosmislkonovalov
4200,feoktist_1980@example.com,dobroslav_38
4201,gorde_81@example.net,klavdija_1994
4202,artemevapraskovja@example.net,bogdan61
4203,avksentiafanasev@example.net,vsevolod_1972
4204,innokenti2004@example.org,vzimina
4205,nikon2016@example.net,szimin
4206,odenisov@example.com,agafjasemenova
4207,agap68@example.com,drozdovaija
4208,rodionovamaja@example.net,sevastjanborisov
4209,jakushevisidor@example.net,lora_64
4210,isaevnatan@example.net,erast_1973
4211,evgeni13@example.net,porfiriovchinnikov
4212,mihail2015@example.net,dementi_74
4213,savvati57@example.org,aksenovanikita
4214,emmanuil63@example.net,anisimribakov
4215,dmitrievvasili@example.net,kostinajulija
4216,aleksandr1999@example.org,polina_95
4217,emmanuilzinovev@example.net,sevastjan_2008
4218,evpraksijaeliseeva@example.net,militsanikiforova
4219,efimovazhanna@example.org,gusevostap
4220,oksana2023@example.com,lukijasmirnova
4221,sharovaanzhelika@example.net,vkovaleva
4222,frol01@example.net,shestakovatatjana
4223,ksenijaknjazeva@example.org,irinaefimova
4224,fedotlazarev@example.net,inosov
4225,jnazarov@example.com,efrem_2001
4226,golubevirakli@example.net,averjan2013
4227,miheevtimur@example.com,ippolitfedorov
4228,gostomisl_86@example.org,andre_88
4229,taisija38@example.net,lora60
4230,militsasuvorova@example.com,praskovjaabramova
4231,belovamarija@example.com,kirill_1971
4232,mironovnikifor@example.net,lora23
4233,alevtina_20@example.org,blohinaolga
4234,samolovarhip@example.net,seliverstovaaleksandra
4235,ikarpov@example.net,rodion77
4236,sofijaromanova@example.net,lidijakovaleva
4237,larisa37@example.org,nonna73
4238,allazikova@example.org,amos_1990
4239,antonina28@example.org,galina_97
4240,kabanovprov@example.com,lazarevajulija
4241,jvorontsova@example.org,eduardseleznev
4242,akulinamakarova@example.org,vjacheslavgushchin
4243,bojan_53@example.org,emmanuil_2015
4244,ninel_67@example.com,nestor_93
4245,petr_76@example.net,gostomisl2018
4246,pavlovepifan@example.net,juliantarasov
4247,innokenti_1997@example.net,juvenali_32
4248,silvestr_2005@example.net,sigizmund_2007
4249,bogdan_1983@example.org,wtimofeev
4250,fominrodion@example.net,avtonom_1982
4251,skonovalova@example.com,ngorbacheva
4252,korolevfedosi@example.com,lapinmilovan
4253,semendrozdov@example.org,evinogradov
4254,poljakovanikita@example.net,petuhovaristarh
4255,jaropolk1977@example.com,juli_86
4256,verafomicheva@example.com,mariankovalev
4257,kiselevaninel@example.org,evpraksija_1997
4258,bojan_80@example.org,eliseevluchezar
4259,tmartinova@example.org,gerasimovisidor
4260,ermilevseev@example.com,avksenti1982
4261,trofimmolchanov@example.net,bronislavgurev
4262,prohor_1989@example.org,dmitri_2023
4263,firs_93@example.com,anzhelikaselezneva
4264,mihe_1981@example.net,ferapont_91
4265,mblinova@example.org,ziminapolina
4266,rusakovaoksana@example.org,kalashnikovadarja
4267,bogdanovguri@example.com,matve_2016
4268,florentin_2009@example.com,aalekseeva
4269,darjadenisova@example.net,zoja1971
4270,juvenali89@example.org,kudrjavtsevluchezar
4271,veronikasubbotina@example.com,ermil_1982
4272,porfiri12@example.com,avtonomloginov
4273,olgazaharova@example.net,rjurikzikov
4274,ilja2018@example.org,valerjan78
4275,molchanovantonin@example.com,glafirakiseleva
4276,demid1983@example.com,olga_2021
4277,polinaguseva@example.com,evpraksija2000
4278,jakub_60@example.net,timofeevdorofe
4279,savvatiovchinnikov@example.net,agafon52
4280,potap_2013@example.com,haritonovfoma
4281,emilijaribakova@example.net,polinasavina
4282,apollon_16@example.net,irozhkov
4283,david_2014@example.org,kondratsharapov
4284,feofan23@example.com,maksimiljan_1974
4285,evstafi_19@example.net,rusakovaljudmila
4286,irusakov@example.net,zuevtverdislav
4287,oktjabrina_1994@example.org,nikanor_80
4288,lukanazarov@example.net,sgrigoreva
4289,ylihachev@example.com,asorokin
4290,varvaraafanaseva@example.org,luka1991
4291,margarita11@example.com,gusevisidor
4292,naumovamargarita@example.org,kallistrat_77
4293,samsonovaaleksandra@example.org,sofon25
4294,ignatovsamson@example.org,prohor_58
4295,lorakazakova@example.com,naumovboleslav
4296,denis53@example.net,konstantinovfortunat
4297,ruben1995@example.com,artemi74
4298,klavdi_1983@example.net,polinatihonova
4299,olimpilazarev@example.org,lavrentevaalina
4300,paramon_81@example.org,andre_2011
4301,sofija32@example.net,zkonovalov
4302,jakov2022@example.net,djachkovazinaida
4303,jguljaeva@example.org,orlovmina
4304,kira_2010@example.com,gennadi_06
4305,dlitkina@example.com,filaretkudrjashov
4306,ugrigorev@example.org,mitofan_23
4307,aleksandrovparfen@example.com,konon1972
4308,velimirgrishin@example.com,antoninafrolova
4309,arkadi_93@example.com,milan_47
4310,pahom_1987@example.com,maslovaveronika
4311,julija22@example.com,makar_2019
4312,martjan1980@example.com,shilovaraisa
4313,solomon50@example.net,ustin1972
4314,gedeon91@example.com,dzimina
4315,belousovlukjan@example.org,ernest80
4316,boris89@example.com,demjan05
4317,sisoevasofija@example.com,nataljasafonova
4318,vladislav1982@example.net,filatovmiroslav
4319,feliseeva@example.org,dmitrigrigorev
4320,juri_1981@example.com,fedor_1994
4321,pimenvoronov@example.org,akim_89
4322,saveli_10@example.com,mariangolubev
4323,svjatoslav16@example.com,kazimiraleksandrov
4324,polikarp_2014@example.org,solomon1977
4325,veravorontsova@example.net,shashkovmatve
4326,anani51@example.net,fadegromov
4327,sergeevaninel@example.net,isa89
4328,miroslavsisoev@example.com,karl2025
4329,bronislav1997@example.net,talekseeva
4330,kopilovnatan@example.com,mishinakira
4331,julian_1998@example.org,ustinkonovalov
4332,nikodim_1987@example.org,avdemamontov
4333,mihe35@example.com,taisija1979
4334,agge_97@example.net,loragordeeva
4335,korolevaanzhela@example.org,larisa1995
4336,evfrosinijakapustina@example.net,qsokolova
4337,irina_55@example.org,kovalevuljan
4338,afanasi_67@example.com,vborisov
4339,aleksandra_79@example.org,ernst_2002
4340,militsa80@example.com,serafim_1976
4341,ninelsharova@example.com,kuznetsovseliverst
4342,antip70@example.net,smirnovmihail
4343,miroslavdementev@example.com,xshestakov
4344,suhanovefrem@example.net,anatolimorozov
4345,kim69@example.net,spartakustinov
4346,ytihonov@example.org,mkolesnikov
4347,apollongrigorev@example.org,sofija2009
4348,nikanor_1988@example.com,kpoljakov
4349,amosdavidov@example.com,ninel39
4350,pestovljubomir@example.net,pahomovrjurik
4351,alekse_1973@example.org,komarovkondrati
4352,iraidaantonova@example.com,harlampi_1999
4353,fkolobov@example.org,matve_64
4354,fbragin@example.org,doroninauljana
4355,jmaslov@example.org,mjasnikovtit
4356,maksimnazarov@example.com,nataljateterina
4357,leonidkonovalov@example.org,mitofan79
4358,panfilovvladimir@example.com,ibobrov
4359,nataljagordeeva@example.com,hlapina
4360,anzhelika98@example.com,jgrigorev
4361,karpovaninel@example.com,abramovnazar
4362,rjurik_1979@example.com,mstislav27
4363,sigizmundharitonov@example.com,nestorignatov
4364,kotovorest@example.net,azari_2026
4365,mihail_2012@example.com,matve_63
4366,rsavina@example.com,iosif75
4367,akulinamihalova@example.net,vsevolodmedvedev
4368,litkinkazimir@example.com,ereme2017
4369,silvestr2008@example.net,dafanaseva
4370,ljubosmisl2000@example.net,veronika24
4371,uljan2009@example.net,ostap2012
4372,praskovjabespalova@example.net,stepan96
4373,evgeni1991@example.org,luchezar_2000
4374,titovavalerija@example.org,oktjabrina81
4375,vinogradovspartak@example.com,stepanovanatalja
4376,kondrat_28@example.net,muravevoleg
4377,rodion_2004@example.org,evgraf06
4378,ostromir_2020@example.net,ermil_2009
4379,dobroslav04@example.com,tvorimir2005
4380,venedikt_1986@example.org,ztrofimov
4381,shirjaevevstafi@example.com,mokesokolov
4382,praskovjashestakova@example.org,tatjanavlasova
4383,dmitrievavde@example.com,jakovlevegor
4384,vissarion_2013@example.com,militsamiheeva
4385,mina2018@example.org,mmiheeva
4386,uljanalavrenteva@example.net,onufri_1977
4387,knjazevpetr@example.com,radislavmamontov
4388,reginatsvetkova@example.com,golubevaalina
4389,agafja_1981@example.org,varvarashashkova
4390,kliment69@example.net,uburova
4391,miroslav_61@example.org,eburov
4392,tatjana_1995@example.org,ilja_76
4393,valentin_1976@example.org,semen07
4394,visheslav_86@example.org,nikandr67
4395,ruben_33@example.com,spartak1994
4396,qgusev@example.net,inikonov
4397,pahomovermil@example.org,tatjanaisaeva
4398,agafjagureva@example.org,solomon_87
4399,aleksandrfadeev@example.org,eleonora27
4400,bnosova@example.net,averki2025
4401,ratmir_30@example.com,belovapolina
4402,nikanor1987@example.net,ermakovavalerija
4403,filaret2020@example.net,taras74
4404,ljubim_82@example.net,rknjazeva
4405,elizar_61@example.org,safonovemil
4406,lseleznev@example.org,ignatovamilitsa
4407,elenabogdanova@example.org,davidovaija
4408,bobrovaagata@example.org,gushchinnikodim
4409,ubragin@example.com,margarita2007
4410,inikiforova@example.com,evstigne_21
4411,nifont_2011@example.net,rnosova
4412,foma_97@example.org,nikiformolchanov
4413,antonovapollinari@example.net,vissarionorlov
4414,ignati_14@example.org,semen_2022
4415,dmitri2024@example.net,radovan09
4416,kuprijankostin@example.net,bogdanovjanuari
4417,asimonov@example.net,gedeon2006
4418,strelkovatamara@example.com,guri2002
4419,pankratorlov@example.org,ljudmilabogdanova
4420,serafim_40@example.net,gerasimovsidor
4421,radislav_1975@example.com,nikodim_86
4422,naum44@example.net,majamedvedeva
4423,ninadrozdova@example.org,saveli_98
4424,antip_28@example.net,miron_1982
4425,pantelemon_08@example.com,gromovapelageja
4426,naumsorokin@example.net,belousovanina
4427,braginantonin@example.org,naina_42
4428,vera_1984@example.org,gvolkova
4429,smartinov@example.net,aristarhkuzmin
4430,olimpiada_86@example.net,bronislav_23
4431,mstislav02@example.org,velimir1978
4432,sergeevaanzhelika@example.net,nonna05
4433,polinazhdanova@example.net,tatjana_2007
4434,lsobolev@example.net,zhanna1992
4435,arhipovmir@example.com,serge1971
4436,boleslav_74@example.net,artemevmihe
4437,denisovilja@example.net,vjacheslav_2012
4438,nikifor09@example.net,bobrovavera
4439,hkarpova@example.net,julijamironova
4440,maksim_14@example.net,julian_86
4441,jaroslavgavrilov@example.net,bdanilov
4442,aleksandrovairina@example.com,drozdovaljubov
4443,titkomarov@example.net,prohor76
4444,foti_20@example.org,tatjanatrofimova
4445,glafira21@example.com,vladimirovaregina
4446,kir_54@example.net,galina65
4447,zzinovev@example.net,mmartinov
4448,kornil_20@example.com,anisimkomarov
4449,sokolovjanuari@example.org,adrian38
4450,osip2006@example.net,ladimir_98
4451,kasjan52@example.org,arhip_1986
4452,ostromir_2005@example.com,kudrjavtsevakira
4453,timofeevlukjan@example.com,spartak_2004
4454,oktjabrina_95@example.org,golubevdobromisl
4455,mjasnikovvladlen@example.com,foka55
4456,zinovi2014@example.net,efim2019
4457,uzatsev@example.com,taisijakazakova
4458,filimon_54@example.com,vladilen_89
4459,vissarion_2019@example.org,vissarion98
4460,fainabelova@example.org,orehovpotap
4461,isidorfedorov@example.net,msamolova
4462,trifon_1987@example.com,radim24
4463,oksanamelnikova@example.com,anatoli82
4464,sharapovairaida@example.com,kondrativishnjakov
4465,ernst_82@example.net,zhannadrozdova
4466,nikiforovapraskovja@example.com,ribakovanatalja
4467,taisija1984@example.org,ivan2024
4468,sofon_42@example.com,odintsovvladlen
4469,savvati2020@example.net,averki_35
4470,silanti_1987@example.net,gromovasofija
4471,egor_09@example.org,avgustsharapov
4472,svetozar1979@example.net,alla1988
4473,sofronkarpov@example.com,tverdislavdorofeev
4474,eleonoramiheeva@example.org,vladimir55
4475,elizavetaguljaeva@example.com,gavrilovaninel
4476,koshelevprov@example.com,juri_65
4477,sila_31@example.com,nonnadrozdova
4478,spiridon_94@example.com,agafja35
4479,efimovaalla@example.org,voronovmechislav
4480,ksenijakudrjavtseva@example.com,lukijadenisova
4481,fominamarina@example.net,trofim_1988
4482,ignatovaoktjabrina@example.com,ljubimbeljakov
4483,jurisuvorov@example.net,isa87
4484,demjan_2023@example.org,iraida_69
4485,lukjan2023@example.net,potapovaakulina
4486,parfenaleksandrov@example.com,tamarapestova
4487,panfil09@example.net,anzhelika1980
4488,denisbespalov@example.org,zhuravlevdemjan
4489,pchernova@example.com,radovan1990
4490,nkomissarov@example.org,stanimir00
4491,arefiponomarev@example.com,mechislav91
4492,marija_2004@example.org,gerasim16
4493,iraidakrilova@example.org,bmamontov
4494,raisa_2015@example.net,isaevalidija
4495,seliverstmatveev@example.org,mihe_09
4496,afanasi2005@example.org,maja39
4497,trofim_2016@example.org,terenti_63
4498,kotovapolina@example.org,averjan_1994
4499,iosif2024@example.org,avksentirogov
4500,naleksandrov@example.com,krjukovatamara
4501,nikifor21@example.org,bogdanovtimofe
4502,lidija_92@example.org,platonegorov
4503,kononovfade@example.net,lguljaev
4504,aleksandra16@example.org,angelinatretjakova
4505,makarovairina@example.org,filipp96
4506,longin44@example.com,zhuravlevaantonina
4507,bshirjaev@example.net,regina32
4508,polikarp1990@example.com,tihon_47
4509,kallistrat2003@example.org,emeljan77
4510,kononovladimir@example.com,bazhen_2013
4511,evstigne_88@example.net,lobanovsilvestr
4512,prohorovterenti@example.net,gkovaleva
4513,ljubomir2020@example.com,rlebedeva
4514,kirillovradislav@example.com,efim2015
4515,shcherbakovmilen@example.org,jisakov
4516,zinaidadorofeeva@example.org,isaevmechislav
4517,mihalovizot@example.net,ratibor_2000
4518,evgenija_68@example.org,epifankornilov
4519,zuevaanna@example.net,veniaminsisoev
4520,jnikonov@example.org,tihonovapraskovja
4521,kostinnestor@example.com,kallistrat1982
4522,amos1994@example.org,shestakovavalerija
4523,maksimmakarov@example.com,lorapetuhova
4524,cheslav2002@example.com,elenamihalova
4525,kovalevaivanna@example.net,nestor_13
4526,pantelemon71@example.org,fedosi_1973
4527,zikovkuzma@example.org,mjasnikovosip
4528,adam_43@example.net,valeri_2015
4529,mitofanjakushev@example.com,kasjan93
4530,ostap_2008@example.org,varvara_1995
4531,birjukovfedor@example.net,anatolikoshelev
4532,kuzma_83@example.org,kbeljaeva
4533,evseanisimov@example.net,andron77
4534,emmanuil2017@example.net,sokrat_1993
4535,lidijaemeljanova@example.net,sgrishin
4536,adam_2018@example.net,onufri1986
4537,praskovja00@example.com,erast_32
4538,afinogen_24@example.org,gremislavisakov
4539,vladlen1989@example.net,jdjachkov
4540,uljana54@example.net,feoktist2017
4541,dorofe_1995@example.org,zhannasamsonova
4542,galina43@example.net,vseslav2009
4543,skalinin@example.com,ivanovaanna
4544,uljanadjachkova@example.org,silvestr_1977
4545,serge_1990@example.com,gorbunovaraisa
4546,filippvinogradov@example.com,evgraf_59
4547,fedosi_1984@example.org,isaevpetr
4548,galaktion17@example.org,veronika51
4549,milen_58@example.org,arefi_52
4550,pankratteterin@example.org,dmelnikova
4551,praskovja_1990@example.org,avgust1989
4552,nineldjachkova@example.com,pseliverstova
4553,veniamin_83@example.com,valerjan58
4554,vikenti_2013@example.net,silapoljakov
4555,agafjafomicheva@example.com,dmitri92
4556,vladlendanilov@example.com,ustinovjakub
4557,ilja2004@example.net,zikovpimen
4558,emeljanovpavel@example.com,stepanovanonna
4559,ialeksandrov@example.org,spiridon_32
4560,dmitri1974@example.org,zinovi2026
4561,gremislavnaumov@example.com,foti1988
4562,pimen_2012@example.net,nonnalarionova
4563,milimerkushev@example.org,vvolkova
4564,ckovaleva@example.com,qsharapov
4565,nikolaevamarfa@example.net,ksenija95
4566,nonna1981@example.org,zatsevaanna
4567,lavr_80@example.org,vseslav_12
4568,alekse_57@example.com,milenkomarov
4569,anastasijakudrjavtseva@example.com,andronikjakushev
4570,jakushevaljudmila@example.net,marinaavdeeva
4571,zinovevippolit@example.net,svjatoslav_2015
4572,gerasimdoronin@example.org,valerjan14
4573,shubinlavr@example.com,leonid2022
4574,afinogen_39@example.com,evgenijabolshakova
4575,leon_1998@example.org,kuzma_51
4576,samuil2013@example.com,gedeon_2002
4577,sharapovatamara@example.com,taisija2001
4578,beljaevtimofe@example.com,akulinanovikova
4579,fedorovandre@example.org,shcherbakovvalerjan
4580,denisovfilaret@example.org,sevastjan_77
4581,trjabov@example.com,vladilen2005
4582,leonid64@example.org,vera1975
4583,ipat1999@example.com,andre56
4584,krusakov@example.com,potapovsamson
4585,foma_1988@example.org,smirnovdobromisl
4586,seleznevaekaterina@example.net,anikita71
4587,orest_2013@example.org,muravevaanzhela
4588,evgraf_2020@example.net,matvesilin
4589,ilarion_66@example.net,vasilisa1995
4590,volkovvsemil@example.net,fedorovvsemil
4591,elizavetauvarova@example.org,tpavlova
4592,fedot67@example.com,nikanor_64
4593,pimen11@example.net,trifon94
4594,gavrilovafevronija@example.com,vladislavlarionov
4595,tverdislavnoskov@example.net,ilja14
4596,drozdovvaleri@example.org,ermakovaanna
4597,larisabogdanova@example.net,shchukinfeoktist
4598,zvinogradov@example.com,merkushevnikifor
4599,ernest1988@example.net,regina45
4600,ljubomirkabanov@example.com,sofijaponomareva
4601,lapinairaida@example.com,marfa2018
4602,tihonovaoktjabrina@example.net,cagafonova
4603,jan23@example.org,krjukovapelageja
4604,vasilisagalkina@example.com,andrenoskov
4605,sevastjan_2015@example.net,avgust_2025
4606,bikovinnokenti@example.org,mstislav02
4607,apollon04@example.com,milen72
4608,miron62@example.com,natalja95
4609,evdokijakalinina@example.com,vishnjakovazoja
4610,irakli_2019@example.org,anisimovaevgenija
4611,valeri_1997@example.com,vishnjakovanonna
4612,bazhen_2024@example.org,alekse_2024
4613,qgorshkova@example.org,filipp2016
4614,nvoronov@example.net,milovan_35
4615,iraidaignateva@example.net,kolesnikovefrem
4616,olga_41@example.net,nhohlov
4617,oktjabrina_1970@example.com,silantigrigorev
4618,potap1973@example.com,pankrati1987
4619,mitofan_2006@example.org,evfrosinija_18
4620,mihail39@example.net,fomaantonov
4621,feklakrasilnikova@example.com,vladilenanisimov
4622,dorofe_25@example.com,agata_1985
4623,efim2018@example.org,nesterovmartin
4624,efimovanaina@example.org,kondrati65
4625,zbobrova@example.net,valentinamuraveva
4626,miroslavborisov@example.net,fedorovazhanna
4627,komissarovamaja@example.com,ferapont1991
4628,ninaevdokimova@example.net,moiseevamargarita
4629,demid_95@example.org,martin_18
4630,alekseevtverdislav@example.org,vasili29
4631,georgifomichev@example.org,samolovantonin
4632,akulinashirjaeva@example.com,amvrosi_1977
4633,kuzminaevpraksija@example.com,dmitri1981
4634,hmedvedev@example.net,dbolshakov
4635,arefi_73@example.com,estrelkov
4636,milovan_70@example.com,irina50
4637,velimir_1997@example.net,julija_2018
4638,kuprijanaleksandrov@example.net,evdokim_78
4639,eduard_83@example.net,grishinaivanna
4640,venedikt_1972@example.org,sergeevnikola
4641,artem53@example.net,viktor_1984
4642,ladimir_2000@example.com,alla2005
4643,shirjaevalora@example.org,utrofimov
4644,ssobolev@example.org,taras78
4645,zojanaumova@example.com,sokrat1980
4646,elenagalkina@example.org,pavel_1985
4647,knekrasov@example.net,gkalinin
4648,aartemeva@example.net,tsvetkovaakulina
4649,evdokim18@example.org,karpovklavdi
4650,kabanovamarija@example.net,frolovvjacheslav
4651,ljudmila94@example.com,boris87
4652,evpraksija2008@example.net,ippolit_33
4653,arefimamontov@example.net,prov1973
4654,seliverst_77@example.com,arkaditeterin
4655,poljakovfoti@example.org,evse13
4656,leon_1999@example.com,valerjankabanov
4657,pahomovafaina@example.org,kirazatseva
4658,taisijasorokina@example.org,efim_57
4659,askold_2002@example.org,mechislavorlov
4660,borisovaelizaveta@example.net,ipati2012
4661,dorofezimin@example.org,iraida_1999
4662,fgushchin@example.net,prokofi1984
4663,agge1976@example.com,naumaksenov
4664,evstafi2000@example.com,sofija34
4665,pankrat1989@example.org,prohor_1974
4666,rozhkovaksenija@example.net,ivan83
4667,tsvetkovaelizaveta@example.net,polikarp_2017
4668,evgenijaabramova@example.net,ereme_08
4669,zkosheleva@example.com,akulinatretjakova
4670,lmuraveva@example.net,nosovauljana
4671,radim2006@example.net,nazar_74
4672,fevronija_24@example.org,arseni58
4673,ovchinnikovaanzhela@example.org,kvoronova
4674,pimen2019@example.com,antonin_1979
4675,fokinsvetozar@example.net,ljudmila_1976
4676,evsekarpov@example.com,doroninmilovan
4677,nikiforpanfilov@example.org,venedikt10
4678,nonna2005@example.org,valentina2001
4679,dmitri2005@example.com,gennadisuhanov
4680,narkis1983@example.com,avtonom_1972
4681,sinklitikijaustinova@example.com,hariton_1993
4682,taisija_2003@example.com,stanislav_2022
4683,burovnikifor@example.net,olga_27
4684,evpraksijamihalova@example.org,maksim62
4685,krasilnikovaveronika@example.com,prov_52
4686,sokrat1998@example.net,iveselova
4687,tatjanafilatova@example.org,jakovlevarefi
4688,kirapotapova@example.org,zinovi_58
4689,doroninsevastjan@example.net,parfen1982
4690,jdmitrieva@example.net,sinklitikijakalashnikova
4691,mihailponomarev@example.org,timofeevleonid
4692,jsolovev@example.net,radislav81
4693,fedoseevjakub@example.net,filimon_33
4694,efimovaagata@example.org,bolshakovaanastasija
4695,borisfedotov@example.org,ksenijadoronina
4696,afanasiorlov@example.com,kapiton_1992
4697,tsvetkovaakulina@example.org,klavdija1970
4698,seleznevandronik@example.org,arefi1989
4699,darjavorontsova@example.net,sidorovkasjan
4700,evseevakira@example.org,zinovi51
4701,bbelousov@example.net,belozerovmihe
4702,vasilisapetuhova@example.org,maksimiljan_2010
4703,koshelevsofon@example.net,komarovagalina
4704,sokrat2019@example.net,valerija_71
4705,ladislav2020@example.net,isa40
4706,demid_2013@example.org,ksoloveva
4707,trofim_2003@example.com,mefodiignatov
4708,kartemeva@example.net,trofim03
4709,jan_1987@example.net,veniamin_90
4710,ferapont91@example.net,fokinafekla
4711,tatjanamelnikova@example.net,ipetuhov
4712,gorbunovauljana@example.com,eguljaeva
4713,mark18@example.org,marina2004
4714,onufri2013@example.org,konstantin1980
4715,davidovseliverst@example.com,viktorija_47
4716,prokofi_1978@example.com,evfrosinijakirillova
4717,maja2013@example.net,roman57
4718,dobromisl61@example.org,elizaveta_1993
4719,averki52@example.org,bogdanlobanov
4720,olimpiadaovchinnikova@example.com,ostromir_2001
4721,valerijamaslova@example.net,oksana_39
4722,dobroslav_17@example.org,gturova
4723,naum1972@example.org,anzhela_35
4724,panfilovgrigori@example.net,evgenijaabramova
4725,ljudmilaavdeeva@example.net,akuznetsova
4726,moise_86@example.net,nonnanazarova
4727,svetlanalihacheva@example.org,evdokim1976
4728,klavdija2020@example.org,feoktist_67
4729,narkis2014@example.org,fokinradislav
4730,afanasi44@example.net,modest57
4731,feliks_1983@example.org,tvorimir24
4732,znikonova@example.com,orestgurev
4733,nifont70@example.com,emeljanovatatjana
4734,askold_2003@example.com,adrian37
4735,gorshkovaolga@example.com,irinamaksimova
4736,matveevsavva@example.com,miroslav82
4737,vasilisasubbotina@example.com,silvestr2015
4738,dmitrievaklavdija@example.org,gurevisidor
4739,cantonov@example.net,egorovpetr
4740,visheslav30@example.com,nikola71
4741,aleksandraagafonova@example.com,ignatovmefodi
4742,mitofankudrjashov@example.org,fedoseevaalevtina
4743,lebedevavera@example.net,obogdanov
4744,etimofeev@example.com,kira86
4745,pankrati_1988@example.net,vladislav2010
4746,lazarevsamson@example.net,ekaterina62
4747,elizaveta_24@example.com,raisa40
4748,nikiforovamarfa@example.org,tamarapavlova
4749,sila86@example.com,olimpiadafedoseeva
4750,narkis1985@example.org,gennadi89
4751,ipat90@example.org,erofefrolov
4752,agafjakudrjashova@example.org,lidijafomicheva
4753,nina1989@example.com,kotovaaleksandra
4754,mina1995@example.net,prokofi_46
4755,bojan_1990@example.com,avtonom_49
4756,nikitamjasnikov@example.com,valentinstrelkov
4757,anatolikiselev@example.org,zhukovaljubov
4758,naina_1989@example.net,sila_79
4759,larisa_46@example.com,foka_1981
4760,angelinazhdanova@example.net,lukjan_28
4761,zmuhin@example.net,dobromisl1996
4762,artemzhdanov@example.net,provgromov
4763,vatslavdorofeev@example.com,rozhkovmakar
4764,venedikt_55@example.com,vorontsovaevpraksija
4765,akulinalobanova@example.org,orlovanaina
4766,trofimdjachkov@example.net,zinaida_1982
4767,haritonovanaina@example.org,vorobevnaum
4768,isaevkir@example.com,demid_2002
4769,naina_59@example.com,ignatevvladilen
4770,emmanuil_66@example.org,konon2022
4771,kallistrat55@example.net,nainabobileva
4772,csafonova@example.net,alina_2009
4773,fekla_27@example.org,radim2024
4774,tvladimirova@example.com,kovchinnikova
4775,lorakoroleva@example.com,nekrasovauljana
4776,bvorontsov@example.org,galinaaksenova
4777,panfil2025@example.org,rjabovanatalja
4778,moiseevoleg@example.org,vladislav1999
4779,reginateterina@example.net,alinaemeljanova
4780,oktjabrina_2000@example.com,valeri13
4781,ladimirgavrilov@example.org,aksenovdanila
4782,shestakovljubomir@example.com,lidijaovchinnikova
4783,ferapontknjazev@example.com,zoja1989
4784,jakub2010@example.net,janpanfilov
4785,averki2006@example.org,oksana_2008
4786,kuprijan_63@example.org,andron_16
4787,foka_78@example.net,erast1989
4788,fevronija_26@example.org,guri45
4789,kirillovgavrila@example.org,iknjazeva
4790,elizavetavorobeva@example.net,alekse_1988
4791,iosif86@example.com,radovanandreev
4792,konon_1973@example.org,seliverstkalashnikov
4793,wdanilova@example.net,artem_11
4794,annasaveleva@example.org,kotovharlampi
4795,kotovaaleksandra@example.com,lazar2009
4796,avgustkazakov@example.net,bpahomova
4797,varfolome_2007@example.net,aleksandraguseva
4798,timofeevazinaida@example.com,juri_25
4799,shirjaevapelageja@example.org,evfrosinija2003
4800,anatoli_59@example.com,samson77
4801,stojansafonov@example.com,egor_01
4802,florentin42@example.com,avksenti1981
4803,ggolubev@example.net,dobroslav02
4804,lukinaakulina@example.net,tshashkova
4805,oktjabrinaharitonova@example.org,gorbachevmarian
4806,alekseevparamon@example.org,avdeevpahom
4807,evgraf1989@example.net,aleksandr37
4808,juli1994@example.com,lukafokin
4809,oktjabrina2022@example.org,tihonovatatjana
4810,abeljaev@example.org,taisija73
4811,elizar14@example.net,trofimovmark
4812,ninel_96@example.org,zinaida_84
4813,komissarovamarija@example.net,timofeevatatjana
4814,rnovikova@example.net,dobromisl_2000
4815,svetozarjakushev@example.com,ostap_58
4816,vguljaeva@example.org,konon1978
4817,teterinadarja@example.net,andremorozov
4818,guljaevamaja@example.net,veronika_1985
4819,csamsonova@example.net,lukinmihe
4820,praskovjabelova@example.org,moke1989
4821,anaumova@example.org,fchernova
4822,oktjabrina_42@example.org,lukija97
4823,kondrati_1999@example.net,afanasevanadezhda
4824,vnekrasova@example.com,vorobevakira
4825,agafjabeljakova@example.com,sigizmundkrilov
4826,bazhenzinovev@example.org,izmail2003
4827,veronika_2005@example.org,ukomarov
4828,matveevaemilija@example.net,vsemil_72
4829,ekaterina_1992@example.net,lukjan1992
4830,georgi1983@example.com,stanislav1973
4831,kim89@example.com,mitofan57
4832,xmamontov@example.com,savva35
4833,nikita1989@example.org,amos24
4834,uljanasamsonova@example.net,radovan_1982
4835,moiseevlazar@example.net,spiridonsilin
4836,polikarp_1997@example.org,qgorbunova
4837,olimpiada16@example.com,grigorevaviktorija
4838,ksenija1995@example.com,martin_2010
4839,braginorest@example.com,taisijashashkova
4840,ninelnoskova@example.org,klavdi_66
4841,pantelemon_2007@example.net,fadeevandre
4842,darja_57@example.org,npotapova
4843,valerjankrasilnikov@example.net,sazonovkirill
4844,subbotinalekse@example.org,artemirjabov
4845,bogdan70@example.org,veselovtrifon
4846,elizar37@example.org,nikandrteterin
4847,narkis_93@example.org,sinklitikija29
4848,ygorbunova@example.net,evgeni1990
4849,ermolamelnikov@example.net,demid58
4850,xterenteva@example.com,vasilisakosheleva
4851,gkopilova@example.com,aristarh2005
4852,jivanov@example.net,valentin_69
4853,gorshkovvisheslav@example.net,alina41
4854,elizavetakuznetsova@example.net,adamaksenov
4855,pelageja_1981@example.com,izotavdeev
4856,moke2021@example.net,simon_1971
4857,gushchinhristofor@example.com,andre_2017
4858,vera2018@example.net,anzhelikasamsonova
4859,isa_1992@example.org,eleonorakolobova
4860,serge_56@example.net,alekseevapraskovja
4861,simonovalora@example.org,andronlukin
4862,veselovaalina@example.org,milovankopilov
4863,emilstrelkov@example.net,zuevprohor
4864,semengolubev@example.com,olimpiada_82
4865,onufriafanasev@example.net,agap_10
4866,provavdeev@example.org,cdmitriev
4867,elise81@example.org,beljaevjaroslav
4868,nekrasovtit@example.org,vladimir37
4869,belovaregina@example.net,fortunat_58
4870,mirtretjakov@example.com,ustin1971
4871,svetozarevseev@example.com,gerasimovfeliks
4872,pelagejafomina@example.org,cheslav_2014
4873,juvenali_45@example.net,vladimirstepanov
4874,mefodi_2007@example.org,gremislav1985
4875,davidovalora@example.com,shchukinzahar
4876,morozovfeofan@example.com,varvarafadeeva
4877,prohorovkarp@example.com,krilovaija
4878,porfiri19@example.com,sbeljakov
4879,afinogen_1986@example.com,jakub_1975
4880,leonti2008@example.com,sharapovataisija
4881,feoktistpahomov@example.com,irina_02
4882,afanasi31@example.org,petr1993
4883,budimir2001@example.org,sofon01
4884,mechislav2023@example.org,vseslav2004
4885,braginajulija@example.net,marinaloginova
4886,kulakovazari@example.com,gordeevevstafi
4887,german54@example.org,denis_2010
4888,kuzma_2004@example.org,valentin_1980
4889,pavlovepifan@example.com,galinadavidova
4890,zojablinova@example.net,cdementev
4891,ljubim_10@example.com,odintsovadarja
4892,shubintvorimir@example.org,samuil_82
4893,ekiselev@example.net,natalja_24
4894,dobromislrogov@example.net,sisoevaalevtina
4895,afanasevbronislav@example.com,kasjanbikov
4896,tjakovleva@example.net,olgaselezneva
4897,porfirigavrilov@example.org,ponomarevmihe
4898,shashkovvenedikt@example.net,juli1973
4899,foma_1994@example.org,agafonlavrentev
4900,uljanaodintsova@example.net,qkopilov
4901,pahom11@example.com,lukijashirjaeva
4902,vasilevsaveli@example.org,poljakovaalina
4903,zikovstepan@example.net,varvara1973
4904,julian_2015@example.com,klavdi_18
4905,samson_2006@example.org,samuiluvarov
4906,shirjaevaagafja@example.org,ereme_68
4907,maksimovaaleksandra@example.org,emeljan56
4908,mishinamarija@example.org,kornilvolkov
4909,izot_78@example.net,tihonovamarija
4910,nikolaevzinovi@example.net,trifon1977
4911,fsuhanova@example.com,bespalovsila
4912,eliseevavalentina@example.com,vsemil1975
4913,isergeev@example.net,gedeon_1975
4914,natalja81@example.com,nonnalihacheva
4915,firs_2022@example.com,vasili64
4916,ostromirisakov@example.net,anastasijarusakova
4917,bobrovrodion@example.net,elizaveta21
4918,gromoverofe@example.org,hariton_24
4919,jakubnaumov@example.com,naumovamargarita
4920,samolovaviktorija@example.com,foka_2020
4921,ijabeljakova@example.com,panfil_1997
4922,lukijasmirnova@example.com,marijaermakova
4923,marfaisakova@example.net,mechislav_22
4924,makar_2002@example.com,trifon1990
4925,averjan68@example.com,gorbunovanina
4926,panfil83@example.net,vseslav_2001
4927,sofron_26@example.com,mishinpantelemon
4928,kuzminavera@example.net,nikitinalidija
4929,zinaidavolkova@example.com,oilina
4930,izmail97@example.net,sergeevamaja
4931,iosif2022@example.com,pankrati_1987
4932,lev32@example.net,martjan_1972
4933,fade2016@example.org,vsemil_1974
4934,nikonovamarina@example.com,tdrozdova
4935,maslovamargarita@example.net,vitali_1981
4936,fominaalevtina@example.org,turovdemid
4937,orest_63@example.org,kirabespalova
4938,sbirjukov@example.org,kudrjashovlavr
4939,veselovakira@example.org,emilija_1979
4940,merkushevljubomir@example.net,dorofeevazinaida
4941,radovan74@example.net,askoldsmirnov
4942,terenti_74@example.com,regina1985
4943,marksitnikov@example.com,nadezhda1991
4944,prov66@example.org,tverdislav2017
4945,nesterovaninel@example.com,vseslav_2025
4946,gvinogradova@example.org,nfedotov
4947,filimon_2019@example.org,erofe09
4948,luka_2003@example.com,margaritaandreeva
4949,marfaivanova@example.com,valerijaseliverstova
4950,savvati_2018@example.net,antonovzosima
4951,vsemil_1972@example.org,seleznevamarina
4952,raisa_1984@example.org,karpgushchin
4953,denis_2022@example.com,guribespalov
4954,akulinatitova@example.org,semen1998
4955,suvorovspartak@example.net,velimir1973
4956,silantigerasimov@example.com,mihail_82
4957,shchukinatatjana@example.com,vatslav2018
4958,alinasamsonova@example.org,avksenti53
4959,evgeni37@example.com,belozerovafaina
4960,pahom1971@example.org,galinarjabova
4961,fadekononov@example.net,kozlovdorofe
4962,nikiforsitnikov@example.com,ilja_2004
4963,simon2017@example.com,ilarion1985
4964,kovalevmilan@example.net,makarovaekaterina
4965,fortunat35@example.org,klavdi1980
4966,poljakovajulija@example.net,lukinartem
4967,abramovsamson@example.org,radovan_18
4968,arefi_2009@example.com,elena2014
4969,zhdanovfeofan@example.net,timofe_05
4970,uvarovsaveli@example.net,vorobevaanzhela
4971,boris86@example.net,longin1990
4972,klavdi91@example.com,izjaslav_2019
4973,dtihonov@example.org,ljubim_1983
4974,lavrtsvetkov@example.com,ponomarevasvetlana
4975,erofe_2004@example.com,ferapont1979
4976,viktor_10@example.net,sinklitikijadementeva
4977,ovchinnikovaanna@example.org,seleznevkazimir
4978,efremovvlas@example.org,kapustinerast
4979,njakushev@example.com,azari98
4980,sinklitikijanoskova@example.org,artem51
4981,ernstkoshelev@example.net,alinaeliseeva
4982,elizaveta_29@example.org,arkadi45
4983,fedot1978@example.com,vatslav25
4984,eleonoraivanova@example.org,baranovamaja
4985,vera31@example.com,anisimovnikodim
4986,shashkovaakulina@example.com,platon21
4987,skonovalova@example.org,askold2019
4988,jpanfilov@example.net,samuil_25
4989,varfolome_81@example.net,ivanna26
4990,tihonovamarfa@example.org,iraida_2000
4991,vladlenjakovlev@example.org,hmaksimova
4992,tit28@example.net,vissarion_37
4993,ninavorobeva@example.com,jefremova
4994,arhipovatamara@example.com,akimkulakov
4995,volkovaevfrosinija@example.net,gavrila2024
4996,silanti1972@example.com,jaropolkovchinnikov
4997,isidor96@example.net,boris_2012
4998,tarasovepifan@example.org,csavin
4999,valerinovikov@example.net,georgi_1973
5000,uljan_1982@example.net,varvara54
