"id","user_id","anecdote_id"
1,1842,7328
2,706,11255
3,1249,10976
4,1374,18542
5,1331,13923
6,1782,1297
7,545,94
8,1292,19346
9,1255,8203
10,1333,19981
11,275,14335
12,388,8581
13,257,19132
14,915,7555
15,1815,13779
16,447,8370
17,1640,15946
18,1189,7117
19,1955,15605
20,988,5854
21,67,7390
22,1456,1817
23,1532,7903
24,1359,3213
25,403,19949
26,941,1838
27,114,5061
28,1533,19061
29,187,15793
30,1586,8780
31,1913,13463
32,867,12525
33,469,876
34,1298,13287
35,1655,10574
36,640,12955
37,1343,11270
38,375,3092
39,227,17688
40,1292,14232
41,1424,11362
42,1714,12333
43,855,8252
44,159,635
45,1732,7861
46,1575,10913
47,1916,18631
48,626,8189
49,1838,1949
50,520,5853
51,456,558
52,273,3446
53,58,504
54,842,10295
55,1673,131
56,1537,489
57,1670,6166
58,1155,17469
59,583,11793
60,1198,15878
61,1069,8530
62,1167,1040
63,1459,11661
64,1364,16436
65,1773,5252
66,1858,14648
67,551,10566
68,1145,11142
69,1952,6099
70,1217,7686
71,1343,15829
72,1830,752
73,581,12214
74,1812,1474
75,862,10159
76,1682,14307
77,1472,7495
78,750,6064
79,1358,16427
80,1552,3068
81,954,5090
82,925,13625
83,1873,599
84,1012,6474
85,891,10339
86,1285,14260
87,744,15816
88,1590,11504
89,884,18647
90,1245,19932
91,839,7038
92,387,1879
93,1846,11948
94,1270,13202
95,287,6303
96,1504,18987
97,1846,7179
98,285,15804
99,64,3916
100,266,101
101,1258,17901
102,1942,17940
103,460,1097
104,1848,5572
105,559,5788
106,1865,11244
107,63,7130
108,1717,18942
109,1921,12737
110,525,1596
111,570,5303
112,916,14940
113,124,13185
114,1793,12893
115,481,19545
116,1637,16674
117,1281,15008
118,1508,3511
119,1832,11520
120,200,1717
121,53,15348
122,1762,12060
123,72,17093
124,341,15935
125,1950,19529
126,1478,1072
127,436,4483
128,1358,17292
129,335,18875
130,1348,12979
131,618,5230
132,159,19488
133,146,6287
134,578,3876
135,1469,12037
136,1884,9224
137,561,11589
138,509,7647
139,1316,16172
140,1802,18138
141,848,7887
142,1974,565
143,1649,682
144,1817,16517
145,429,8619
146,1430,4754
147,1107,16909
148,387,15737
149,1248,4283
150,705,15536
151,786,2930
152,378,13007
153,155,8768
154,425,8607
155,1973,19230
156,1111,2211
157,1580,14341
158,512,4507
159,960,5795
160,1953,8749
161,1717,106
162,1394,2941
163,677,15765
164,597,6529
165,61,13508
166,1571,9767
167,1938,8528
168,180,7029
169,1945,13378
170,865,2081
171,963,3614
172,626,3400
173,1388,4315
174,355,9525
175,1234,3455
176,1969,16343
177,277,18357
178,601,6805
179,789,5512
180,582,1452
181,342,18385
182,1572,7390
183,1973,12392
184,575,19228
185,1975,15206
186,1920,10159
187,361,14173
188,1763,17825
189,1231,18570
190,1532,11707
191,1203,4415
192,667,6898
193,187,4121
194,1675,16319
195,747,81
196,540,13513
197,758,10842
198,141,16242
199,135,1551
200,84,710
201,1784,1343
202,588,18174
203,778,10568
204,114,19615
205,1416,17321
206,584,9364
207,82,10747
208,1120,5427
209,185,18341
210,1438,1445
211,1978,3061
212,1472,1914
213,1043,10721
214,815,6285
215,501,14871
216,1202,4375
217,1956,17234
218,729,3429
219,1139,13542
220,255,2390
221,778,12878
222,552,10924
223,812,2623
224,333,10559
225,835,7119
226,1315,2612
227,1957,347
228,167,4300
229,319,15414
230,229,9097
231,1719,8012
232,1717,15562
233,832,18863
234,870,19092
235,598,2522
236,1635,9570
237,44,635
238,1124,10384
239,839,4566
240,366,12095
241,266,10907
242,673,18546
243,1395,15669
244,185,18560
245,1428,15814
246,480,14621
247,401,15978
248,624,5826
249,205,3816
250,1172,9656
251,1683,6599
252,827,10943
253,1330,4349
254,230,7812
255,457,11474
256,665,15898
257,1033,7718
258,594,1244
259,1555,8010
260,1311,12030
261,91,19294
262,1668,14300
263,384,3862
264,1908,14196
265,913,7819
266,352,12185
267,1874,5650
268,1633,7262
269,503,18739
270,1539,5839
271,659,10311
272,1380,8573
273,1586,461
274,1200,13821
275,1552,2173
276,1120,3290
277,45,4089
278,692,17360
279,243,15038
280,1870,13040
281,689,9753
282,299,5713
283,940,11931
284,843,1162
285,1465,11355
286,1512,19623
287,1760,7276
288,427,18241
289,1794,13327
290,35,11815
291,662,7120
292,553,1092
293,1564,1013
294,1434,10412
295,936,19343
296,412,19764
297,634,2014
298,1495,2467
299,351,5435
300,924,10580
301,473,4167
302,1005,3851
303,1282,10239
304,163,8505
305,704,3815
306,968,7603
307,88,19763
308,377,3340
309,1461,15411
310,1604,11483
311,960,7749
312,677,15582
313,283,11069
314,1297,2052
315,147,12715
316,551,17934
317,610,7470
318,1158,3877
319,1629,1423
320,1809,16282
321,391,7828
322,1650,4712
323,362,8425
324,422,12210
325,1045,10568
326,309,15849
327,1076,8414
328,1971,13187
329,148,1944
330,1094,11506
331,382,9040
332,277,15680
333,446,428
334,579,18740
335,1471,19296
336,1233,16772
337,1221,17902
338,1703,3609
339,149,16497
340,1261,2157
341,1820,3203
342,1394,15295
343,1928,17500
344,717,17671
345,1748,19122
346,514,15082
347,1732,2225
348,1901,10875
349,1098,10485
350,1741,5519
351,1683,14453
352,304,2736
353,471,6458
354,895,2447
355,1560,6026
356,793,10338
357,949,4558
358,556,19194
359,1166,229
360,1438,11214
361,195,14701
362,1445,1197
363,1979,9708
364,18,14827
365,495,16861
366,580,6369
367,620,15803
368,1779,19989
369,164,5744
370,692,7964
371,534,7521
372,277,7370
373,145,18623
374,481,8004
375,1846,3850
376,1399,4260
377,544,10900
378,541,9604
379,741,12167
380,1906,10360
381,1319,17564
382,108,9262
383,163,1526
384,658,18164
385,1682,10571
386,1755,11762
387,1419,100
388,246,12093
389,357,11250
390,18,4217
391,782,19466
392,895,14031
393,647,14234
394,1240,6056
395,906,8592
396,1133,10699
397,1590,7364
398,1456,18301
399,939,8109
400,1236,18213
401,443,14599
402,1176,3170
403,1190,9271
404,1367,12699
405,317,18445
406,1533,6441
407,1686,15420
408,1258,19404
409,359,10193
410,1832,166
411,374,18885
412,482,5131
413,1429,19551
414,1364,5838
415,105,11431
416,521,1418
417,534,13535
418,896,18015
419,560,16740
420,779,15402
421,758,16767
422,306,18618
423,191,5663
424,582,18097
425,1273,1015
426,414,10579
427,323,13485
428,1984,10582
429,662,6920
430,1531,3357
431,190,8232
432,853,14527
433,1820,6064
434,334,17192
435,316,772
436,1462,19543
437,642,15411
438,483,4593
439,1982,8390
440,279,18436
441,1642,5376
442,1227,13840
443,1572,15412
444,47,19200
445,370,4366
446,1616,3389
447,989,6743
448,309,12245
449,513,18947
450,66,12998
451,413,970
452,493,6262
453,1785,16311
454,1605,17587
455,157,17004
456,1579,11450
457,1456,3067
458,328,16985
459,1609,18229
460,1467,3431
461,354,10592
462,1328,9164
463,315,10162
464,1312,1383
465,149,16388
466,918,13497
467,1764,2727
468,150,6174
469,1539,9331
470,179,2506
471,1602,4365
472,872,8373
473,1002,17499
474,886,1852
475,857,9840
476,228,10654
477,521,17649
478,1808,19276
479,1817,1134
480,1677,1616
481,909,19654
482,1053,16666
483,830,11831
484,579,19481
485,428,6657
486,1901,17989
487,524,14952
488,1042,10716
489,1464,8782
490,670,18929
491,871,13203
492,1671,18796
493,93,18348
494,306,18368
495,1318,13363
496,1013,17965
497,1406,10503
498,854,4805
499,1194,3784
500,843,2870
501,1242,12379
502,1966,573
503,694,9732
504,380,10698
505,1438,9997
506,1584,12966
507,1002,8571
508,1811,12248
509,1701,3418
510,1893,15685
511,1990,2150
512,991,895
513,774,7050
514,514,1207
515,1726,7851
516,1931,15834
517,1139,1368
518,1399,8949
519,227,11601
520,119,6227
521,550,1713
522,1930,14462
523,1585,416
524,1938,8909
525,864,2328
526,1978,2428
527,675,5340
528,1139,14440
529,120,12613
530,1263,3267
531,485,13707
532,1632,6687
533,358,2087
534,563,10282
535,1830,10360
536,1302,7897
537,268,8023
538,638,18491
539,942,4990
540,281,6302
541,134,18507
542,606,12370
543,41,3160
544,1401,8287
545,449,10535
546,1418,6962
547,1706,5045
548,579,14584
549,1105,16641
550,1578,12073
551,1868,5083
552,1658,17077
553,981,15975
554,1434,6945
555,1331,1289
556,988,17259
557,80,17292
558,188,18118
559,159,11444
560,449,5967
561,1846,18483
562,693,3007
563,1831,10257
564,282,18355
565,38,8962
566,308,1307
567,1336,1999
568,1665,13187
569,869,5816
570,1063,10650
571,1045,9089
572,1175,1115
573,379,2156
574,241,8829
575,481,18011
576,571,7763
577,455,6979
578,1487,5473
579,369,18169
580,358,566
581,943,14489
582,479,11589
583,1786,5401
584,1036,13712
585,661,7157
586,68,9968
587,712,18858
588,1268,2694
589,802,19889
590,1695,5741
591,1865,17032
592,1970,17659
593,834,18298
594,1676,551
595,860,19123
596,104,14730
597,586,9672
598,1714,3202
599,1922,101
600,1957,19171
601,1127,14126
602,1866,11802
603,1080,4372
604,1391,9428
605,1225,6468
606,1996,10783
607,67,7716
608,1041,16931
609,766,6088
610,283,7845
611,654,14554
612,1142,16019
613,1227,6431
614,795,7404
615,727,683
616,212,15479
617,1190,3517
618,1263,14290
619,1346,6793
620,910,7642
621,496,4906
622,1694,11031
623,801,3727
624,871,10512
625,332,4136
626,494,6248
627,1097,2907
628,53,3129
629,179,2767
630,110,1007
631,1686,9280
632,770,1999
633,1396,7525
634,1019,5798
635,1366,20000
636,1564,7275
637,1931,16927
638,1231,17822
639,1679,14233
640,1241,2111
641,413,19240
642,1597,12600
643,1792,5664
644,535,14476
645,1323,6601
646,1764,13128
647,548,17174
648,872,6891
649,1077,4357
650,1678,3031
651,1876,18024
652,158,5557
653,1469,19142
654,472,3812
655,54,4374
656,615,10935
657,276,16949
658,486,12055
659,114,14114
660,368,19907
661,707,15409
662,137,461
663,1369,12328
664,1534,4519
665,1965,2771
666,817,13365
667,1890,9213
668,421,4179
669,1509,14322
670,228,10479
671,1358,9444
672,367,6916
673,1767,12483
674,696,19065
675,1898,1929
676,249,13439
677,724,12791
678,188,6304
679,1149,18581
680,18,11469
681,1799,13657
682,696,6131
683,1740,7255
684,423,15547
685,63,14479
686,962,16108
687,284,6101
688,23,876
689,1357,16442
690,408,9413
691,287,12659
692,955,2514
693,1652,9129
694,1351,908
695,782,8583
696,929,1407
697,1714,5826
698,1987,18359
699,16,13730
700,1437,3877
701,172,18096
702,278,17886
703,912,18094
704,1587,3695
705,1938,12473
706,1858,2770
707,977,10051
708,1686,15598
709,167,16378
710,1677,8651
711,1415,11031
712,1416,12449
713,1290,14209
714,270,1841
715,870,14233
716,1237,10062
717,976,7209
718,7,6269
719,333,469
720,983,19972
721,420,12714
722,1022,2861
723,68,9096
724,82,4220
725,742,4585
726,781,11002
727,65,9363
728,850,2347
729,318,9076
730,979,9593
731,1626,5225
732,618,13899
733,1772,4717
734,396,10508
735,1056,6652
736,465,3592
737,1805,578
738,342,10027
739,791,10645
740,1262,16132
741,1814,1501
742,1741,19893
743,1096,19095
744,559,7842
745,1094,9103
746,301,19163
747,474,11442
748,907,930
749,320,13999
750,865,16174
751,1406,3969
752,108,13473
753,1987,14701
754,349,809
755,402,17956
756,1271,16036
757,365,2363
758,1705,4020
759,350,17054
760,507,17361
761,1744,9298
762,1803,6508
763,1825,12815
764,1237,18535
765,1270,7212
766,351,18146
767,161,13206
768,133,6579
769,1706,2265
770,1505,16268
771,1611,19717
772,411,19741
773,462,346
774,657,2963
775,1061,6568
776,288,4684
777,1507,5235
778,518,19027
779,188,12241
780,195,18878
781,724,17322
782,1703,72
783,327,802
784,1114,11012
785,1808,11550
786,248,6766
787,1541,9275
788,1257,17377
789,640,10898
790,1250,19063
791,1655,11317
792,58,1191
793,1561,2473
794,58,4137
795,1940,2573
796,740,13844
797,1126,1652
798,1447,17948
799,519,1112
800,266,4331
801,1142,6715
802,1239,2748
803,1046,6761
804,436,4177
805,900,2180
806,1069,5891
807,1769,4886
808,1106,8092
809,310,1987
810,388,2812
811,799,15065
812,1569,16447
813,92,288
814,1849,247
815,1359,17133
816,1011,10638
817,677,14006
818,1989,14306
819,1422,851
820,29,12332
821,1711,305
822,979,15417
823,213,907
824,622,15363
825,1323,17601
826,406,1675
827,692,1371
828,1480,18632
829,167,16247
830,705,6197
831,781,18978
832,445,18296
833,1104,16558
834,80,13886
835,1533,5010
836,1673,12063
837,175,14268
838,1269,4347
839,1856,8739
840,1865,17133
841,1054,14990
842,539,4773
843,365,4454
844,20,19894
845,661,15782
846,705,12148
847,730,7146
848,1492,19694
849,397,5792
850,596,2493
851,1701,13042
852,1826,19908
853,1075,10649
854,1823,3273
855,872,19183
856,722,356
857,707,11241
858,1181,2247
859,1816,2454
860,61,9271
861,1020,19494
862,811,5379
863,124,5955
864,433,1383
865,1762,1383
866,86,8735
867,1438,1712
868,708,10875
869,1938,6483
870,6,5021
871,1306,16918
872,1444,13877
873,1615,8090
874,762,354
875,399,9121
876,252,19026
877,76,7960
878,546,17450
879,1674,6274
880,47,18232
881,1280,8266
882,1008,6203
883,606,6615
884,204,10884
885,451,10242
886,440,655
887,874,17907
888,1473,10122
889,957,19130
890,1831,18887
891,1550,245
892,24,12649
893,360,13038
894,1600,10875
895,1593,6363
896,1148,9941
897,620,5017
898,592,8570
899,1712,13907
900,1186,107
901,1775,2352
902,622,2721
903,1490,11065
904,1576,4167
905,816,8142
906,1833,18468
907,1978,18059
908,834,9592
909,104,9383
910,1121,6977
911,875,14070
912,1622,6433
913,1401,8123
914,1803,10793
915,1435,18778
916,145,6801
917,140,7138
918,1524,16335
919,87,5480
920,613,16458
921,1270,17755
922,663,16619
923,791,6881
924,1258,11325
925,1910,2676
926,502,4750
927,496,18871
928,1835,16046
929,1079,5243
930,1398,1094
931,1560,9047
932,263,18308
933,176,19430
934,292,7568
935,1463,5233
936,762,4269
937,2000,19266
938,1270,2148
939,938,13120
940,210,14539
941,118,12506
942,1026,18362
943,1772,13826
944,1363,16987
945,1097,16533
946,1464,15443
947,531,12825
948,1883,15366
949,1773,3128
950,238,12832
951,1131,11099
952,115,479
953,252,6953
954,1478,17619
955,358,17944
956,921,6337
957,88,12387
958,1860,8559
959,241,17306
960,696,17526
961,383,11837
962,626,5502
963,1677,3172
964,1133,9370
965,1089,13417
966,67,12924
967,1138,12811
968,1871,11770
969,1117,19403
970,787,16019
971,1065,12675
972,335,14964
973,1669,19305
974,343,8249
975,1164,3423
976,645,10609
977,1231,928
978,1714,6544
979,1687,10186
980,1381,4578
981,539,13389
982,1942,10668
983,943,68
984,399,2913
985,1258,17633
986,1580,6510
987,193,2363
988,158,6425
989,1457,19387
990,1691,8889
991,1337,17418
992,1786,14380
993,1851,19672
994,1972,14962
995,800,15114
996,1136,9418
997,355,13688
998,863,5968
999,895,571
1000,1068,10016
1001,506,11045
1002,291,1646
1003,694,12855
1004,1170,19882
1005,1147,866
1006,1000,6168
1007,1417,11964
1008,709,15555
1009,958,2795
1010,57,17538
1011,752,13993
1012,818,16780
1013,159,13327
1014,204,11858
1015,822,7664
1016,1175,74
1017,3,8569
1018,148,3306
1019,1269,1610
1020,673,18673
1021,1144,3469
1022,759,15040
1023,492,9458
1024,468,18160
1025,20,15669
1026,354,17092
1027,477,12061
1028,1384,7833
1029,254,12193
1030,1825,8133
1031,867,15029
1032,689,18806
1033,573,18398
1034,535,10260
1035,1038,7710
1036,1160,19190
1037,1444,10680
1038,704,4474
1039,491,16316
1040,337,14309
1041,43,4302
1042,943,19997
1043,277,19732
1044,1410,8339
1045,487,4266
1046,1312,16199
1047,516,3435
1048,1254,10457
1049,1436,13155
1050,774,7825
1051,45,2053
1052,295,17223
1053,283,18932
1054,667,15989
1055,1210,2381
1056,494,4402
1057,740,17185
1058,645,11334
1059,1588,5358
1060,472,19114
1061,477,17798
1062,648,13390
1063,414,5588
1064,1389,5993
1065,1767,2526
1066,1856,3167
1067,146,15788
1068,1250,7880
1069,1809,13322
1070,1113,9511
1071,743,10576
1072,39,9964
1073,1206,14801
1074,1086,9706
1075,1235,16213
1076,969,715
1077,1626,392
1078,441,17703
1079,112,16674
1080,497,5089
1081,1991,8856
1082,573,15011
1083,892,18762
1084,1879,16959
1085,1732,8121
1086,377,10407
1087,1835,5893
1088,1885,4974
1089,1136,2784
1090,165,18574
1091,369,8613
1092,1575,13382
1093,1272,6171
1094,859,8862
1095,835,4636
1096,981,606
1097,1847,3107
1098,154,7212
1099,1673,19260
1100,824,2717
1101,1915,6356
1102,568,1462
1103,104,1471
1104,495,12663
1105,1860,17711
1106,264,13547
1107,1799,6081
1108,1345,66
1109,1937,9875
1110,772,13350
1111,1084,15184
1112,735,9956
1113,659,15478
1114,796,12733
1115,1779,9971
1116,1154,8865
1117,870,13384
1118,394,1538
1119,52,3125
1120,1021,1392
1121,645,6954
1122,476,17670
1123,1824,14499
1124,1952,3874
1125,1586,13896
1126,812,17170
1127,1267,9101
1128,901,9759
1129,1355,10977
1130,1353,14179
1131,902,4023
1132,746,5025
1133,977,9917
1134,804,15433
1135,1919,14484
1136,1408,2602
1137,1309,12825
1138,1074,13367
1139,504,7566
1140,1815,12783
1141,879,351
1142,1084,8232
1143,255,16217
1144,1677,13721
1145,884,7563
1146,1924,17187
1147,1716,11390
1148,986,19176
1149,678,6524
1150,460,7973
1151,423,5940
1152,695,3842
1153,1227,5755
1154,277,9855
1155,1109,13245
1156,873,9692
1157,1502,12158
1158,657,7848
1159,148,13765
1160,1301,2080
1161,1815,12651
1162,42,3265
1163,1937,18220
1164,917,9545
1165,251,13485
1166,1982,8002
1167,1688,13202
1168,1847,2107
1169,1967,5185
1170,1389,17123
1171,529,12206
1172,1559,6867
1173,1873,4173
1174,1817,13520
1175,1739,19523
1176,1309,1941
1177,395,16618
1178,1317,11422
1179,804,14583
1180,1896,16152
1181,45,5954
1182,1434,11355
1183,1081,11706
1184,914,10756
1185,1120,7517
1186,1279,8508
1187,1484,13968
1188,462,5053
1189,733,7850
1190,494,17344
1191,655,4946
1192,798,11060
1193,827,14318
1194,741,4999
1195,536,1965
1196,394,1131
1197,829,8739
1198,1156,15760
1199,1895,8983
1200,1217,19290
1201,284,15923
1202,808,1368
1203,1438,14170
1204,59,19501
1205,1031,9999
1206,428,12634
1207,1811,15720
1208,925,9585
1209,950,9012
1210,1897,6438
1211,507,10044
1212,418,14558
1213,1657,4830
1214,1538,7304
1215,1750,17355
1216,1669,11402
1217,1887,15162
1218,779,1699
1219,354,19175
1220,239,3158
1221,1281,5134
1222,1345,77
1223,894,17463
1224,1805,17389
1225,1653,13010
1226,1752,3150
1227,669,16289
1228,1458,8235
1229,102,7256
1230,1684,4737
1231,905,11794
1232,1536,1663
1233,959,13797
1234,351,10579
1235,467,10010
1236,1422,7620
1237,777,13926
1238,953,1096
1239,489,17539
1240,1838,12695
1241,694,13293
1242,870,5604
1243,616,14754
1244,1276,4040
1245,669,901
1246,796,2566
1247,313,8921
1248,936,28
1249,1661,14358
1250,1991,1331
1251,1827,6786
1252,611,9892
1253,1909,6162
1254,1444,18386
1255,1684,858
1256,653,10674
1257,1891,4796
1258,384,2752
1259,439,12909
1260,993,3898
1261,1472,1191
1262,1790,8101
1263,465,18953
1264,921,5216
1265,1342,11244
1266,511,3717
1267,1939,13434
1268,665,10515
1269,1160,7705
1270,1458,8284
1271,1869,7685
1272,251,10849
1273,825,11561
1274,251,13234
1275,647,11277
1276,864,16947
1277,895,17616
1278,673,16829
1279,721,12139
1280,398,13231
1281,1790,14766
1282,1624,847
1283,1924,11711
1284,546,10329
1285,606,18677
1286,1510,2169
1287,571,13032
1288,1788,15317
1289,641,13640
1290,1444,14178
1291,1740,14281
1292,1476,6787
1293,1429,9058
1294,880,7977
1295,871,6217
1296,573,19641
1297,1127,5419
1298,235,14487
1299,1841,8012
1300,1902,17017
1301,1011,129
1302,1947,10216
1303,1621,2122
1304,1250,18037
1305,1509,1685
1306,1131,15277
1307,1868,15503
1308,1767,12224
1309,1839,933
1310,1841,10390
1311,309,19217
1312,1217,13564
1313,1738,16092
1314,1408,10617
1315,1484,612
1316,1316,3378
1317,686,3005
1318,449,18659
1319,1077,8486
1320,1856,10837
1321,1332,15329
1322,1666,10292
1323,99,16245
1324,382,6061
1325,1668,1788
1326,1259,19045
1327,393,16755
1328,1421,16112
1329,294,5300
1330,398,18008
1331,1997,6951
1332,1754,15217
1333,464,14656
1334,483,4904
1335,404,5511
1336,756,18523
1337,140,13819
1338,1285,19997
1339,1110,9363
1340,1630,6145
1341,1333,14291
1342,784,19679
1343,759,2167
1344,462,9539
1345,1436,15480
1346,708,13462
1347,1353,2410
1348,409,14602
1349,685,8435
1350,353,17807
1351,82,8991
1352,1811,11872
1353,899,11999
1354,455,11672
1355,1096,15209
1356,56,17339
1357,1346,8607
1358,894,14096
1359,1004,13876
1360,1271,13251
1361,536,15385
1362,1768,19459
1363,1595,14897
1364,1724,12707
1365,1211,17316
1366,728,6283
1367,750,5985
1368,297,9181
1369,1276,9173
1370,1213,15376
1371,1385,4613
1372,590,9160
1373,1291,6693
1374,1806,16844
1375,1834,5335
1376,1620,10862
1377,719,17361
1378,401,2940
1379,991,1665
1380,1891,10353
1381,778,4190
1382,1326,1316
1383,888,2949
1384,1888,2694
1385,90,12268
1386,781,13913
1387,1482,15679
1388,1934,9762
1389,1755,15815
1390,1359,16549
1391,703,13969
1392,1304,6611
1393,668,15189
1394,208,13367
1395,117,7911
1396,661,15598
1397,1213,4994
1398,1860,3433
1399,1731,18885
1400,932,9394
1401,1165,183
1402,1147,13069
1403,1554,19036
1404,197,7783
1405,1210,15413
1406,1824,2810
1407,1231,11917
1408,1422,2696
1409,1272,5647
1410,102,15796
1411,103,15072
1412,1377,9525
1413,1819,7814
1414,1454,19549
1415,512,18518
1416,95,15428
1417,372,1718
1418,480,14531
1419,289,17032
1420,1921,5655
1421,402,16318
1422,263,7438
1423,647,925
1424,638,13966
1425,535,8088
1426,1064,11731
1427,1749,18982
1428,178,12164
1429,1692,11713
1430,1548,9057
1431,432,1191
1432,842,15917
1433,1466,18832
1434,1135,4212
1435,1934,9778
1436,1903,16224
1437,296,1496
1438,1683,17812
1439,875,9354
1440,1333,1648
1441,1583,16556
1442,1291,4987
1443,1495,14947
1444,1085,15212
1445,1170,10313
1446,1133,6501
1447,454,10555
1448,1085,18141
1449,1680,2375
1450,172,13901
1451,450,2907
1452,737,17703
1453,336,9141
1454,255,138
1455,1244,14132
1456,1156,4206
1457,126,17238
1458,1580,12003
1459,689,16320
1460,494,2985
1461,1664,18508
1462,1641,8602
1463,1798,1659
1464,953,11606
1465,361,6972
1466,1975,5351
1467,761,5197
1468,385,213
1469,1913,7120
1470,1641,4466
1471,447,14925
1472,1461,5696
1473,616,10700
1474,391,12852
1475,526,13321
1476,890,18312
1477,1043,16395
1478,960,19694
1479,381,787
1480,1716,2135
1481,790,2075
1482,826,9069
1483,882,7565
1484,1828,10179
1485,983,16326
1486,1341,3394
1487,1843,7661
1488,573,9626
1489,595,17187
1490,698,5840
1491,957,5734
1492,18,2009
1493,1106,1769
1494,1138,8657
1495,764,16963
1496,696,8609
1497,1639,4491
1498,1402,14315
1499,1061,7391
1500,452,7823
1501,512,16664
1502,611,5923
1503,894,19017
1504,96,397
1505,880,9586
1506,1074,2953
1507,1864,2677
1508,289,19159
1509,160,1506
1510,2000,6301
1511,1796,17417
1512,30,11493
1513,505,17276
1514,446,6327
1515,556,11178
1516,280,14693
1517,679,7865
1518,1804,2214
1519,800,19084
1520,1539,17635
1521,1044,2380
1522,424,12300
1523,1839,15695
1524,1575,14708
1525,277,1828
1526,1645,15141
1527,992,15742
1528,778,6466
1529,255,18653
1530,1013,6584
1531,812,13294
1532,1408,8873
1533,787,816
1534,164,8724
1535,1740,4384
1536,509,15831
1537,596,12958
1538,1720,13302
1539,592,6655
1540,1993,800
1541,1783,7591
1542,865,18099
1543,1631,8129
1544,262,1717
1545,1903,17357
1546,634,17281
1547,645,6151
1548,1142,9274
1549,436,14203
1550,419,16588
1551,1147,12325
1552,149,19975
1553,1682,18637
1554,1058,11268
1555,1990,16435
1556,634,19861
1557,264,2571
1558,298,5845
1559,1384,16157
1560,1266,1975
1561,1147,5555
1562,1958,12171
1563,222,7492
1564,1683,10499
1565,1456,8507
1566,808,14386
1567,791,11827
1568,1016,3476
1569,463,2768
1570,1037,13427
1571,1497,15239
1572,286,13137
1573,1012,10594
1574,417,14446
1575,1354,10364
1576,379,15979
1577,1046,5475
1578,1047,8087
1579,375,18697
1580,206,9749
1581,1808,5391
1582,949,5823
1583,1094,4583
1584,391,14965
1585,1882,6419
1586,557,15759
1587,190,1494
1588,1620,8253
1589,1389,18908
1590,1471,604
1591,1718,7864
1592,246,5421
1593,1203,16473
1594,577,10455
1595,1537,8228
1596,721,3709
1597,421,2703
1598,845,9021
1599,1122,6625
1600,1707,7537
1601,885,7177
1602,1691,12883
1603,839,6456
1604,1400,12314
1605,458,3980
1606,501,8484
1607,1920,11884
1608,1442,18993
1609,1019,1603
1610,9,1480
1611,1844,8906
1612,389,19975
1613,166,9985
1614,1253,9086
1615,754,2892
1616,38,7302
1617,1576,18397
1618,1084,6632
1619,865,3843
1620,684,15440
1621,1934,17621
1622,1885,4462
1623,1514,2422
1624,1718,2417
1625,436,16702
1626,1016,19952
1627,251,8637
1628,1325,1329
1629,1836,3341
1630,1503,16623
1631,704,5735
1632,1520,6478
1633,1433,16977
1634,941,1599
1635,366,1189
1636,1563,4562
1637,1054,18734
1638,1716,365
1639,499,19338
1640,1310,2210
1641,296,5703
1642,790,15645
1643,827,7262
1644,1315,6289
1645,1077,19324
1646,864,15488
1647,5,7926
1648,760,9143
1649,1350,14415
1650,1856,3150
1651,1609,3642
1652,1264,2028
1653,782,18502
1654,1457,16539
1655,739,12918
1656,1846,13568
1657,1769,17630
1658,1374,13138
1659,1166,492
1660,1710,4088
1661,1629,15462
1662,1800,5612
1663,883,12887
1664,488,7192
1665,1868,3575
1666,1102,9099
1667,818,12532
1668,1269,3632
1669,150,13232
1670,988,5272
1671,798,141
1672,277,17565
1673,1593,6572
1674,1213,19211
1675,846,1461
1676,675,10051
1677,728,19162
1678,633,3666
1679,1805,9470
1680,1297,5792
1681,1421,11305
1682,364,2152
1683,1233,9704
1684,1660,10459
1685,845,11763
1686,323,2567
1687,1186,8043
1688,62,5489
1689,284,1892
1690,817,13881
1691,627,7846
1692,650,4638
1693,1454,4355
1694,161,3073
1695,374,15271
1696,907,19241
1697,42,15133
1698,1473,4066
1699,1948,14516
1700,298,14639
1701,51,11405
1702,79,13732
1703,1588,9534
1704,1023,6215
1705,1962,11351
1706,1668,3328
1707,651,18514
1708,392,12279
1709,1285,11791
1710,1668,7395
1711,44,6898
1712,1154,18549
1713,1504,6373
1714,1878,5915
1715,1468,14668
1716,1980,5604
1717,607,14031
1718,1908,17651
1719,267,9946
1720,1123,14753
1721,444,1931
1722,916,15465
1723,494,7943
1724,325,3410
1725,1199,9380
1726,720,8784
1727,230,576
1728,240,5823
1729,1302,7084
1730,1740,10443
1731,1551,18494
1732,1237,16870
1733,1595,7742
1734,1719,6639
1735,105,11583
1736,350,13323
1737,700,4760
1738,1081,5368
1739,1137,10449
1740,1213,11629
1741,294,9843
1742,1721,2902
1743,1602,10836
1744,1993,18154
1745,1322,1301
1746,573,3202
1747,1807,12338
1748,1524,4092
1749,1579,19808
1750,796,14647
1751,362,11693
1752,1871,881
1753,1712,9673
1754,960,13781
1755,320,11790
1756,1379,12784
1757,887,1117
1758,164,13878
1759,1859,618
1760,976,316
1761,510,18021
1762,1223,10599
1763,1068,19500
1764,1185,9194
1765,308,12366
1766,874,2147
1767,1826,734
1768,1772,15518
1769,236,4229
1770,1746,18553
1771,1822,11188
1772,1671,11784
1773,560,15954
1774,1386,6744
1775,1493,15804
1776,960,15449
1777,993,8533
1778,7,10134
1779,1094,7745
1780,1070,17183
1781,558,9716
1782,235,7824
1783,142,1543
1784,1426,6927
1785,421,9289
1786,1457,18562
1787,1849,5240
1788,699,12123
1789,1795,15983
1790,105,13101
1791,80,13052
1792,1939,13239
1793,1498,10811
1794,764,5911
1795,539,16187
1796,1783,14218
1797,1935,2979
1798,1127,5565
1799,1235,10957
1800,909,9613
1801,1546,19268
1802,1464,11083
1803,252,15717
1804,1778,4546
1805,546,16796
1806,786,12623
1807,1683,4027
1808,510,11504
1809,23,4240
1810,1022,10773
1811,902,10004
1812,1237,3012
1813,1852,13040
1814,1742,13539
1815,1423,12241
1816,712,650
1817,1169,12641
1818,1256,10469
1819,1111,13082
1820,1015,12028
1821,814,1544
1822,1748,9842
1823,1566,13692
1824,1524,7180
1825,746,5498
1826,821,12249
1827,1156,4492
1828,716,16217
1829,1564,15558
1830,660,10138
1831,218,6719
1832,1914,9741
1833,805,13388
1834,334,7944
1835,1988,19720
1836,1609,18089
1837,890,7680
1838,786,2745
1839,1606,3550
1840,1310,3963
1841,1385,16653
1842,140,6457
1843,1186,19165
1844,1176,4122
1845,819,13512
1846,1313,15082
1847,1960,5425
1848,715,7019
1849,271,8543
1850,601,9662
1851,206,2698
1852,77,5117
1853,1989,12328
1854,701,17997
1855,100,3654
1856,230,7048
1857,1651,2723
1858,1216,19051
1859,499,9855
1860,1945,15250
1861,1694,7240
1862,1371,12872
1863,775,3640
1864,18,11575
1865,1586,13894
1866,1386,7103
1867,1544,12391
1868,627,5420
1869,921,14248
1870,230,9318
1871,971,14753
1872,343,7230
1873,1534,5624
1874,1273,3426
1875,507,3417
1876,1510,14922
1877,119,5865
1878,1267,19171
1879,640,12676
1880,251,3883
1881,1012,14044
1882,595,11008
1883,1064,14959
1884,374,1768
1885,162,6306
1886,87,15631
1887,143,1459
1888,1594,16209
1889,1772,16481
1890,1333,14450
1891,189,9006
1892,1854,15056
1893,1227,17939
1894,1130,13981
1895,318,9672
1896,611,6208
1897,1687,10338
1898,1558,18351
1899,1035,15364
1900,215,18500
1901,1475,11150
1902,1094,3278
1903,1178,19804
1904,631,18762
1905,59,10390
1906,1086,19890
1907,609,7659
1908,1980,2153
1909,1430,11644
1910,751,18720
1911,1513,5936
1912,1027,6439
1913,1675,2571
1914,78,15990
1915,1145,10052
1916,1478,3468
1917,214,8373
1918,687,4289
1919,109,7206
1920,75,3561
1921,1670,2251
1922,462,1447
1923,1079,13412
1924,1326,17774
1925,33,6716
1926,1731,1909
1927,1007,564
1928,116,10468
1929,682,9909
1930,1251,4500
1931,1208,1703
1932,1060,18477
1933,28,16905
1934,29,1331
1935,1417,5644
1936,1572,2621
1937,324,14120
1938,101,10429
1939,1158,13661
1940,492,17703
1941,1800,10490
1942,1011,17648
1943,1721,15412
1944,669,13614
1945,608,6205
1946,852,13637
1947,622,16114
1948,1724,4373
1949,110,3365
1950,349,19465
1951,164,13555
1952,1804,18411
1953,1908,13201
1954,398,1704
1955,1264,3663
1956,1982,6540
1957,811,5418
1958,579,5919
1959,677,9776
1960,1045,6905
1961,1262,10315
1962,209,19542
1963,1762,7047
1964,973,14363
1965,741,18999
1966,218,18711
1967,212,14199
1968,990,3448
1969,1798,12164
1970,259,11128
1971,1463,19446
1972,1211,16552
1973,1199,19221
1974,234,12875
1975,1202,19099
1976,923,19804
1977,75,2437
1978,1089,17138
1979,874,813
1980,1722,18581
1981,895,10254
1982,158,14188
1983,1792,4316
1984,441,11754
1985,534,1354
1986,599,19184
1987,1198,2535
1988,189,7818
1989,945,4942
1990,1918,11405
1991,1941,18023
1992,962,887
1993,1819,1605
1994,1241,13323
1995,1604,2631
1996,1357,9177
1997,1680,13277
1998,78,19678
1999,694,17262
2000,364,14857
2001,112,6750
2002,1217,2190
2003,162,19869
2004,788,15837
2005,1324,15240
2006,1163,14148
2007,1324,1856
2008,1703,18911
2009,1959,17992
2010,1191,7299
2011,812,17877
2012,1137,1991
2013,1244,5574
2014,1523,7562
2015,1607,10873
2016,619,6099
2017,1771,16958
2018,721,16540
2019,1878,11173
2020,1967,2267
2021,593,2301
2022,564,19496
2023,88,11108
2024,346,7834
2025,578,362
2026,631,6935
2027,1246,7039
2028,15,2139
2029,722,12028
2030,1820,3380
2031,1069,9803
2032,1377,18471
2033,1678,9217
2034,1569,5489
2035,468,19699
2036,515,16756
2037,1846,11172
2038,1322,1950
2039,229,19510
2040,1868,2226
2041,627,12564
2042,1332,2049
2043,447,3659
2044,1012,7075
2045,29,15156
2046,862,9919
2047,118,8534
2048,1653,9154
2049,1475,18609
2050,614,17529
2051,1191,3424
2052,1143,5008
2053,507,13848
2054,912,11658
2055,1903,7160
2056,287,16278
2057,1840,2677
2058,1889,13900
2059,1578,8910
2060,988,18244
2061,1493,8977
2062,9,19245
2063,1039,2689
2064,353,16408
2065,1615,14279
2066,551,8310
2067,1628,19310
2068,1771,188
2069,9,14022
2070,473,4395
2071,951,16199
2072,910,17739
2073,1130,4066
2074,1534,1785
2075,165,900
2076,143,10203
2077,774,4630
2078,166,11943
2079,1664,9193
2080,639,6080
2081,856,18677
2082,1109,2324
2083,676,5700
2084,1291,14842
2085,742,18976
2086,1655,8141
2087,1926,9133
2088,1791,13116
2089,1883,9938
2090,993,762
2091,1587,17092
2092,43,4315
2093,488,4626
2094,195,8011
2095,402,18802
2096,1616,554
2097,785,11912
2098,1993,17868
2099,1060,12119
2100,1219,14947
2101,1965,6257
2102,930,3422
2103,198,972
2104,44,6416
2105,493,1445
2106,682,10946
2107,1340,5874
2108,1196,6694
2109,1830,6776
2110,1825,3142
2111,1593,15574
2112,303,14665
2113,1137,17702
2114,1145,19565
2115,427,17422
2116,33,2689
2117,1633,18859
2118,442,7823
2119,764,3239
2120,700,8375
2121,233,10309
2122,17,14312
2123,1872,14595
2124,967,12024
2125,1443,12487
2126,1601,10287
2127,401,17028
2128,931,13231
2129,1579,19293
2130,891,9941
2131,527,3662
2132,55,17572
2133,1474,5746
2134,793,15562
2135,379,2522
2136,1386,6888
2137,876,16719
2138,1146,6219
2139,900,2733
2140,1488,9749
2141,869,15385
2142,1244,5424
2143,1043,12882
2144,469,13269
2145,481,10539
2146,688,6702
2147,488,1301
2148,1095,14289
2149,1056,5459
2150,690,18679
2151,1677,16600
2152,1215,6627
2153,60,9304
2154,1737,8604
2155,284,3760
2156,888,16866
2157,1029,12763
2158,787,12434
2159,1182,5019
2160,300,7990
2161,1141,903
2162,1986,18361
2163,1631,16135
2164,1829,14591
2165,346,884
2166,1663,18086
2167,853,9651
2168,651,758
2169,1280,1204
2170,716,18361
2171,1133,5294
2172,1409,19904
2173,814,10598
2174,1813,17978
2175,1802,16167
2176,1311,11624
2177,1666,12413
2178,1436,2923
2179,1101,12453
2180,816,7772
2181,1932,7968
2182,1522,15925
2183,1236,1886
2184,222,9082
2185,593,1517
2186,997,17770
2187,728,14542
2188,146,18174
2189,1380,10652
2190,885,6527
2191,1992,19976
2192,1701,15606
2193,1658,18959
2194,1987,10185
2195,688,18591
2196,1406,17330
2197,663,16185
2198,1567,9440
2199,1707,17909
2200,1883,11437
2201,1341,9621
2202,295,3848
2203,1157,2957
2204,1597,12150
2205,1119,18203
2206,1314,8323
2207,1781,5238
2208,1669,4529
2209,862,14271
2210,1387,3941
2211,1182,3189
2212,978,15059
2213,765,13521
2214,910,11122
2215,1897,2863
2216,1437,773
2217,132,9443
2218,1184,16929
2219,1866,13960
2220,915,7874
2221,356,17208
2222,1695,8168
2223,966,5509
2224,1958,15446
2225,1994,18742
2226,1846,571
2227,58,7461
2228,1753,9486
2229,1042,4275
2230,1157,7098
2231,616,15530
2232,818,12749
2233,686,8418
2234,1874,11651
2235,8,9763
2236,975,11159
2237,1816,19168
2238,1825,11698
2239,223,8814
2240,1833,16343
2241,1529,5252
2242,120,12310
2243,305,4035
2244,521,960
2245,771,1748
2246,983,19573
2247,1911,3376
2248,1585,5901
2249,832,12525
2250,237,9110
2251,1847,6223
2252,1689,2151
2253,235,19609
2254,514,12976
2255,1378,18007
2256,645,8092
2257,391,18698
2258,1922,918
2259,1857,4860
2260,1322,11716
2261,1367,1161
2262,1815,19655
2263,1018,4248
2264,637,3321
2265,1572,14826
2266,138,19499
2267,1202,582
2268,787,19453
2269,1640,2096
2270,1183,2003
2271,352,11537
2272,1567,19453
2273,445,17394
2274,558,8925
2275,1180,10380
2276,1601,16506
2277,1661,6824
2278,1462,18824
2279,55,18597
2280,66,7055
2281,1415,16174
2282,785,16539
2283,1355,12033
2284,314,8165
2285,1061,768
2286,385,17127
2287,354,19459
2288,57,2863
2289,1264,9859
2290,1319,7602
2291,697,14773
2292,1473,12410
2293,939,9473
2294,746,3901
2295,722,6741
2296,834,14821
2297,518,977
2298,1866,6460
2299,1739,1425
2300,1938,10504
2301,1958,3827
2302,974,1392
2303,436,6280
2304,504,10648
2305,1600,18976
2306,1256,5135
2307,541,1698
2308,684,654
2309,264,6689
2310,115,2479
2311,1327,16267
2312,1445,6209
2313,1777,15968
2314,779,15146
2315,541,13456
2316,732,8864
2317,1464,465
2318,514,292
2319,1074,15631
2320,1261,19262
2321,1790,13176
2322,918,1156
2323,1410,7643
2324,1435,3512
2325,850,844
2326,806,17457
2327,1289,18237
2328,158,15248
2329,1459,4075
2330,585,10985
2331,1922,11307
2332,1402,8680
2333,507,18640
2334,135,2465
2335,400,18530
2336,652,2792
2337,1252,11663
2338,1318,10135
2339,1729,16030
2340,675,4632
2341,1698,8831
2342,1059,11428
2343,690,18247
2344,59,781
2345,391,3489
2346,1806,13035
2347,1127,6157
2348,872,2511
2349,870,2187
2350,239,12890
2351,219,10377
2352,1543,10788
2353,684,5215
2354,1897,9267
2355,892,8196
2356,1820,19414
2357,1147,14138
2358,1151,5660
2359,590,3493
2360,926,12133
2361,719,14644
2362,393,10268
2363,1808,1031
2364,404,2914
2365,164,5316
2366,865,10036
2367,1759,18577
2368,1865,755
2369,1043,13493
2370,1271,9016
2371,1147,6633
2372,619,9485
2373,280,8733
2374,888,16443
2375,48,5899
2376,1317,15919
2377,1507,3573
2378,584,18515
2379,466,11732
2380,1616,17253
2381,1993,6378
2382,31,11999
2383,667,11388
2384,75,10771
2385,157,16148
2386,1006,14467
2387,1072,3977
2388,1864,7286
2389,1512,3686
2390,1918,9534
2391,1088,17568
2392,526,19716
2393,373,5810
2394,1571,11941
2395,635,2021
2396,1162,3174
2397,166,14367
2398,1066,7184
2399,160,8515
2400,733,35
2401,212,12360
2402,1262,10251
2403,1172,11560
2404,537,9181
2405,1142,8637
2406,1033,799
2407,441,7912
2408,109,1166
2409,1156,16237
2410,1454,17342
2411,297,17194
2412,854,5875
2413,86,148
2414,269,602
2415,1514,8968
2416,392,14422
2417,1432,5099
2418,1606,12128
2419,712,14613
2420,1887,8447
2421,1730,14678
2422,1315,112
2423,888,11096
2424,1519,4591
2425,169,18166
2426,1789,12549
2427,1057,5726
2428,410,9724
2429,1555,4820
2430,212,18747
2431,1811,15375
2432,417,7102
2433,905,12358
2434,704,4283
2435,918,5638
2436,860,7618
2437,375,8865
2438,1094,2202
2439,815,11368
2440,1641,15548
2441,497,356
2442,202,7998
2443,1160,6270
2444,11,7305
2445,1596,17065
2446,1099,11059
2447,1140,19556
2448,943,215
2449,17,5860
2450,1891,2474
2451,1554,12733
2452,744,18299
2453,832,1842
2454,1552,10016
2455,1572,13278
2456,580,7094
2457,847,10666
2458,1616,6416
2459,330,13284
2460,276,5969
2461,1439,7763
2462,1258,13121
2463,247,1046
2464,1659,10870
2465,102,19764
2466,358,6073
2467,842,16170
2468,797,1642
2469,1556,2958
2470,736,3465
2471,113,17604
2472,537,10932
2473,1370,761
2474,1908,9359
2475,1108,15445
2476,1926,4776
2477,754,6057
2478,794,5098
2479,59,7080
2480,459,11822
2481,704,17813
2482,13,1071
2483,558,9640
2484,414,7850
2485,1347,18721
2486,1192,14720
2487,1292,12999
2488,73,17246
2489,1318,12582
2490,1931,3133
2491,698,875
2492,110,14484
2493,871,16958
2494,1305,17623
2495,285,8720
2496,292,16147
2497,1524,6499
2498,1657,7354
2499,433,17075
2500,1256,19216
2501,619,14299
2502,1138,19607
2503,1482,18355
2504,413,15231
2505,619,2414
2506,1977,10858
2507,870,9661
2508,629,13540
2509,1878,6780
2510,897,6847
2511,1805,4242
2512,237,1775
2513,579,14068
2514,1936,1223
2515,249,13357
2516,467,5888
2517,1790,12935
2518,14,19404
2519,115,15762
2520,1239,19234
2521,561,19780
2522,804,6953
2523,1549,5781
2524,578,9223
2525,1986,17529
2526,1966,1329
2527,1763,6173
2528,765,3589
2529,1503,17559
2530,1591,19408
2531,319,5538
2532,435,8339
2533,5,15097
2534,1117,3711
2535,534,10209
2536,1638,10360
2537,650,6865
2538,1624,14015
2539,1632,1222
2540,1740,4475
2541,1473,2772
2542,1656,127
2543,520,14070
2544,294,11759
2545,1491,4161
2546,1574,3284
2547,750,6776
2548,1051,2210
2549,1762,656
2550,1475,14586
2551,103,5903
2552,94,7733
2553,1124,15672
2554,535,18253
2555,216,1187
2556,136,14220
2557,1561,7453
2558,976,3960
2559,1489,16472
2560,1720,5738
2561,1572,968
2562,1198,7488
2563,312,6438
2564,82,17899
2565,1186,19201
2566,1919,11948
2567,1063,17575
2568,1167,11597
2569,721,1769
2570,67,17294
2571,320,11002
2572,625,18231
2573,84,3027
2574,1263,8900
2575,1559,4344
2576,1107,14263
2577,1967,6297
2578,101,143
2579,1730,1925
2580,897,10431
2581,1430,13302
2582,1307,13318
2583,1292,18393
2584,407,671
2585,263,10434
2586,574,2972
2587,1387,8464
2588,1180,11848
2589,174,19341
2590,206,5699
2591,1340,8152
2592,1902,7945
2593,381,11838
2594,1180,2089
2595,1140,4035
2596,1189,4054
2597,940,3744
2598,1272,10555
2599,89,15680
2600,1160,5582
2601,1101,3325
2602,816,12713
2603,584,3668
2604,945,13031
2605,1929,7843
2606,1026,3365
2607,1825,3006
2608,1867,12457
2609,636,16236
2610,739,14376
2611,320,19293
2612,1824,12364
2613,1281,7868
2614,775,14077
2615,1312,7576
2616,1899,12354
2617,688,3317
2618,1219,6919
2619,253,4215
2620,752,3064
2621,1304,10011
2622,768,8375
2623,723,13026
2624,1697,4911
2625,993,19614
2626,909,11312
2627,1083,17071
2628,1969,9705
2629,1005,15777
2630,1872,11746
2631,1852,9805
2632,71,6863
2633,303,6889
2634,1691,2519
2635,615,16691
2636,1819,11219
2637,1403,9948
2638,992,12537
2639,906,15407
2640,30,14876
2641,908,5219
2642,560,2383
2643,1133,13209
2644,1762,12249
2645,1159,8829
2646,393,9853
2647,1325,14496
2648,852,13716
2649,589,6683
2650,256,3765
2651,1310,18369
2652,2,17101
2653,548,9765
2654,1447,14322
2655,75,6306
2656,6,12953
2657,160,12321
2658,1734,13459
2659,548,17715
2660,804,18050
2661,616,442
2662,1168,14554
2663,1000,15291
2664,375,18308
2665,1481,14649
2666,1532,2902
2667,833,11854
2668,1364,15081
2669,1007,11525
2670,1879,8242
2671,1304,1936
2672,76,14887
2673,570,14839
2674,685,7308
2675,975,19736
2676,1252,15547
2677,314,1449
2678,1013,14256
2679,1577,3238
2680,259,19783
2681,935,16253
2682,1264,3185
2683,1139,3345
2684,977,13701
2685,1081,7849
2686,576,3516
2687,1590,2994
2688,285,18569
2689,1421,17380
2690,652,19186
2691,943,2639
2692,1397,19996
2693,367,15768
2694,296,16702
2695,426,14930
2696,707,1003
2697,446,14313
2698,1599,144
2699,1049,16664
2700,317,2999
2701,1528,4548
2702,500,12225
2703,518,5288
2704,221,6634
2705,501,4793
2706,1663,18542
2707,1010,4585
2708,833,12336
2709,1123,2771
2710,14,9673
2711,713,8164
2712,1359,12102
2713,262,16071
2714,1302,10796
2715,789,4250
2716,133,2053
2717,759,19781
2718,78,5636
2719,878,2879
2720,1186,5027
2721,1854,18709
2722,284,15159
2723,984,12142
2724,49,2375
2725,129,19352
2726,1688,2061
2727,430,13457
2728,745,6578
2729,564,1167
2730,981,11202
2731,196,15055
2732,1171,9981
2733,455,4039
2734,1150,5797
2735,1840,19381
2736,24,19081
2737,1719,7161
2738,71,9273
2739,1643,3377
2740,651,11079
2741,564,1995
2742,484,1641
2743,1291,2253
2744,903,12052
2745,1933,7709
2746,1493,16582
2747,556,9915
2748,1612,16481
2749,481,12861
2750,802,9943
2751,1425,818
2752,1488,16955
2753,1530,19728
2754,1655,10652
2755,951,13362
2756,117,14703
2757,347,2072
2758,1157,11003
2759,1298,3982
2760,1455,18392
2761,110,8136
2762,587,11260
2763,620,10736
2764,623,6662
2765,421,8412
2766,1121,1612
2767,1444,19157
2768,1383,9199
2769,335,6605
2770,1810,2040
2771,1531,8201
2772,832,4754
2773,181,16237
2774,1551,9008
2775,1158,4686
2776,973,18418
2777,789,16527
2778,342,11735
2779,1564,15327
2780,277,1916
2781,1061,11112
2782,220,10641
2783,337,16749
2784,640,5257
2785,966,12284
2786,1607,14423
2787,1740,4446
2788,1267,5350
2789,760,19712
2790,1296,8183
2791,1259,7965
2792,1157,8558
2793,703,5749
2794,249,18659
2795,1204,4680
2796,1436,18564
2797,1539,2015
2798,1817,5911
2799,1758,14470
2800,1637,19635
2801,1812,7512
2802,1529,19047
2803,1547,6633
2804,797,651
2805,1062,11177
2806,823,7476
2807,1044,6421
2808,1156,3174
2809,469,373
2810,895,5018
2811,1900,1566
2812,49,13141
2813,1602,12561
2814,1855,3174
2815,232,15260
2816,541,17268
2817,890,19325
2818,1645,17604
2819,1660,19736
2820,1480,10747
2821,1823,6368
2822,1675,18608
2823,591,9521
2824,1766,14207
2825,659,6717
2826,1546,8892
2827,1801,79
2828,219,1354
2829,1560,10073
2830,258,6772
2831,715,10524
2832,809,19959
2833,1859,9784
2834,707,16025
2835,1465,7224
2836,892,19306
2837,641,2093
2838,881,7845
2839,1052,356
2840,358,19459
2841,836,9959
2842,632,3609
2843,755,16890
2844,1579,8973
2845,1193,13664
2846,1441,14234
2847,43,19222
2848,318,3930
2849,478,18828
2850,151,7600
2851,311,8147
2852,480,9192
2853,609,1796
2854,1521,18421
2855,534,6383
2856,250,1592
2857,1101,16641
2858,94,13802
2859,66,5078
2860,702,19123
2861,1060,10196
2862,249,16708
2863,149,106
2864,1538,18819
2865,756,17612
2866,1826,6807
2867,847,11132
2868,792,9599
2869,211,16883
2870,446,15514
2871,671,19968
2872,484,6548
2873,860,15157
2874,1670,7990
2875,580,7507
2876,1506,18833
2877,1080,11387
2878,274,6395
2879,234,10562
2880,555,6105
2881,65,17781
2882,64,2621
2883,327,7538
2884,535,17463
2885,1086,18203
2886,1241,19534
2887,633,17020
2888,1655,12341
2889,1123,12799
2890,817,16135
2891,1508,15112
2892,1137,10857
2893,675,9063
2894,564,17918
2895,66,8354
2896,690,17349
2897,670,15050
2898,1803,9045
2899,861,14072
2900,1843,3850
2901,1208,14502
2902,1167,11957
2903,788,9976
2904,2000,11354
2905,1322,18069
2906,2000,5334
2907,216,7471
2908,1459,2831
2909,1852,13996
2910,49,1891
2911,1493,8456
2912,1733,2216
2913,1870,6468
2914,415,5
2915,1063,145
2916,466,12743
2917,651,18317
2918,1959,15480
2919,1379,6141
2920,1049,4306
2921,1776,7953
2922,1431,3692
2923,1294,15816
2924,1735,2439
2925,1374,1947
2926,469,11224
2927,937,9371
2928,1661,15187
2929,1566,7835
2930,715,8695
2931,1103,16034
2932,684,1580
2933,1106,16528
2934,1964,7398
2935,1204,14220
2936,958,6766
2937,368,5113
2938,355,2944
2939,40,15921
2940,1739,1455
2941,483,9075
2942,1883,12782
2943,1595,504
2944,1668,13440
2945,642,11352
2946,245,11273
2947,992,17632
2948,553,19332
2949,465,19567
2950,1496,10498
2951,422,16713
2952,202,12221
2953,1755,17001
2954,989,16096
2955,845,3354
2956,1253,4677
2957,1009,16354
2958,754,2875
2959,954,11952
2960,58,13727
2961,1673,7715
2962,1006,2997
2963,207,7343
2964,1556,17926
2965,763,4136
2966,1180,8580
2967,581,10188
2968,1182,18759
2969,1839,7186
2970,1896,4896
2971,1184,8542
2972,1002,15404
2973,1634,8183
2974,156,1721
2975,1961,14695
2976,681,17617
2977,53,6772
2978,666,9964
2979,146,11937
2980,1502,13087
2981,1679,16472
2982,1858,3354
2983,80,13139
2984,682,9894
2985,1548,1993
2986,116,8553
2987,410,17022
2988,834,3899
2989,521,6963
2990,1623,121
2991,558,18260
2992,1631,13401
2993,650,8098
2994,688,17232
2995,1821,620
2996,1450,7495
2997,1770,3055
2998,1643,777
2999,672,6340
3000,33,3710
3001,852,14531
3002,598,15788
3003,1886,16607
3004,77,14023
3005,510,780
3006,90,6121
3007,1210,15310
3008,1850,16618
3009,1270,14926
3010,1922,17395
3011,1876,7631
3012,210,14304
3013,1129,19657
3014,728,6815
3015,1208,5715
3016,1890,11756
3017,59,11561
3018,792,13423
3019,172,7804
3020,132,10908
3021,384,19218
3022,417,18322
3023,1378,12909
3024,1968,15553
3025,1435,2099
3026,1612,17599
3027,1705,6528
3028,1019,2922
3029,440,13017
3030,59,8091
3031,1217,9967
3032,658,19937
3033,656,3532
3034,439,2218
3035,405,14936
3036,506,8997
3037,164,1159
3038,1361,12571
3039,1334,10800
3040,1119,6724
3041,1696,8456
3042,152,4781
3043,1764,13193
3044,1832,19022
3045,1127,13146
3046,278,15875
3047,373,5600
3048,1659,7364
3049,1705,18734
3050,211,19421
3051,592,12299
3052,848,11379
3053,960,5304
3054,1203,9200
3055,730,13451
3056,26,14410
3057,1815,7334
3058,1477,8917
3059,1445,18512
3060,1249,568
3061,18,5900
3062,572,1656
3063,1408,16176
3064,329,4648
3065,1725,11616
3066,668,7318
3067,1237,4149
3068,452,19930
3069,1208,11789
3070,69,2267
3071,1500,16060
3072,308,11078
3073,1834,19398
3074,405,7122
3075,908,13912
3076,1099,15786
3077,1132,788
3078,1971,19897
3079,1890,13847
3080,508,9345
3081,1475,10145
3082,1679,19681
3083,1338,2166
3084,1376,1640
3085,247,840
3086,1205,13436
3087,1139,1004
3088,1735,12703
3089,111,9951
3090,1435,93
3091,803,2409
3092,152,4845
3093,1085,19872
3094,12,17341
3095,616,8610
3096,1177,15975
3097,1020,16971
3098,837,4532
3099,1915,9637
3100,1222,8026
3101,1273,13369
3102,419,7057
3103,1278,17131
3104,460,4385
3105,964,10668
3106,1070,3204
3107,422,12652
3108,1852,8120
3109,1920,12429
3110,340,18731
3111,898,7215
3112,1667,7159
3113,1800,10758
3114,605,13284
3115,570,10625
3116,1347,10322
3117,1956,6049
3118,1765,19971
3119,475,7309
3120,648,13655
3121,1094,1069
3122,1244,8960
3123,139,1928
3124,1146,3153
3125,1282,4214
3126,1307,575
3127,846,11630
3128,554,9816
3129,1042,17022
3130,1185,1453
3131,958,5507
3132,1336,659
3133,877,15326
3134,1092,846
3135,1769,3095
3136,1403,14300
3137,1033,8689
3138,442,7191
3139,748,10254
3140,169,18973
3141,1808,13926
3142,1788,17933
3143,1252,19683
3144,766,4674
3145,21,10505
3146,1298,6032
3147,340,12940
3148,227,10338
3149,1767,19886
3150,1249,2569
3151,707,3201
3152,99,13989
3153,1278,18715
3154,683,19921
3155,1904,16040
3156,60,2052
3157,164,19454
3158,21,6891
3159,1079,3804
3160,1268,11446
3161,1747,14900
3162,1722,131
3163,1381,953
3164,84,19158
3165,421,18670
3166,1641,13451
3167,1885,6256
3168,783,17551
3169,625,5933
3170,794,16711
3171,69,3119
3172,388,2341
3173,526,5647
3174,1842,12411
3175,970,11806
3176,787,10032
3177,132,19934
3178,1996,18899
3179,1685,12199
3180,1422,11630
3181,1742,2658
3182,670,12299
3183,1585,9549
3184,1390,1205
3185,1093,13413
3186,1803,2942
3187,162,19186
3188,1872,12560
3189,625,9119
3190,1600,4530
3191,1647,12148
3192,721,11913
3193,928,16111
3194,664,18322
3195,434,8320
3196,1111,18655
3197,1294,16826
3198,321,1260
3199,1236,3120
3200,743,324
3201,1780,14745
3202,1561,19520
3203,1115,15668
3204,1997,16781
3205,176,12788
3206,497,13351
3207,102,16288
3208,1170,14480
3209,1795,8014
3210,1209,10657
3211,405,14407
3212,200,8955
3213,877,723
3214,1786,1451
3215,551,4246
3216,277,13690
3217,310,16533
3218,1561,14108
3219,1219,7073
3220,1298,10800
3221,136,1583
3222,878,17079
3223,1223,19453
3224,1761,12539
3225,1444,9555
3226,518,18544
3227,1283,10785
3228,430,9916
3229,1888,7718
3230,1919,680
3231,1674,14895
3232,1564,3375
3233,1485,5638
3234,85,9499
3235,971,4869
3236,1116,2479
3237,1448,2579
3238,726,8527
3239,1871,17726
3240,1879,1744
3241,1431,15665
3242,1128,7452
3243,755,5599
3244,1612,8173
3245,1993,917
3246,1354,6459
3247,1425,2679
3248,665,10604
3249,460,4328
3250,1101,7026
3251,1401,9113
3252,916,10226
3253,1684,17647
3254,893,8004
3255,765,11955
3256,319,18492
3257,1121,16887
3258,336,1426
3259,487,12238
3260,1287,17838
3261,1555,9924
3262,1731,7868
3263,1948,2134
3264,208,8306
3265,1148,5377
3266,1005,18173
3267,754,9754
3268,247,14984
3269,1153,3140
3270,924,3225
3271,737,14692
3272,199,13992
3273,1294,5043
3274,1257,10434
3275,931,6228
3276,607,14282
3277,154,14549
3278,1100,9243
3279,1059,10535
3280,1277,4200
3281,1574,15331
3282,1064,15585
3283,877,16972
3284,633,14064
3285,1091,12459
3286,94,2624
3287,51,16846
3288,2,6158
3289,1440,7510
3290,949,3941
3291,1308,1243
3292,752,8601
3293,951,7238
3294,825,10119
3295,1011,16546
3296,761,11214
3297,1172,18178
3298,1455,6886
3299,1954,18472
3300,209,4054
3301,929,7761
3302,712,13268
3303,1017,13073
3304,242,2344
3305,695,6288
3306,964,7716
3307,605,19579
3308,479,5273
3309,121,11199
3310,1094,15439
3311,1845,13539
3312,1726,17155
3313,1123,19206
3314,5,17353
3315,490,3052
3316,1926,7498
3317,1014,10984
3318,779,9958
3319,834,13442
3320,662,8736
3321,1625,1479
3322,1119,4530
3323,213,15985
3324,820,15643
3325,843,13403
3326,809,10127
3327,810,1338
3328,346,5314
3329,1161,19450
3330,1935,10393
3331,846,6098
3332,1203,10489
3333,1747,17118
3334,1261,2345
3335,733,3937
3336,1777,17427
3337,436,8153
3338,1001,16525
3339,118,9599
3340,1053,14109
3341,154,2410
3342,629,3455
3343,1856,19392
3344,710,11042
3345,729,4332
3346,948,3498
3347,1392,3653
3348,945,11005
3349,732,3265
3350,859,19592
3351,1425,5763
3352,776,14757
3353,1424,6564
3354,1150,4034
3355,525,10102
3356,1412,14273
3357,1583,10939
3358,1584,18593
3359,1348,8260
3360,871,6473
3361,1008,7067
3362,1200,10050
3363,1081,12024
3364,669,7700
3365,143,17213
3366,871,18598
3367,988,19183
3368,228,12399
3369,1007,16584
3370,1887,11707
3371,1985,9192
3372,603,18927
3373,1331,5418
3374,682,4701
3375,1712,5237
3376,850,19928
3377,1818,12627
3378,1243,13921
3379,1388,553
3380,286,2806
3381,507,18097
3382,1501,3054
3383,1888,19542
3384,1503,4081
3385,1714,2063
3386,1729,13725
3387,949,18958
3388,1586,13688
3389,1901,19118
3390,1920,12746
3391,1904,12347
3392,1702,6869
3393,1313,15296
3394,377,8724
3395,857,1802
3396,485,4272
3397,1297,2046
3398,470,19411
3399,1999,8307
3400,1963,9299
3401,1431,19869
3402,504,19575
3403,1261,9404
3404,245,16136
3405,1146,3373
3406,940,19011
3407,404,4993
3408,1327,13019
3409,607,8810
3410,1386,3263
3411,1084,15562
3412,447,16620
3413,259,4171
3414,1882,13674
3415,864,7156
3416,664,16458
3417,348,8246
3418,424,116
3419,1376,248
3420,622,14835
3421,1794,2516
3422,1482,17652
3423,91,17517
3424,715,4158
3425,1644,18076
3426,1097,6290
3427,897,11926
3428,126,7878
3429,1542,5213
3430,643,2350
3431,1744,11568
3432,25,2708
3433,718,5451
3434,1912,19625
3435,1122,17143
3436,1873,5287
3437,172,9734
3438,298,7094
3439,1994,6900
3440,1748,3926
3441,128,5678
3442,776,7455
3443,1261,8118
3444,820,9685
3445,1536,8114
3446,562,1742
3447,291,12515
3448,931,1274
3449,748,12666
3450,1316,14379
3451,1662,9932
3452,1496,5617
3453,876,2668
3454,1067,3631
3455,1617,1475
3456,1692,19096
3457,523,5701
3458,1016,1112
3459,28,1831
3460,1965,12467
3461,139,11673
3462,85,9682
3463,1106,8573
3464,1245,1932
3465,538,10999
3466,1254,6083
3467,1892,13077
3468,1871,5277
3469,1393,17022
3470,243,2750
3471,382,9572
3472,1595,13257
3473,1278,10994
3474,1970,12807
3475,1964,2472
3476,1855,2268
3477,854,12993
3478,52,12086
3479,1211,8008
3480,1362,10166
3481,904,19715
3482,154,13794
3483,101,18491
3484,601,5440
3485,1386,434
3486,1310,16830
3487,1431,15187
3488,957,11724
3489,1012,819
3490,605,9438
3491,1205,1581
3492,1733,13710
3493,888,9206
3494,1308,14131
3495,87,14581
3496,1226,19703
3497,887,17900
3498,1895,5487
3499,915,5188
3500,957,17544
3501,231,6470
3502,385,18863
3503,1058,1921
3504,1720,3283
3505,1361,4135
3506,51,8064
3507,1635,5933
3508,1589,8184
3509,1747,5370
3510,1415,14529
3511,1276,15332
3512,68,17032
3513,850,16522
3514,358,12220
3515,1700,16421
3516,1481,11712
3517,1616,19150
3518,800,12729
3519,754,7219
3520,1116,16906
3521,1232,18024
3522,250,4109
3523,455,14398
3524,87,15803
3525,1198,824
3526,434,5062
3527,1101,1232
3528,801,4139
3529,1453,15904
3530,1840,5063
3531,1557,64
3532,1784,14699
3533,1433,24
3534,734,11816
3535,1466,10110
3536,1249,5955
3537,192,15714
3538,1964,9323
3539,1585,14216
3540,858,16035
3541,940,9775
3542,515,8459
3543,909,12453
3544,1878,15518
3545,703,16630
3546,1032,11779
3547,1649,19634
3548,74,8332
3549,409,8712
3550,1986,731
3551,733,5605
3552,1715,12405
3553,866,19143
3554,897,3169
3555,276,7447
3556,1623,10626
3557,1632,3062
3558,1606,13596
3559,1509,17686
3560,1092,9364
3561,1059,8098
3562,1670,2468
3563,1088,2768
3564,1739,17900
3565,158,14374
3566,529,2039
3567,851,5831
3568,1827,2178
3569,353,14383
3570,279,15796
3571,843,7757
3572,1834,14080
3573,1594,12218
3574,469,5155
3575,834,3581
3576,1230,1544
3577,762,3104
3578,464,11250
3579,1950,16735
3580,1355,5682
3581,862,11508
3582,267,1024
3583,117,18416
3584,1395,8045
3585,1469,1188
3586,480,8954
3587,867,16456
3588,1645,6985
3589,1228,8777
3590,1662,5740
3591,907,3816
3592,1011,17272
3593,131,15564
3594,40,12658
3595,1791,8281
3596,1382,13016
3597,864,8654
3598,648,2670
3599,939,12868
3600,552,10593
3601,601,6961
3602,1869,10243
3603,145,10538
3604,1344,8705
3605,1732,12920
3606,1246,3137
3607,1871,17860
3608,1788,2973
3609,1203,9365
3610,1043,733
3611,1642,13169
3612,115,2643
3613,957,9413
3614,605,8749
3615,59,15610
3616,688,13795
3617,290,9537
3618,1164,14430
3619,166,11192
3620,299,10161
3621,1802,10925
3622,187,14691
3623,1079,11462
3624,1457,17347
3625,1594,6726
3626,1520,6844
3627,1890,967
3628,1009,13228
3629,84,17780
3630,1357,584
3631,1820,4186
3632,1785,13665
3633,899,12507
3634,240,1143
3635,292,17512
3636,1207,4515
3637,1132,5215
3638,1456,3833
3639,1862,6369
3640,1931,14036
3641,1259,1321
3642,1438,4257
3643,1329,3350
3644,1136,12199
3645,1725,14139
3646,1897,42
3647,1825,4247
3648,1931,14717
3649,867,10698
3650,242,9972
3651,1177,19811
3652,110,14788
3653,213,3374
3654,1108,3227
3655,780,16403
3656,505,2996
3657,901,17754
3658,352,10651
3659,576,5919
3660,374,3608
3661,382,2958
3662,897,9668
3663,236,14412
3664,1367,13467
3665,1495,13239
3666,445,6606
3667,345,8917
3668,1657,2245
3669,294,3768
3670,42,11274
3671,1982,11487
3672,1328,14112
3673,550,8914
3674,1235,6909
3675,923,1672
3676,1488,12868
3677,610,8281
3678,1303,2995
3679,1243,17575
3680,1366,6763
3681,587,18327
3682,1270,1755
3683,391,16936
3684,1668,8792
3685,194,1358
3686,916,1361
3687,832,9682
3688,1700,19955
3689,925,12143
3690,113,17553
3691,1896,13372
3692,974,8696
3693,1756,7349
3694,1605,13481
3695,432,2960
3696,1159,10513
3697,1313,2100
3698,1341,1447
3699,1806,15423
3700,878,182
3701,355,2079
3702,30,7437
3703,181,2029
3704,553,15333
3705,246,6266
3706,1448,9607
3707,227,4801
3708,1930,19824
3709,1245,619
3710,401,18643
3711,768,10382
3712,523,18354
3713,1202,14527
3714,1261,5132
3715,565,7783
3716,1855,8301
3717,853,937
3718,5,3166
3719,1252,4026
3720,709,14937
3721,1872,16801
3722,222,11209
3723,516,14239
3724,59,19184
3725,893,3792
3726,199,4904
3727,339,13811
3728,601,19857
3729,1748,17988
3730,1524,17251
3731,692,15161
3732,1030,10985
3733,497,7942
3734,1767,14784
3735,1064,5675
3736,535,4237
3737,1233,4356
3738,715,4053
3739,102,8954
3740,445,10724
3741,1356,11665
3742,756,10254
3743,935,2443
3744,613,8779
3745,1741,19489
3746,1638,9095
3747,1595,17855
3748,1043,11017
3749,264,17902
3750,1715,793
3751,1332,19705
3752,40,4263
3753,1900,4622
3754,703,13270
3755,831,8635
3756,1825,2398
3757,647,12622
3758,330,19482
3759,678,10284
3760,449,1044
3761,1062,11331
3762,603,17416
3763,844,273
3764,728,10057
3765,683,18816
3766,1185,3480
3767,799,19388
3768,321,2899
3769,139,759
3770,1029,12029
3771,1497,2519
3772,1019,7570
3773,1172,10003
3774,658,16996
3775,281,9134
3776,1449,14347
3777,1308,17489
3778,948,11939
3779,1698,13533
3780,1843,2739
3781,1841,9236
3782,1762,5711
3783,1758,18868
3784,1205,4141
3785,734,480
3786,110,16529
3787,1084,13016
3788,170,16073
3789,111,9053
3790,774,1502
3791,466,10575
3792,1954,15212
3793,1322,16908
3794,1096,1516
3795,330,1108
3796,1000,9879
3797,1846,17141
3798,1890,4357
3799,711,11694
3800,1587,18266
3801,304,6220
3802,18,13138
3803,1144,13967
3804,1262,11811
3805,1646,1374
3806,401,11975
3807,894,7776
3808,1022,4656
3809,535,13222
3810,1028,9686
3811,1676,14145
3812,1660,9025
3813,1889,3679
3814,1392,5564
3815,1048,4826
3816,1116,16067
3817,1364,2377
3818,32,15519
3819,1483,9937
3820,1612,12793
3821,1918,3147
3822,1960,7427
3823,1144,1440
3824,1688,3056
3825,966,3066
3826,446,18829
3827,1251,13811
3828,1479,4275
3829,1531,5549
3830,1851,1258
3831,495,17582
3832,88,1895
3833,1192,5863
3834,1258,998
3835,1899,12264
3836,593,19806
3837,1818,4638
3838,135,9805
3839,94,17704
3840,458,14344
3841,67,19662
3842,1602,18409
3843,984,1200
3844,1206,13667
3845,1455,7939
3846,946,10791
3847,1748,18656
3848,558,7467
3849,515,6953
3850,488,13007
3851,413,14512
3852,956,2113
3853,752,19997
3854,1304,9993
3855,377,702
3856,1172,16728
3857,194,13958
3858,1726,11596
3859,1454,13356
3860,1060,16502
3861,906,4606
3862,1479,13420
3863,453,5505
3864,1626,934
3865,1501,14840
3866,1748,4406
3867,454,8707
3868,19,13933
3869,1584,13808
3870,271,116
3871,1264,9217
3872,1797,14642
3873,904,11966
3874,176,15571
3875,1055,9386
3876,1210,11106
3877,1457,7362
3878,1506,16542
3879,1706,10379
3880,1134,2401
3881,42,16456
3882,1924,19028
3883,1622,17910
3884,1534,9328
3885,1480,6658
3886,1708,12373
3887,869,8526
3888,705,9856
3889,1459,5111
3890,1304,18021
3891,1828,6799
3892,85,4448
3893,11,4373
3894,1397,4927
3895,1562,5482
3896,1466,8772
3897,944,8954
3898,1400,13663
3899,237,5079
3900,859,5305
3901,855,18685
3902,745,5655
3903,1074,12430
3904,1793,6763
3905,551,855
3906,1124,18794
3907,1504,8737
3908,593,15172
3909,1985,3646
3910,1077,19939
3911,1979,13722
3912,1007,6044
3913,1164,19908
3914,584,1022
3915,471,14381
3916,155,2444
3917,760,18443
3918,30,5372
3919,322,11566
3920,1354,18235
3921,1170,19049
3922,1319,7584
3923,1298,11940
3924,996,17801
3925,3,17510
3926,1835,15541
3927,1225,11617
3928,800,4639
3929,1945,14315
3930,821,2882
3931,1304,17186
3932,1459,15742
3933,232,5396
3934,840,985
3935,1231,6011
3936,1472,17012
3937,538,3176
3938,426,2569
3939,1154,13692
3940,477,18792
3941,8,8415
3942,832,17145
3943,1464,7715
3944,1498,19754
3945,1782,8026
3946,1528,19422
3947,1309,10513
3948,1080,2056
3949,1040,16076
3950,693,19844
3951,1747,14961
3952,1253,808
3953,236,2354
3954,161,10764
3955,336,2666
3956,669,13163
3957,255,15554
3958,1099,3350
3959,1511,4414
3960,192,9373
3961,1194,58
3962,1051,12178
3963,710,12886
3964,1449,12321
3965,1636,19603
3966,1719,13514
3967,1599,65
3968,274,8818
3969,1719,8129
3970,990,6329
3971,1656,14942
3972,1005,10872
3973,373,11581
3974,1930,17418
3975,1560,14260
3976,1876,18229
3977,1251,15370
3978,281,8704
3979,1803,19044
3980,1038,3148
3981,1851,18142
3982,127,3379
3983,1717,15580
3984,695,13515
3985,1900,14762
3986,1718,16262
3987,1321,16949
3988,292,9971
3989,538,12822
3990,1537,7582
3991,1063,11478
3992,1904,11631
3993,1040,9269
3994,375,3412
3995,1769,7555
3996,1850,7393
3997,821,16317
3998,1777,17461
3999,1292,15322
4000,1615,4736
4001,800,6071
4002,1985,1463
4003,931,8076
4004,1754,7244
4005,1840,12795
4006,1055,6097
4007,886,5680
4008,1233,2776
4009,1962,19062
4010,1560,3837
4011,215,8070
4012,350,3514
4013,1792,11322
4014,480,15170
4015,1410,14367
4016,885,11807
4017,612,3255
4018,1826,16129
4019,1641,7356
4020,1435,3370
4021,1133,10947
4022,687,16806
4023,958,19754
4024,683,15234
4025,438,14032
4026,1707,11801
4027,369,19267
4028,1796,14295
4029,1088,3722
4030,589,8058
4031,573,3346
4032,1680,15569
4033,1871,4480
4034,905,3159
4035,1797,18457
4036,878,10675
4037,701,7831
4038,1619,568
4039,96,7600
4040,1927,11118
4041,890,19525
4042,750,13360
4043,1304,8891
4044,413,7722
4045,791,1861
4046,221,14128
4047,1344,18629
4048,986,17014
4049,691,9827
4050,1363,3043
4051,502,10868
4052,1965,18765
4053,814,11417
4054,438,10499
4055,412,16930
4056,751,16249
4057,1781,18411
4058,531,11833
4059,453,20000
4060,1001,16418
4061,264,18141
4062,1703,17599
4063,1210,18212
4064,200,6945
4065,366,4902
4066,183,9370
4067,1179,4714
4068,1463,16267
4069,1954,17429
4070,49,9278
4071,1258,7662
4072,854,11231
4073,520,6808
4074,989,2977
4075,1606,15516
4076,1871,5662
4077,1148,9851
4078,208,4943
4079,73,12443
4080,955,14736
4081,968,827
4082,734,13836
4083,422,14112
4084,1329,19188
4085,1962,13885
4086,344,8551
4087,1511,1304
4088,875,16744
4089,563,3003
4090,1076,12904
4091,426,16647
4092,61,5649
4093,533,15324
4094,630,7092
4095,1804,14348
4096,1732,10762
4097,688,17298
4098,1249,4967
4099,683,6530
4100,1642,3110
4101,751,6222
4102,1309,15091
4103,1638,18762
4104,610,5158
4105,97,12862
4106,290,18079
4107,659,5861
4108,518,11919
4109,293,1995
4110,1758,18190
4111,1459,17420
4112,773,7741
4113,424,18261
4114,1795,14643
4115,1953,2046
4116,737,12786
4117,210,14072
4118,1455,12153
4119,175,17728
4120,917,18609
4121,1272,19308
4122,143,18782
4123,1181,11728
4124,337,15749
4125,1996,11048
4126,638,425
4127,289,3399
4128,7,18838
4129,401,6745
4130,43,1553
4131,555,16053
4132,1274,9715
4133,12,4212
4134,1656,13166
4135,768,6343
4136,121,11731
4137,1067,14094
4138,1702,16024
4139,1811,3565
4140,1396,151
4141,1493,8511
4142,1509,12444
4143,1242,2190
4144,1547,16227
4145,1209,15359
4146,1396,8907
4147,1790,17816
4148,1661,6245
4149,1719,9120
4150,1720,16664
4151,1088,10114
4152,1135,14311
4153,1939,10844
4154,892,958
4155,915,6582
4156,302,19106
4157,881,14148
4158,1802,13207
4159,1081,1319
4160,14,13690
4161,746,9233
4162,1984,14028
4163,817,13964
4164,214,13626
4165,980,11359
4166,474,12470
4167,892,5918
4168,1529,10150
4169,1148,19227
4170,1084,14509
4171,1584,17881
4172,108,1648
4173,631,4724
4174,1381,2506
4175,1286,6201
4176,1440,3221
4177,1573,2260
4178,1959,11453
4179,1406,3692
4180,1244,16313
4181,1487,13952
4182,378,5475
4183,440,859
4184,420,6830
4185,1300,11137
4186,616,14553
4187,849,1131
4188,1673,1796
4189,387,12046
4190,345,5904
4191,620,7959
4192,1959,8872
4193,953,9140
4194,975,7460
4195,525,17671
4196,1393,11894
4197,425,16383
4198,1864,19615
4199,1472,9539
4200,1037,9579
4201,222,15515
4202,735,18561
4203,899,17945
4204,751,19420
4205,1685,11257
4206,187,18981
4207,1084,412
4208,394,8917
4209,328,10398
4210,722,5565
4211,1066,16597
4212,486,14434
4213,1063,14539
4214,88,12759
4215,306,8793
4216,234,14913
4217,773,17188
4218,1021,5495
4219,565,14005
4220,295,551
4221,632,18184
4222,1847,4409
4223,1235,1147
4224,1759,10041
4225,1400,1877
4226,1786,11289
4227,1544,15259
4228,1677,19096
4229,1046,9017
4230,1700,8396
4231,1670,17914
4232,933,11054
4233,233,2711
4234,803,9699
4235,940,11
4236,631,4792
4237,1676,14526
4238,840,1911
4239,1516,17981
4240,809,18744
4241,126,3177
4242,230,1514
4243,467,12608
4244,1180,15421
4245,447,17954
4246,1725,5347
4247,557,12088
4248,363,19536
4249,1322,10545
4250,73,3176
4251,1331,7224
4252,1176,9489
4253,168,8058
4254,234,19695
4255,1637,15068
4256,1797,10793
4257,394,2583
4258,2,461
4259,937,17800
4260,1860,4371
4261,1418,11272
4262,1236,7491
4263,1945,1495
4264,1724,8630
4265,714,2059
4266,629,7464
4267,944,14201
4268,1699,7122
4269,845,8062
4270,1804,17015
4271,829,3751
4272,1268,15126
4273,1067,13169
4274,1195,16149
4275,1133,15016
4276,1145,16581
4277,1557,13414
4278,991,8018
4279,1205,10489
4280,365,15732
4281,1650,5581
4282,1138,18753
4283,1500,16448
4284,196,19106
4285,1255,1063
4286,246,17364
4287,44,11868
4288,1132,9144
4289,113,13121
4290,588,19038
4291,1716,7701
4292,1632,1501
4293,374,12975
4294,1209,11503
4295,1599,13676
4296,1447,12191
4297,589,3507
4298,1910,11332
4299,1348,8318
4300,1438,19594
4301,1450,9338
4302,704,10506
4303,1873,11797
4304,1430,17747
4305,628,3269
4306,164,18952
4307,1697,10954
4308,1608,7940
4309,307,13250
4310,1537,19699
4311,1188,14054
4312,1246,1876
4313,749,12074
4314,105,7409
4315,1362,6698
4316,1547,18353
4317,1150,1806
4318,351,15147
4319,1200,9218
4320,1160,4517
4321,1535,18859
4322,194,14420
4323,1174,4523
4324,2000,7271
4325,1526,11314
4326,264,3859
4327,434,12930
4328,245,80
4329,170,6831
4330,262,4902
4331,1686,6179
4332,1969,19601
4333,1821,5920
4334,476,14997
4335,1593,13415
4336,598,14622
4337,1854,5538
4338,1850,7699
4339,593,2364
4340,1088,6469
4341,507,10545
4342,1953,19811
4343,1168,10707
4344,1433,1300
4345,52,13872
4346,284,11664
4347,1890,17348
4348,1700,19297
4349,749,15159
4350,1038,17323
4351,734,9005
4352,1792,10071
4353,1010,3051
4354,1056,12540
4355,1478,19963
4356,234,16601
4357,1034,12549
4358,866,9607
4359,1169,7003
4360,1651,441
4361,820,14346
4362,1134,8964
4363,892,1524
4364,1280,16199
4365,753,19681
4366,210,5685
4367,955,2483
4368,296,2850
4369,565,10756
4370,1089,5432
4371,427,14377
4372,666,18660
4373,1343,2868
4374,1143,9680
4375,169,13740
4376,1748,11722
4377,1272,12171
4378,851,16444
4379,346,18474
4380,308,17537
4381,964,6907
4382,1952,11857
4383,43,13258
4384,1219,6097
4385,39,7153
4386,746,8670
4387,623,18512
4388,1096,3441
4389,763,7944
4390,1750,17531
4391,833,19294
4392,510,19710
4393,495,19110
4394,1513,10636
4395,1298,7987
4396,79,4397
4397,1512,7131
4398,1478,17183
4399,761,2209
4400,162,655
4401,499,4631
4402,1244,1499
4403,1157,17414
4404,1159,16926
4405,660,7463
4406,255,18573
4407,1413,18440
4408,18,10819
4409,418,3237
4410,1597,19841
4411,1153,18835
4412,520,19007
4413,1735,2402
4414,1270,6383
4415,788,16849
4416,199,11990
4417,201,7138
4418,1071,7327
4419,157,8252
4420,273,7874
4421,752,7906
4422,507,18204
4423,176,17583
4424,233,19211
4425,1358,1368
4426,1933,4410
4427,1376,6227
4428,1039,16975
4429,1401,15416
4430,241,15010
4431,1753,18127
4432,707,9202
4433,276,7765
4434,1473,17875
4435,1552,10501
4436,518,10514
4437,1927,15719
4438,1672,15211
4439,703,19002
4440,1819,12607
4441,982,8
4442,332,19223
4443,1698,7896
4444,672,8657
4445,1300,4842
4446,952,14521
4447,1801,19122
4448,935,14992
4449,610,7055
4450,465,5098
4451,19,17226
4452,568,9349
4453,211,13523
4454,363,17288
4455,1094,11677
4456,760,15124
4457,1895,4889
4458,1864,18715
4459,600,17814
4460,1932,15709
4461,1305,17757
4462,1302,6984
4463,142,19506
4464,255,1628
4465,55,15915
4466,724,9525
4467,338,8433
4468,474,8656
4469,256,10913
4470,1695,10108
4471,1115,1132
4472,1673,6672
4473,1821,5532
4474,1895,7622
4475,1773,8529
4476,823,14447
4477,1386,9033
4478,1490,15846
4479,962,13438
4480,1484,2215
4481,162,11629
4482,826,18797
4483,991,3676
4484,45,19531
4485,1137,13044
4486,996,15091
4487,96,16791
4488,1514,6092
4489,1676,4715
4490,1257,16569
4491,1273,11376
4492,141,12030
4493,795,9435
4494,407,15153
4495,1789,18738
4496,325,19886
4497,1401,2043
4498,1624,15833
4499,1820,6526
4500,1534,18909
4501,121,4251
4502,463,7822
4503,1506,4808
4504,1627,5675
4505,1031,12402
4506,997,10034
4507,1595,12664
4508,1603,18094
4509,1213,10218
4510,449,16187
4511,1161,16177
4512,1866,1903
4513,430,881
4514,641,9728
4515,964,15342
4516,1922,1177
4517,702,10388
4518,693,6271
4519,773,5287
4520,1584,19869
4521,183,5454
4522,996,7956
4523,57,8882
4524,424,17109
4525,1620,3595
4526,1617,3932
4527,924,11210
4528,1675,13200
4529,1360,8485
4530,505,6713
4531,1411,2045
4532,1309,11591
4533,1937,10575
4534,1501,6433
4535,750,16587
4536,429,13695
4537,1772,17382
4538,495,12649
4539,261,10497
4540,607,12466
4541,547,14987
4542,1009,8630
4543,1414,14362
4544,1442,1214
4545,1571,6357
4546,193,16862
4547,973,9235
4548,164,18300
4549,52,19586
4550,229,13359
4551,1174,2131
4552,1888,16666
4553,1815,601
4554,1941,18244
4555,176,9918
4556,1314,19807
4557,645,9756
4558,1256,6800
4559,1438,6830
4560,1693,384
4561,1719,19368
4562,1159,19499
4563,552,6594
4564,1014,4910
4565,882,16961
4566,1015,5636
4567,176,18941
4568,1769,3319
4569,1819,5577
4570,664,15019
4571,1317,5521
4572,573,17663
4573,1102,3270
4574,578,11510
4575,312,10662
4576,1929,6634
4577,350,4189
4578,1453,14779
4579,1014,11747
4580,177,10089
4581,1518,1981
4582,336,8190
4583,1977,658
4584,959,19992
4585,179,18287
4586,1641,10155
4587,1706,10560
4588,209,15225
4589,1709,4497
4590,867,19642
4591,1439,1541
4592,1128,2500
4593,181,5261
4594,1799,13658
4595,682,11136
4596,325,1560
4597,103,12317
4598,662,9933
4599,1974,8829
4600,1512,2955
4601,1862,2756
4602,1367,13997
4603,417,6832
4604,143,14227
4605,339,3805
4606,26,9125
4607,340,15924
4608,1665,9413
4609,1928,15831
4610,932,16020
4611,1221,15459
4612,453,14624
4613,1772,4406
4614,1751,910
4615,857,19334
4616,1737,6766
4617,1984,4877
4618,1105,17931
4619,1925,16966
4620,1314,3933
4621,840,13068
4622,672,2547
4623,736,11206
4624,380,1356
4625,948,18398
4626,490,3133
4627,218,18443
4628,1241,9355
4629,14,10927
4630,1096,15541
4631,840,3370
4632,1530,11985
4633,1839,9003
4634,769,13111
4635,53,1653
4636,998,15318
4637,1070,7831
4638,1954,5755
4639,1782,14892
4640,571,13955
4641,1917,4552
4642,1270,3399
4643,1189,15751
4644,112,1698
4645,1868,10025
4646,585,7038
4647,1279,19305
4648,1103,2540
4649,624,14324
4650,1935,13202
4651,1776,10308
4652,747,9867
4653,1980,5996
4654,760,12150
4655,1036,10877
4656,1845,5368
4657,1862,394
4658,793,16153
4659,941,16776
4660,1342,16395
4661,373,5384
4662,831,18979
4663,1051,12960
4664,1205,4607
4665,37,19603
4666,1098,12891
4667,1096,4761
4668,983,2960
4669,1259,10570
4670,505,5899
4671,828,13933
4672,1573,127
4673,504,12200
4674,1668,14539
4675,430,13103
4676,1739,13753
4677,1165,7680
4678,1346,7332
4679,462,19783
4680,425,11645
4681,272,10897
4682,1936,228
4683,835,215
4684,152,14543
4685,1862,11487
4686,957,18260
4687,1382,17145
4688,1416,7412
4689,1550,11916
4690,785,3664
4691,247,8771
4692,1569,2258
4693,1137,19039
4694,1814,18957
4695,1383,12413
4696,1417,13570
4697,1601,19184
4698,1211,12093
4699,1900,94
4700,396,10475
4701,584,19036
4702,1453,17593
4703,607,17232
4704,1778,11398
4705,1415,8725
4706,884,18212
4707,1255,7410
4708,1318,8867
4709,1655,15792
4710,1533,16036
4711,600,6094
4712,594,1197
4713,321,15800
4714,1776,11699
4715,120,18641
4716,699,3771
4717,1926,1464
4718,1200,12871
4719,231,18921
4720,1748,995
4721,515,1715
4722,1253,9705
4723,1866,6102
4724,145,18467
4725,461,1909
4726,107,3735
4727,317,11544
4728,1010,5164
4729,415,1711
4730,1636,4321
4731,109,9579
4732,1973,244
4733,200,11405
4734,435,6758
4735,1776,3381
4736,1091,344
4737,623,7944
4738,578,11433
4739,743,9932
4740,675,16700
4741,1467,11500
4742,370,1094
4743,1816,15767
4744,1073,15771
4745,1746,4368
4746,789,18825
4747,1872,17394
4748,429,9566
4749,1150,13873
4750,1312,1152
4751,1116,17564
4752,464,8120
4753,535,9708
4754,1360,14987
4755,41,14993
4756,1045,5991
4757,1033,1817
4758,1632,12854
4759,1910,13411
4760,1295,10475
4761,703,15588
4762,497,17657
4763,774,14477
4764,421,3147
4765,321,15325
4766,1720,4932
4767,1123,2016
4768,1183,4389
4769,1647,9789
4770,1921,7905
4771,1821,12705
4772,1185,979
4773,1802,9911
4774,618,19499
4775,227,12711
4776,229,398
4777,1044,8704
4778,671,11155
4779,1694,5670
4780,887,17536
4781,814,14198
4782,59,7691
4783,1215,15030
4784,1168,17907
4785,897,10435
4786,1419,6278
4787,1004,19337
4788,1135,17669
4789,1953,8089
4790,385,4610
4791,474,8851
4792,1745,14554
4793,1277,13696
4794,1990,16336
4795,1280,7451
4796,68,12479
4797,528,19841
4798,1677,2233
4799,744,13985
4800,1339,2396
4801,95,16628
4802,1090,19182
4803,387,4467
4804,413,12327
4805,808,11213
4806,1490,15048
4807,771,17168
4808,469,12499
4809,392,441
4810,1219,12880
4811,713,15758
4812,904,12970
4813,1735,12124
4814,18,894
4815,1792,5109
4816,344,16574
4817,1291,8223
4818,1616,7581
4819,1168,40
4820,8,5814
4821,1021,7545
4822,1113,5662
4823,49,14067
4824,713,5844
4825,1540,12986
4826,620,13199
4827,603,19731
4828,766,13875
4829,768,17270
4830,417,1465
4831,114,1188
4832,280,10552
4833,755,7615
4834,1061,5264
4835,1775,4465
4836,247,14585
4837,46,12550
4838,834,4456
4839,872,18871
4840,866,11218
4841,1953,393
4842,855,3503
4843,669,16962
4844,1646,4181
4845,484,2363
4846,301,4200
4847,497,13891
4848,1036,10094
4849,879,9243
4850,1168,1956
4851,690,11428
4852,339,10391
4853,1374,7841
4854,1503,3373
4855,389,16406
4856,1077,16564
4857,1328,3576
4858,1198,11485
4859,1043,18132
4860,1928,13776
4861,1726,9793
4862,1607,15749
4863,1805,6218
4864,1759,8198
4865,951,12646
4866,636,1103
4867,1483,3730
4868,1393,7421
4869,709,16679
4870,1368,8928
4871,1396,15645
4872,611,3451
4873,781,15202
4874,298,3195
4875,883,17959
4876,787,2430
4877,1208,12017
4878,926,6255
4879,358,16596
4880,197,15214
4881,639,12059
4882,909,5894
4883,621,479
4884,672,5419
4885,1753,4209
4886,963,2914
4887,1898,6603
4888,2000,373
4889,1965,10285
4890,176,19164
4891,1280,10974
4892,468,506
4893,1910,15905
4894,287,1897
4895,1774,1562
4896,1444,1233
4897,1299,10165
4898,1362,19389
4899,1541,16106
4900,659,10423
4901,798,17781
4902,12,1421
4903,1696,7096
4904,916,15549
4905,269,17309
4906,1018,18630
4907,1434,17908
4908,1012,5689
4909,507,19635
4910,1817,4637
4911,1457,9620
4912,1200,16845
4913,833,10881
4914,1850,19491
4915,861,2889
4916,1666,6533
4917,1900,9983
4918,1986,14728
4919,1486,10130
4920,1463,582
4921,452,8239
4922,993,303
4923,395,19667
4924,362,5603
4925,1414,12745
4926,27,17655
4927,1184,8970
4928,763,6944
4929,222,7236
4930,443,19523
4931,1435,14344
4932,1468,15614
4933,1701,8428
4934,1933,16734
4935,1509,14246
4936,1678,10483
4937,902,2700
4938,1516,11884
4939,28,17465
4940,279,7651
4941,1490,686
4942,371,1233
4943,631,7346
4944,175,11514
4945,1605,10587
4946,1972,10956
4947,1678,14362
4948,1484,1511
4949,813,18627
4950,93,15857
4951,1732,15433
4952,1963,3187
4953,152,794
4954,1618,16386
4955,1846,7311
4956,1131,16258
4957,822,3962
4958,1050,1310
4959,697,2246
4960,1569,9282
4961,7,6172
4962,1498,14003
4963,1756,14663
4964,959,3903
4965,887,5707
4966,1806,7054
4967,99,17484
4968,1663,6950
4969,1430,4028
4970,1915,17272
4971,122,13267
4972,1193,8923
4973,65,15208
4974,1101,10072
4975,945,6758
4976,869,18872
4977,509,2183
4978,842,19653
4979,1572,5849
4980,1268,17655
4981,850,11707
4982,119,13620
4983,1980,5280
4984,569,19577
4985,1421,4074
4986,1217,19885
4987,1369,688
4988,69,447
4989,1281,7810
4990,639,12489
4991,225,6240
4992,1021,19740
4993,1723,11425
4994,1081,18594
4995,12,10853
4996,6,15037
4997,422,13781
4998,223,10942
4999,1906,9542
5000,724,14567
5001,470,642
5002,1621,10373
5003,1514,11169
5004,1674,2087
5005,1177,10598
5006,1749,7761
5007,1139,15730
5008,203,13585
5009,1429,269
5010,952,12018
5011,469,3792
5012,866,7136
5013,26,12314
5014,1235,16861
5015,1441,13588
5016,1611,3477
5017,1612,16051
5018,1273,5849
5019,158,9639
5020,179,10924
5021,931,8314
5022,1570,6953
5023,1710,16980
5024,1153,10607
5025,1191,19192
5026,895,746
5027,793,4913
5028,1845,10362
5029,545,12124
5030,682,9062
5031,1473,17965
5032,1990,4761
5033,1699,10385
5034,855,8858
5035,1115,18001
5036,528,247
5037,1142,485
5038,1720,11133
5039,311,6114
5040,768,18472
5041,1120,18537
5042,1459,5984
5043,949,2214
5044,1154,10493
5045,1629,3947
5046,1646,10367
5047,69,17212
5048,1194,17886
5049,1555,2556
5050,1672,13871
5051,1562,12722
5052,1474,9471
5053,1754,10538
5054,703,17980
5055,373,11503
5056,331,18610
5057,1360,17958
5058,855,7583
5059,826,5176
5060,1912,5129
5061,1366,17351
5062,1513,366
5063,959,19905
5064,579,18431
5065,349,4253
5066,1875,16032
5067,1932,15023
5068,1486,9363
5069,1916,11483
5070,150,7209
5071,204,8353
5072,1530,15118
5073,1385,5267
5074,658,2744
5075,1649,13329
5076,764,2431
5077,1519,18035
5078,139,4440
5079,891,5003
5080,279,3749
5081,191,7661
5082,1369,17537
5083,711,3505
5084,185,18575
5085,1471,1310
5086,341,19
5087,1240,11533
5088,1337,7817
5089,223,18762
5090,409,12877
5091,1330,4621
5092,1746,10675
5093,183,12005
5094,974,1841
5095,1666,6181
5096,788,3043
5097,1225,18344
5098,1282,1454
5099,940,12416
5100,640,4409
5101,973,18012
5102,1756,4170
5103,1753,1847
5104,981,13937
5105,1335,17450
5106,1265,11167
5107,252,6539
5108,1787,8662
5109,572,19930
5110,1790,15037
5111,1129,1867
5112,1971,18343
5113,655,755
5114,70,2208
5115,1301,19321
5116,1436,14672
5117,1038,15281
5118,655,2282
5119,1301,13126
5120,1666,9901
5121,301,16526
5122,1826,8109
5123,1340,2541
5124,416,19035
5125,1351,494
5126,1862,15073
5127,713,4834
5128,1532,1239
5129,1615,16563
5130,1137,14507
5131,1965,1070
5132,863,2310
5133,686,10842
5134,353,5117
5135,1179,16141
5136,1989,19557
5137,1360,10954
5138,542,4503
5139,933,15768
5140,1332,11231
5141,1404,15499
5142,1713,7862
5143,1365,2066
5144,657,11018
5145,697,17272
5146,381,552
5147,1315,2019
5148,962,7792
5149,1534,7505
5150,780,5528
5151,579,15189
5152,1562,6100
5153,1620,17792
5154,1308,4232
5155,188,16854
5156,894,5344
5157,240,13359
5158,1136,3146
5159,1617,2406
5160,1524,18674
5161,647,6618
5162,885,13130
5163,753,16205
5164,1067,18093
5165,1039,8238
5166,1457,9839
5167,1587,6056
5168,1138,19945
5169,1832,18803
5170,1329,833
5171,963,19753
5172,1142,6794
5173,1940,5358
5174,1714,18130
5175,206,3344
5176,1931,3471
5177,560,7266
5178,784,12990
5179,436,17834
5180,1252,14801
5181,298,16251
5182,438,7214
5183,746,14521
5184,392,19624
5185,1959,12285
5186,572,13291
5187,701,9080
5188,1467,1277
5189,965,5332
5190,479,550
5191,433,18450
5192,1171,6632
5193,470,7694
5194,803,19416
5195,1971,323
5196,998,19309
5197,465,3092
5198,1173,11546
5199,134,16843
5200,1055,12635
5201,1037,5575
5202,905,2501
5203,1479,9309
5204,1718,1476
5205,64,8999
5206,641,7378
5207,756,11439
5208,93,10104
5209,626,19244
5210,1246,861
5211,745,4153
5212,1773,1844
5213,1981,14290
5214,401,19838
5215,933,10790
5216,656,8361
5217,1675,19910
5218,782,1690
5219,1293,1445
5220,1018,3754
5221,1981,5305
5222,735,2726
5223,1997,13850
5224,1946,12795
5225,833,7572
5226,157,11788
5227,271,650
5228,915,12034
5229,1290,5111
5230,1257,19057
5231,269,9436
5232,700,15491
5233,1729,2958
5234,67,16107
5235,1111,15588
5236,1422,3187
5237,1399,10126
5238,695,19522
5239,1276,7502
5240,1189,2633
5241,229,13256
5242,525,2970
5243,1185,17199
5244,1411,16514
5245,1867,12137
5246,1375,19253
5247,905,4943
5248,1329,9100
5249,1252,13879
5250,1609,6667
5251,118,9606
5252,388,9427
5253,1489,1040
5254,1125,16703
5255,1479,2355
5256,1711,2613
5257,1657,8874
5258,208,4254
5259,355,14699
5260,18,17445
5261,1914,16271
5262,294,10347
5263,1843,10866
5264,1149,17337
5265,698,13400
5266,1640,2587
5267,1159,4270
5268,466,6560
5269,339,559
5270,712,1715
5271,815,2669
5272,1127,2066
5273,1618,3729
5274,393,2574
5275,1408,1749
5276,1388,14414
5277,741,5048
5278,257,4906
5279,927,13279
5280,1787,12734
5281,1949,8044
5282,669,11916
5283,1589,6064
5284,1419,6292
5285,1683,8856
5286,795,1466
5287,1264,9320
5288,1217,9170
5289,1668,18585
5290,1658,326
5291,1137,8214
5292,1524,2092
5293,227,7478
5294,349,14203
5295,1505,13426
5296,899,6119
5297,1046,19372
5298,134,7521
5299,1281,5796
5300,298,803
5301,1357,6173
5302,1316,11431
5303,1000,1844
5304,458,3526
5305,31,16878
5306,1568,3938
5307,1619,19603
5308,1808,12241
5309,1858,2259
5310,419,4329
5311,1985,2355
5312,1756,10328
5313,38,579
5314,459,4348
5315,1340,13259
5316,1903,18184
5317,584,12256
5318,409,10790
5319,989,13825
5320,473,19804
5321,1952,6897
5322,1142,99
5323,494,13359
5324,77,17206
5325,946,17225
5326,993,6843
5327,625,12403
5328,177,7450
5329,1685,10123
5330,896,8784
5331,1139,3251
5332,1649,15232
5333,262,14217
5334,413,6797
5335,1960,12984
5336,1899,8589
5337,1064,1226
5338,1183,4576
5339,1062,18908
5340,1687,14842
5341,1817,16827
5342,1074,13233
5343,1394,17095
5344,1547,17736
5345,984,684
5346,304,15762
5347,1649,4523
5348,1021,18941
5349,1307,14739
5350,870,927
5351,1310,17252
5352,1032,7775
5353,341,14427
5354,1263,193
5355,431,18639
5356,445,11032
5357,1688,5613
5358,1214,10900
5359,423,6759
5360,1041,11109
5361,873,17380
5362,969,4204
5363,1008,19663
5364,1127,16226
5365,1007,8569
5366,341,8689
5367,1624,17885
5368,1605,14333
5369,1421,15834
5370,9,5682
5371,100,1383
5372,452,10879
5373,1910,3204
5374,1254,11436
5375,1513,11749
5376,226,19922
5377,479,19132
5378,702,11018
5379,1455,1959
5380,1581,10731
5381,1543,13079
5382,1971,7564
5383,1970,9093
5384,1563,15243
5385,1376,1382
5386,1322,15349
5387,713,9640
5388,634,6038
5389,230,2932
5390,1322,8761
5391,725,10590
5392,408,9034
5393,1360,14195
5394,1088,1418
5395,1108,19369
5396,894,15271
5397,425,14277
5398,1898,19711
5399,1058,10893
5400,1854,14639
5401,306,1060
5402,1570,5772
5403,367,6892
5404,1110,19728
5405,608,371
5406,1892,5899
5407,859,10866
5408,1788,12292
5409,1254,13680
5410,1008,13672
5411,1603,7240
5412,595,1675
5413,285,16053
5414,1560,9317
5415,1955,12121
5416,341,6325
5417,1394,1610
5418,1897,2964
5419,1733,16934
5420,1923,11468
5421,1698,15917
5422,232,5665
5423,819,17916
5424,527,1234
5425,918,12553
5426,1714,2878
5427,131,3564
5428,223,3410
5429,1403,11907
5430,590,10230
5431,543,10996
5432,945,2670
5433,1741,17087
5434,1909,17191
5435,1461,14004
5436,45,10052
5437,1519,11086
5438,1014,4661
5439,928,7928
5440,158,1361
5441,1789,19935
5442,690,8613
5443,937,15317
5444,581,17866
5445,47,18480
5446,847,4491
5447,452,14114
5448,771,7863
5449,1673,4983
5450,974,3277
5451,1341,12251
5452,1179,12400
5453,946,5486
5454,1088,19955
5455,1829,4818
5456,1914,3884
5457,867,4250
5458,1185,5907
5459,450,9677
5460,976,18110
5461,518,712
5462,1806,2429
5463,298,7971
5464,1903,14391
5465,215,14529
5466,491,14276
5467,12,5584
5468,1284,7270
5469,291,11711
5470,1264,7323
5471,315,16137
5472,1480,740
5473,788,11442
5474,1145,7048
5475,1960,18149
5476,1806,11267
5477,516,7232
5478,1848,7286
5479,411,10287
5480,1521,6468
5481,834,5554
5482,1998,18411
5483,1754,6605
5484,646,6183
5485,418,13045
5486,1204,4296
5487,1685,1760
5488,111,10348
5489,869,8654
5490,114,15705
5491,1201,13908
5492,1,3196
5493,1000,13283
5494,945,19112
5495,144,18526
5496,1859,19996
5497,906,4000
5498,1460,11820
5499,1344,4569
5500,1968,546
5501,1727,10044
5502,930,3718
5503,470,17296
5504,809,13290
5505,378,11743
5506,1059,14718
5507,1660,18406
5508,1103,13803
5509,1518,4591
5510,989,15769
5511,250,16606
5512,755,14537
5513,930,2600
5514,1886,3119
5515,1395,10002
5516,510,10057
5517,1997,14547
5518,192,17985
5519,95,11564
5520,484,2459
5521,1757,11157
5522,701,4966
5523,347,17275
5524,779,10188
5525,1322,11641
5526,870,5059
5527,1652,13624
5528,114,10506
5529,1633,17442
5530,1547,18527
5531,1330,14573
5532,1951,5457
5533,1171,6600
5534,202,16416
5535,33,7998
5536,1701,528
5537,1824,12445
5538,1323,2761
5539,1894,6574
5540,1060,12194
5541,484,10270
5542,1760,19652
5543,1734,1845
5544,1141,2759
5545,486,7920
5546,1081,7679
5547,1219,15440
5548,1914,1041
5549,937,4512
5550,1333,5640
5551,1982,15063
5552,1404,11729
5553,1077,11954
5554,884,11319
5555,1274,5066
5556,654,18309
5557,1393,1267
5558,145,16596
5559,1764,6167
5560,865,5441
5561,1484,19794
5562,265,2333
5563,476,6282
5564,17,13695
5565,303,19062
5566,1809,17428
5567,1521,12089
5568,78,8555
5569,1168,17913
5570,270,2325
5571,428,13555
5572,537,4763
5573,1983,17087
5574,598,2472
5575,536,1253
5576,65,19282
5577,713,14708
5578,447,5694
5579,749,10923
5580,87,18132
5581,1521,13512
5582,731,19771
5583,1473,5327
5584,1086,2861
5585,545,8469
5586,374,11129
5587,45,6878
5588,1893,3729
5589,673,17954
5590,1824,2282
5591,1718,13558
5592,1806,10366
5593,1591,7889
5594,239,10672
5595,448,3778
5596,1637,11282
5597,292,17245
5598,1358,6481
5599,337,19025
5600,1308,12719
5601,651,13287
5602,1492,10478
5603,1321,8026
5604,1815,18523
5605,1708,16574
5606,1537,6619
5607,1564,61
5608,1821,3406
5609,1781,6763
5610,1530,4537
5611,307,14691
5612,1612,1357
5613,854,6803
5614,168,5781
5615,732,8056
5616,1158,8520
5617,1451,7902
5618,1917,2275
5619,1707,15315
5620,930,61
5621,1510,20000
5622,1586,2711
5623,100,6829
5624,818,18653
5625,272,316
5626,1378,7917
5627,1088,9640
5628,1479,13261
5629,1814,16151
5630,268,11335
5631,1096,1301
5632,1684,4960
5633,663,10947
5634,878,16931
5635,1425,2455
5636,1277,294
5637,1038,18010
5638,431,5546
5639,1094,12793
5640,523,16199
5641,1726,12964
5642,253,17422
5643,658,13811
5644,1289,599
5645,579,8991
5646,264,12080
5647,1411,16106
5648,1989,13585
5649,1605,1230
5650,1469,15317
5651,1037,12116
5652,886,1508
5653,1654,4150
5654,304,18394
5655,781,1319
5656,544,14932
5657,855,4535
5658,1156,17239
5659,454,19542
5660,1056,18653
5661,1339,11052
5662,1081,16772
5663,1191,14369
5664,25,12319
5665,113,10398
5666,363,61
5667,37,10308
5668,102,13113
5669,1930,6023
5670,727,2726
5671,1248,1428
5672,163,8401
5673,1212,3582
5674,1109,4055
5675,13,9901
5676,1002,15320
5677,629,3526
5678,1207,15786
5679,1736,14561
5680,852,10967
5681,1847,14986
5682,1720,83
5683,1350,19587
5684,1039,15059
5685,1910,19239
5686,981,12928
5687,539,13826
5688,1937,14081
5689,1184,11801
5690,1521,1188
5691,443,6289
5692,425,4746
5693,1107,19495
5694,1949,3172
5695,1588,16296
5696,1094,4435
5697,1163,4106
5698,28,13314
5699,244,12692
5700,756,10805
5701,1517,8866
5702,59,15136
5703,1986,16800
5704,1865,193
5705,996,16363
5706,1182,12110
5707,52,13832
5708,916,11302
5709,330,17004
5710,878,18747
5711,1142,12638
5712,691,12365
5713,493,3747
5714,843,1048
5715,1457,7146
5716,86,2689
5717,4,10937
5718,969,930
5719,1230,18223
5720,599,8387
5721,1267,4744
5722,1602,3197
5723,1446,6435
5724,290,10651
5725,414,6913
5726,1818,4579
5727,978,9371
5728,868,6264
5729,131,3518
5730,1130,13576
5731,705,9946
5732,1952,8823
5733,1251,977
5734,1127,19792
5735,1905,2119
5736,1051,1044
5737,1000,9535
5738,249,18837
5739,1123,18203
5740,836,5006
5741,1526,1914
5742,1318,13414
5743,1255,15706
5744,1298,15331
5745,1624,2144
5746,669,2243
5747,943,11462
5748,327,14745
5749,1271,19779
5750,1631,13709
5751,1618,4766
5752,1652,16562
5753,452,15797
5754,1316,5369
5755,164,10356
5756,505,3814
5757,1851,10058
5758,1170,7045
5759,1529,5890
5760,1101,1457
5761,561,11235
5762,696,16366
5763,1346,15982
5764,294,12782
5765,613,5215
5766,1637,4817
5767,1852,16801
5768,605,19318
5769,1505,4986
5770,1293,12943
5771,893,16749
5772,1038,7451
5773,171,18542
5774,41,19731
5775,1731,291
5776,1120,3536
5777,350,9538
5778,930,7550
5779,1235,3040
5780,1445,2475
5781,1018,19485
5782,37,9719
5783,1473,5317
5784,1189,17869
5785,366,815
5786,1715,19713
5787,1879,317
5788,1918,6589
5789,104,14397
5790,1204,15111
5791,1502,9108
5792,1678,7511
5793,1509,16122
5794,784,6967
5795,152,3170
5796,1602,4668
5797,1417,1916
5798,1461,14183
5799,574,14887
5800,1859,7726
5801,1535,14048
5802,456,5827
5803,1496,9680
5804,703,16185
5805,892,16737
5806,1737,5974
5807,514,619
5808,1780,13228
5809,893,13158
5810,740,3098
5811,768,8119
5812,886,9749
5813,1078,4590
5814,1320,19623
5815,42,13865
5816,1197,4536
5817,1449,3953
5818,1002,11206
5819,1387,11947
5820,991,1092
5821,320,12058
5822,43,11114
5823,1368,3802
5824,1342,16947
5825,1249,6080
5826,1269,10344
5827,1919,1438
5828,570,684
5829,592,8392
5830,407,14742
5831,452,3280
5832,1516,12783
5833,1315,3272
5834,49,19064
5835,940,2601
5836,6,18947
5837,1572,814
5838,1765,4622
5839,1112,5337
5840,154,257
5841,526,7992
5842,332,12933
5843,1487,6719
5844,1598,5292
5845,1838,16394
5846,1839,10951
5847,512,3869
5848,223,11510
5849,73,6393
5850,97,4489
5851,941,10684
5852,474,2576
5853,1841,16377
5854,1766,16255
5855,374,19088
5856,1509,8373
5857,1904,16359
5858,1946,10795
5859,92,13448
5860,1383,11019
5861,13,12452
5862,1466,17130
5863,1968,16413
5864,841,17391
5865,1495,19313
5866,284,17355
5867,820,11285
5868,677,16490
5869,1515,5538
5870,1513,6006
5871,291,1017
5872,437,9926
5873,269,8282
5874,1057,4885
5875,33,9776
5876,1337,9376
5877,1819,13048
5878,1397,16036
5879,1791,2365
5880,462,7010
5881,1170,17045
5882,346,14127
5883,1060,7828
5884,719,17591
5885,1958,2275
5886,499,12803
5887,360,17111
5888,1265,12207
5889,1254,5376
5890,1826,66
5891,1047,16441
5892,768,13855
5893,478,2945
5894,925,4529
5895,1616,449
5896,510,787
5897,1822,13039
5898,1379,2617
5899,634,15861
5900,1949,3962
5901,1650,12473
5902,904,17380
5903,1395,14504
5904,1977,11341
5905,1983,13273
5906,744,15600
5907,1950,14041
5908,907,13304
5909,823,18028
5910,1870,1702
5911,55,19197
5912,712,13054
5913,1958,12142
5914,1018,13449
5915,1581,11830
5916,1017,11361
5917,1554,8834
5918,1887,240
5919,933,3528
5920,1423,17421
5921,1495,17723
5922,237,17875
5923,601,11795
5924,1389,17605
5925,1426,3572
5926,1184,2166
5927,1661,2417
5928,1281,6866
5929,1853,10384
5930,1431,15305
5931,326,13044
5932,408,2330
5933,510,10111
5934,592,16970
5935,1281,13527
5936,1831,10708
5937,1437,7570
5938,586,6857
5939,881,11545
5940,1057,7660
5941,454,5594
5942,780,3870
5943,1026,10742
5944,105,1734
5945,771,13498
5946,1466,17754
5947,340,15239
5948,472,18496
5949,30,1758
5950,635,5195
5951,248,18470
5952,876,4296
5953,1534,238
5954,751,18663
5955,385,805
5956,1493,9932
5957,1399,16309
5958,1576,4753
5959,693,3222
5960,1163,15596
5961,1192,9165
5962,604,1191
5963,1519,12703
5964,965,18220
5965,1818,13111
5966,1026,14543
5967,1538,1371
5968,1110,19849
5969,297,12563
5970,592,13435
5971,1434,7045
5972,67,9979
5973,878,10050
5974,270,16536
5975,1324,12397
5976,1375,19921
5977,58,12087
5978,1325,7618
5979,1656,14524
5980,497,12617
5981,663,14574
5982,979,7267
5983,582,13073
5984,258,18073
5985,804,1914
5986,1613,1687
5987,1174,11331
5988,1893,14715
5989,1750,5081
5990,899,14469
5991,132,19683
5992,767,17080
5993,1036,301
5994,499,16591
5995,1533,6042
5996,342,847
5997,1999,11277
5998,234,14035
5999,1643,2334
6000,593,14539
6001,334,13238
6002,1242,7039
6003,500,13263
6004,1478,11688
6005,1611,7123
6006,154,4627
6007,265,7694
6008,71,4393
6009,1483,8633
6010,1357,19726
6011,1875,12834
6012,109,3669
6013,1572,9068
6014,1580,7719
6015,263,12499
6016,1793,2550
6017,79,13229
6018,713,10821
6019,914,12057
6020,772,16637
6021,355,3601
6022,290,7155
6023,1581,5249
6024,1851,2348
6025,1983,14564
6026,1425,7894
6027,1717,16650
6028,1852,18634
6029,489,8168
6030,1480,3915
6031,150,7640
6032,676,2494
6033,1838,12240
6034,1232,16175
6035,1617,18185
6036,243,9406
6037,1525,19369
6038,679,803
6039,501,2136
6040,469,17451
6041,1896,18453
6042,707,8466
6043,918,19681
6044,1349,19249
6045,485,19274
6046,1111,8808
6047,1567,9391
6048,315,3134
6049,1320,13447
6050,1619,3677
6051,1966,17951
6052,1143,13742
6053,1210,6112
6054,199,16582
6055,929,8479
6056,1478,13485
6057,1413,412
6058,1604,14010
6059,454,2277
6060,51,16486
6061,1450,2445
6062,401,8162
6063,1701,14793
6064,703,18818
6065,566,3623
6066,1832,3375
6067,555,1022
6068,1772,1341
6069,1024,5499
6070,167,9469
6071,905,6298
6072,1892,17273
6073,166,13993
6074,365,7780
6075,266,710
6076,1592,15287
6077,1820,14672
6078,1351,15001
6079,1961,9469
6080,1341,2359
6081,1094,14086
6082,849,2986
6083,213,3461
6084,1853,12424
6085,264,15938
6086,1361,17314
6087,1657,3283
6088,1404,7537
6089,481,15202
6090,1563,15517
6091,1721,10082
6092,1511,18180
6093,243,19349
6094,35,3522
6095,271,1430
6096,477,18846
6097,1776,2554
6098,930,19401
6099,63,8846
6100,1875,11901
6101,1959,4684
6102,775,11120
6103,649,13347
6104,468,7352
6105,892,17987
6106,1986,10055
6107,1118,9092
6108,1563,10486
6109,104,8952
6110,1715,14163
6111,1013,8242
6112,887,5937
6113,1430,11045
6114,498,16502
6115,6,16778
6116,1224,587
6117,806,8830
6118,1246,8021
6119,477,12699
6120,1286,12232
6121,1424,17027
6122,97,6429
6123,276,13051
6124,1439,1943
6125,1193,16831
6126,465,9357
6127,1994,15526
6128,1143,19413
6129,435,4392
6130,680,7220
6131,1732,6065
6132,397,13106
6133,1770,10468
6134,1299,17598
6135,1155,3572
6136,1578,18434
6137,1422,8337
6138,1202,4881
6139,943,13434
6140,1038,4525
6141,1630,17605
6142,1816,282
6143,190,14921
6144,429,8286
6145,1704,2047
6146,273,15342
6147,1902,4612
6148,1888,4722
6149,656,13300
6150,1068,18506
6151,1354,15535
6152,1964,10297
6153,655,11631
6154,1857,8349
6155,1755,14209
6156,408,10676
6157,592,7893
6158,1591,9050
6159,1281,13515
6160,1361,4102
6161,112,5274
6162,1461,18911
6163,1740,7092
6164,757,18970
6165,1579,939
6166,1747,6896
6167,1517,13189
6168,1192,6565
6169,468,19380
6170,151,4036
6171,1912,5438
6172,520,5738
6173,664,6612
6174,71,14931
6175,868,17737
6176,832,5621
6177,463,1278
6178,1372,6025
6179,293,5148
6180,993,13466
6181,464,12404
6182,818,4576
6183,1883,5130
6184,666,9276
6185,1576,112
6186,25,5871
6187,719,12248
6188,183,515
6189,1658,16592
6190,694,8502
6191,669,5590
6192,635,17602
6193,686,2758
6194,773,17463
6195,1468,64
6196,496,8384
6197,1959,18557
6198,108,9254
6199,1888,14600
6200,1406,3001
6201,640,18976
6202,1716,14356
6203,1784,4530
6204,1045,5687
6205,803,13338
6206,174,5377
6207,1624,9204
6208,1725,2998
6209,1825,19376
6210,896,16512
6211,1579,12047
6212,1720,14806
6213,1936,19173
6214,1789,3609
6215,1523,15192
6216,1250,9925
6217,262,172
6218,1886,9311
6219,1138,2845
6220,1951,19565
6221,1386,12162
6222,648,2375
6223,856,15750
6224,156,2973
6225,8,1585
6226,1477,12815
6227,829,2359
6228,505,4558
6229,376,17113
6230,1876,14975
6231,100,15621
6232,743,18118
6233,673,1589
6234,1871,2976
6235,727,11685
6236,28,10847
6237,1818,12919
6238,19,17244
6239,1176,7836
6240,925,7281
6241,1411,14681
6242,831,7863
6243,1500,3817
6244,515,16554
6245,1575,1739
6246,395,4210
6247,484,19162
6248,1814,14467
6249,1124,202
6250,1615,16998
6251,209,2029
6252,1424,14513
6253,1776,4784
6254,1019,10823
6255,1298,13080
6256,182,7503
6257,1229,16445
6258,124,15946
6259,422,4869
6260,1450,17991
6261,1391,6590
6262,171,18664
6263,91,8767
6264,84,3379
6265,1539,6873
6266,1063,18290
6267,1140,18600
6268,693,13432
6269,18,393
6270,812,19700
6271,1265,11451
6272,1543,10521
6273,1855,1932
6274,1922,11087
6275,1890,7946
6276,194,8643
6277,1603,7354
6278,401,11860
6279,855,7006
6280,1327,833
6281,981,11917
6282,1749,12823
6283,1287,3256
6284,1625,2831
6285,1784,12301
6286,1142,19447
6287,931,14844
6288,1584,15352
6289,458,1619
6290,243,14932
6291,1820,15803
6292,1933,16393
6293,539,12362
6294,1553,9922
6295,1134,7486
6296,292,2925
6297,1817,4717
6298,779,747
6299,130,9659
6300,1725,3723
6301,727,4151
6302,225,11618
6303,405,14863
6304,96,9577
6305,868,610
6306,1916,8328
6307,307,13211
6308,1429,7814
6309,1250,3224
6310,103,11824
6311,529,3480
6312,1531,9047
6313,1707,11368
6314,560,18162
6315,774,1280
6316,362,3314
6317,659,18607
6318,1174,8958
6319,1139,18262
6320,1001,4117
6321,1825,16595
6322,156,15350
6323,145,10497
6324,1039,2840
6325,1371,18254
6326,154,639
6327,489,13228
6328,1327,368
6329,1484,3863
6330,1227,2931
6331,761,19332
6332,1319,10926
6333,1559,16786
6334,1130,10440
6335,981,3663
6336,1539,7810
6337,1362,3093
6338,38,3769
6339,346,1145
6340,1357,10779
6341,1854,5129
6342,1346,5927
6343,1535,2985
6344,1491,3009
6345,483,19762
6346,254,2799
6347,838,5010
6348,1390,8524
6349,415,15697
6350,672,3189
6351,1560,19596
6352,1465,1329
6353,732,15642
6354,1653,4485
6355,583,18435
6356,856,9483
6357,274,13271
6358,1431,4987
6359,994,17199
6360,578,18235
6361,23,7675
6362,1218,15916
6363,732,16740
6364,62,14249
6365,1628,2241
6366,1940,6689
6367,1808,4137
6368,839,19692
6369,323,2113
6370,984,10784
6371,1564,574
6372,383,12613
6373,631,14603
6374,102,18487
6375,290,7860
6376,287,9947
6377,962,11034
6378,1216,18871
6379,678,6513
6380,1775,5855
6381,622,11401
6382,1255,19029
6383,5,4502
6384,40,14752
6385,1831,1242
6386,403,19683
6387,448,10803
6388,415,7980
6389,190,13143
6390,154,7637
6391,483,12436
6392,657,11294
6393,1427,16777
6394,451,3275
6395,916,4871
6396,163,12294
6397,834,3819
6398,1857,5229
6399,449,2076
6400,1506,630
6401,1321,8703
6402,359,13112
6403,525,6338
6404,503,16634
6405,656,17273
6406,1985,16771
6407,813,9819
6408,733,9731
6409,1568,11382
6410,473,2227
6411,1555,6926
6412,1672,11912
6413,1923,19290
6414,1878,17141
6415,1277,13528
6416,1300,6790
6417,1378,15288
6418,1911,5331
6419,772,12907
6420,1935,10652
6421,963,19277
6422,374,16449
6423,1461,14224
6424,1030,8949
6425,1018,14047
6426,1474,10833
6427,644,11414
6428,324,18401
6429,605,3094
6430,358,2805
6431,991,13405
6432,1490,13418
6433,493,7815
6434,1965,544
6435,1481,14644
6436,415,839
6437,1161,18872
6438,532,13372
6439,747,1649
6440,728,5515
6441,154,15924
6442,1660,7674
6443,440,16368
6444,889,7846
6445,896,6692
6446,1569,6266
6447,1444,9008
6448,159,7594
6449,1903,2335
6450,319,18418
6451,975,9701
6452,1558,18327
6453,857,16622
6454,415,6567
6455,1514,15818
6456,1671,18948
6457,1136,15812
6458,162,19678
6459,1278,12342
6460,1278,13613
6461,1105,9573
6462,651,776
6463,6,10130
6464,209,15709
6465,1320,13596
6466,583,2574
6467,1720,19509
6468,558,2796
6469,157,11718
6470,1545,18107
6471,99,11358
6472,676,13745
6473,826,18027
6474,1134,4998
6475,452,18599
6476,1795,2130
6477,460,18823
6478,1998,9272
6479,168,11408
6480,175,17192
6481,1775,7637
6482,517,13689
6483,1811,3978
6484,1923,6137
6485,1735,11973
6486,1943,16543
6487,720,3187
6488,1454,7600
6489,582,16145
6490,313,8383
6491,920,18169
6492,1705,11600
6493,183,3516
6494,384,10010
6495,1706,19482
6496,78,9754
6497,918,3853
6498,1069,10839
6499,525,16778
6500,1132,10965
6501,287,3788
6502,146,6545
6503,1550,15702
6504,591,12767
6505,1189,9626
6506,1749,18130
6507,1933,6774
6508,1633,10506
6509,1126,6999
6510,1683,11190
6511,1897,3149
6512,1012,17021
6513,847,9528
6514,1008,18181
6515,1216,18986
6516,1440,1818
6517,1959,16170
6518,751,3531
6519,1784,775
6520,689,2167
6521,1925,3054
6522,1119,13803
6523,1009,2230
6524,1248,18975
6525,205,7814
6526,947,13368
6527,936,1362
6528,102,9624
6529,114,17311
6530,1780,16490
6531,1165,9292
6532,1287,293
6533,106,10932
6534,455,4927
6535,955,1967
6536,712,19971
6537,1947,3186
6538,898,14195
6539,1754,12823
6540,1700,479
6541,811,2033
6542,338,2439
6543,1107,17080
6544,812,6047
6545,270,13192
6546,59,3018
6547,1469,11770
6548,1396,10698
6549,941,12842
6550,576,3584
6551,1437,9647
6552,773,19435
6553,419,6996
6554,1876,14817
6555,807,18165
6556,188,1750
6557,279,4684
6558,806,8572
6559,411,8964
6560,400,12305
6561,1011,18960
6562,1857,18652
6563,1,17560
6564,1786,15962
6565,654,1395
6566,364,8718
6567,1824,1748
6568,262,10998
6569,1243,12308
6570,696,10367
6571,395,3327
6572,1261,1647
6573,1752,8528
6574,318,3041
6575,908,9607
6576,172,10828
6577,991,8321
6578,1191,13322
6579,104,16661
6580,1401,4475
6581,1489,15845
6582,1979,12525
6583,160,9581
6584,1347,18778
6585,914,6383
6586,1670,3740
6587,308,10469
6588,586,15721
6589,50,8750
6590,527,10729
6591,895,6981
6592,834,16343
6593,1120,15692
6594,1448,4008
6595,1873,6739
6596,1984,7668
6597,442,10359
6598,1413,13188
6599,102,9517
6600,1370,10451
6601,258,3846
6602,1544,2272
6603,203,3574
6604,1083,19598
6605,425,16646
6606,131,3293
6607,1787,18183
6608,703,11951
6609,1680,17623
6610,610,294
6611,1233,758
6612,1684,8570
6613,1053,13843
6614,823,7001
6615,4,15660
6616,847,13206
6617,916,16860
6618,1288,15927
6619,1076,1701
6620,1129,9001
6621,966,7436
6622,1958,15947
6623,1714,8213
6624,346,4848
6625,1331,11374
6626,1028,2198
6627,1811,19328
6628,486,961
6629,392,19723
6630,1062,750
6631,1758,17827
6632,1445,2809
6633,430,12652
6634,133,9428
6635,182,5984
6636,281,19608
6637,102,7270
6638,1362,19560
6639,1188,9189
6640,620,19465
6641,1895,12927
6642,581,11913
6643,494,12886
6644,429,5289
6645,1945,16215
6646,1496,10901
6647,1441,15022
6648,1125,13682
6649,715,7101
6650,1807,4739
6651,1127,8031
6652,1311,14036
6653,1578,11848
6654,129,7326
6655,1887,5663
6656,247,9933
6657,1662,15554
6658,265,13811
6659,40,1693
6660,1594,993
6661,93,19149
6662,781,13976
6663,1625,9925
6664,685,15234
6665,466,560
6666,709,14802
6667,212,9824
6668,1497,19797
6669,956,19844
6670,831,1946
6671,603,4292
6672,995,3416
6673,230,19180
6674,570,6235
6675,1255,2946
6676,1884,11507
6677,687,15776
6678,1173,5661
6679,1786,19250
6680,1925,9767
6681,795,11068
6682,1175,3427
6683,1318,6412
6684,192,785
6685,1988,18607
6686,1212,10528
6687,748,9575
6688,896,15708
6689,1094,10569
6690,1845,18416
6691,299,6177
6692,1526,4270
6693,1493,10184
6694,415,5060
6695,1927,9527
6696,670,11386
6697,794,15659
6698,1210,5364
6699,155,12859
6700,94,18972
6701,1156,3804
6702,58,13301
6703,369,4811
6704,1317,2556
6705,1197,13296
6706,73,19901
6707,111,13978
6708,1945,6045
6709,964,14056
6710,178,18163
6711,1589,19932
6712,415,18014
6713,506,9248
6714,1081,14687
6715,1065,13686
6716,1804,6111
6717,1515,12441
6718,1963,15188
6719,867,7541
6720,45,15719
6721,449,2407
6722,535,9051
6723,1858,12852
6724,1624,14511
6725,495,8621
6726,1508,13074
6727,1929,17795
6728,1104,13591
6729,799,17198
6730,1246,275
6731,1718,2837
6732,580,8829
6733,721,12791
6734,1564,7309
6735,1381,2327
6736,1496,6862
6737,1819,16755
6738,936,8618
6739,952,14997
6740,492,6010
6741,1661,3109
6742,866,11762
6743,409,6390
6744,16,11736
6745,1396,5388
6746,910,3548
6747,668,14
6748,1507,11785
6749,524,17514
6750,217,7750
6751,1638,17433
6752,23,4628
6753,170,19234
6754,849,4887
6755,1715,16939
6756,263,15866
6757,1608,1347
6758,1635,4072
6759,1497,9602
6760,773,3299
6761,122,3453
6762,184,7363
6763,402,9629
6764,147,5405
6765,1400,16231
6766,1829,5513
6767,92,15673
6768,1738,19608
6769,1085,19570
6770,1998,6500
6771,702,15570
6772,145,17189
6773,16,14818
6774,1019,4473
6775,1841,9496
6776,1480,7177
6777,1204,625
6778,1672,4285
6779,720,11378
6780,1810,17884
6781,1902,17876
6782,88,643
6783,1290,14311
6784,93,13816
6785,1841,17682
6786,144,18115
6787,1199,13812
6788,1966,16797
6789,317,1673
6790,375,19799
6791,967,2794
6792,311,19888
6793,1137,7707
6794,800,870
6795,569,232
6796,1286,8319
6797,1364,9186
6798,322,4351
6799,872,8308
6800,304,7349
6801,956,6679
6802,1424,19242
6803,187,8271
6804,709,7016
6805,1370,12798
6806,1725,11442
6807,1276,5752
6808,1006,12738
6809,228,18146
6810,1251,15745
6811,676,11141
6812,524,7835
6813,108,7997
6814,1187,4062
6815,1582,15837
6816,991,4107
6817,809,8110
6818,436,9231
6819,131,11157
6820,1826,5385
6821,505,8942
6822,1974,3411
6823,1174,958
6824,969,15421
6825,603,16528
6826,1561,13231
6827,984,842
6828,1429,8640
6829,1734,19886
6830,1415,5851
6831,1911,15217
6832,1342,15372
6833,1574,2770
6834,794,16320
6835,418,13841
6836,717,14683
6837,1396,15356
6838,345,13911
6839,1289,2772
6840,1132,6845
6841,341,19064
6842,1449,17878
6843,1295,234
6844,430,17166
6845,750,1582
6846,415,14128
6847,1174,12062
6848,1150,7059
6849,893,10630
6850,136,18426
6851,1741,10259
6852,1118,11750
6853,1299,4183
6854,1053,13606
6855,627,5731
6856,29,8321
6857,246,10725
6858,1804,11830
6859,1941,8044
6860,1430,12625
6861,1903,10737
6862,884,5341
6863,1586,10976
6864,445,13515
6865,26,16172
6866,1225,11070
6867,1389,11391
6868,218,17577
6869,986,3606
6870,1454,14398
6871,212,16699
6872,1254,2194
6873,1560,10775
6874,1372,12479
6875,1264,5810
6876,779,12680
6877,1946,18456
6878,1185,18863
6879,560,16183
6880,540,19467
6881,435,16371
6882,1378,15576
6883,545,15559
6884,346,8568
6885,431,1458
6886,1613,15573
6887,1592,19772
6888,842,16153
6889,1231,14076
6890,627,33
6891,289,3977
6892,1430,17917
6893,76,14232
6894,541,4888
6895,61,16949
6896,1461,4345
6897,1636,3246
6898,800,8997
6899,1996,11078
6900,1589,17110
6901,1722,2576
6902,1932,1591
6903,1740,19679
6904,1370,16173
6905,1177,17791
6906,515,14503
6907,731,5825
6908,655,19574
6909,816,12618
6910,1700,19214
6911,1757,15451
6912,755,10231
6913,1078,3189
6914,1744,1514
6915,1583,10618
6916,598,17543
6917,12,18821
6918,1833,18745
6919,1573,19070
6920,1433,8852
6921,1733,6321
6922,883,1010
6923,1035,12568
6924,1224,132
6925,221,11998
6926,606,10960
6927,310,11574
6928,224,3800
6929,93,19246
6930,1804,18919
6931,1537,14911
6932,1644,4383
6933,1488,3825
6934,189,1158
6935,683,2219
6936,1132,14415
6937,81,14352
6938,586,6244
6939,1093,18820
6940,992,6318
6941,1954,19957
6942,647,15638
6943,1588,16078
6944,1487,19086
6945,1669,6186
6946,1948,15853
6947,219,204
6948,292,9153
6949,1400,19152
6950,1553,10870
6951,757,14451
6952,1221,19352
6953,285,16875
6954,1783,5759
6955,1556,12068
6956,1099,16964
6957,1820,18613
6958,513,4223
6959,1709,9405
6960,645,9620
6961,1297,5840
6962,1847,9205
6963,872,4784
6964,1302,12298
6965,796,10177
6966,782,621
6967,460,15779
6968,1589,8439
6969,1133,2034
6970,215,14733
6971,861,19278
6972,1318,19862
6973,559,4666
6974,1387,12189
6975,1213,4299
6976,1081,10470
6977,1422,18581
6978,171,7360
6979,1433,3093
6980,1000,13450
6981,329,16084
6982,752,15164
6983,128,19049
6984,1715,13016
6985,768,878
6986,410,722
6987,1750,14554
6988,987,5659
6989,923,18199
6990,1744,9707
6991,532,19078
6992,520,17286
6993,1434,1520
6994,1316,2801
6995,681,18397
6996,1867,2307
6997,301,17902
6998,1605,11737
6999,505,19071
7000,1090,9633
7001,567,17735
7002,224,7960
7003,824,17992
7004,370,15357
7005,1712,8914
7006,1444,19884
7007,1768,3175
7008,1332,5528
7009,1145,13703
7010,791,64
7011,647,9363
7012,518,1971
7013,1362,7486
7014,1461,7713
7015,1496,6048
7016,665,15535
7017,58,4019
7018,271,17660
7019,991,3082
7020,844,7959
7021,1204,9928
7022,1762,5363
7023,1569,19859
7024,893,12104
7025,783,4575
7026,340,2721
7027,1400,9086
7028,1031,2223
7029,1117,15766
7030,458,6255
7031,1346,10669
7032,1645,15734
7033,776,15091
7034,1213,2834
7035,554,6428
7036,88,7207
7037,984,9509
7038,1461,700
7039,32,7970
7040,1261,4260
7041,146,17179
7042,1035,18346
7043,1832,16042
7044,346,1833
7045,925,4717
7046,286,10111
7047,1057,563
7048,1270,239
7049,1908,3834
7050,1951,19538
7051,810,11487
7052,1505,7143
7053,1218,11252
7054,279,9204
7055,1185,601
7056,22,13200
7057,807,11251
7058,724,2794
7059,261,8542
7060,1047,16381
7061,781,17007
7062,1496,14147
7063,257,326
7064,1103,15931
7065,460,14982
7066,805,9765
7067,409,10659
7068,800,926
7069,1305,8366
7070,1731,19225
7071,1003,1660
7072,337,7369
7073,1831,5910
7074,631,16727
7075,154,12638
7076,271,6601
7077,1039,13642
7078,874,16905
7079,1818,7976
7080,770,13462
7081,1863,8076
7082,335,8650
7083,698,10468
7084,432,10649
7085,388,1858
7086,983,5960
7087,419,6845
7088,1289,16654
7089,793,2913
7090,1618,10294
7091,1097,13620
7092,1796,19562
7093,245,15373
7094,1643,10967
7095,1009,594
7096,1781,19271
7097,327,5702
7098,1217,6521
7099,1506,3396
7100,898,5798
7101,395,6637
7102,1572,6077
7103,1411,8340
7104,536,16102
7105,1361,7531
7106,1956,18593
7107,1163,8528
7108,1491,18898
7109,1198,13268
7110,1624,12202
7111,642,8561
7112,699,12938
7113,1074,18560
7114,1074,10913
7115,216,4272
7116,764,14076
7117,1480,13080
7118,1569,14240
7119,1815,3844
7120,267,9575
7121,1307,4421
7122,1693,8687
7123,1579,14156
7124,846,19450
7125,752,261
7126,256,15344
7127,1911,15821
7128,545,19510
7129,936,12903
7130,916,13303
7131,796,5654
7132,1789,13406
7133,1177,8928
7134,1032,9720
7135,1822,10414
7136,57,14104
7137,120,17831
7138,500,9933
7139,1639,4959
7140,861,19704
7141,1859,16889
7142,655,1620
7143,477,4440
7144,3,14369
7145,1366,1552
7146,1377,1109
7147,1219,4740
7148,1232,1739
7149,1035,4082
7150,892,432
7151,502,10238
7152,29,2927
7153,1464,14674
7154,842,2484
7155,487,1907
7156,30,2039
7157,910,14203
7158,548,6227
7159,872,16445
7160,1460,595
7161,407,10874
7162,1538,1270
7163,282,14248
7164,478,2293
7165,1300,14687
7166,578,12355
7167,1841,17743
7168,1548,13110
7169,974,15281
7170,1728,10169
7171,1733,3876
7172,99,19438
7173,1412,17721
7174,834,19523
7175,81,4884
7176,637,3147
7177,39,12382
7178,79,6098
7179,200,11576
7180,1922,5630
7181,662,15558
7182,1290,16120
7183,396,16
7184,528,11192
7185,1162,10503
7186,1228,9466
7187,92,18192
7188,972,1672
7189,1194,2383
7190,1215,12110
7191,1266,6883
7192,1898,15342
7193,636,721
7194,352,3677
7195,226,5102
7196,1339,5316
7197,373,8579
7198,675,10556
7199,1781,256
7200,1300,10649
7201,1619,430
7202,1144,13558
7203,1936,14720
7204,513,19985
7205,1464,7428
7206,1004,5569
7207,625,9523
7208,211,14268
7209,310,8141
7210,1001,9524
7211,725,19871
7212,1005,8493
7213,162,15550
7214,1902,16607
7215,8,567
7216,260,14927
7217,264,9920
7218,1837,4531
7219,1063,9839
7220,1790,1871
7221,806,6099
7222,584,10638
7223,1656,3380
7224,605,11506
7225,400,14776
7226,1480,7130
7227,640,11572
7228,45,14448
7229,1679,7003
7230,1272,11754
7231,1731,17249
7232,1283,18537
7233,176,15565
7234,357,16239
7235,1776,4465
7236,859,11955
7237,560,3909
7238,1274,15170
7239,1164,4813
7240,1669,16463
7241,321,4288
7242,844,13141
7243,104,19094
7244,1023,6238
7245,881,843
7246,145,15140
7247,1741,9359
7248,87,14578
7249,1117,5226
7250,1615,5626
7251,1936,1188
7252,1560,5951
7253,1449,13091
7254,1915,10411
7255,1739,6898
7256,1580,16094
7257,454,1004
7258,1131,15168
7259,1867,16430
7260,873,14141
7261,1879,19879
7262,1615,8331
7263,377,12893
7264,1931,17081
7265,587,18071
7266,923,18024
7267,1194,9397
7268,1119,6640
7269,82,2442
7270,1022,16117
7271,1468,5592
7272,621,3347
7273,1898,2918
7274,1329,3105
7275,1982,18807
7276,1968,9221
7277,1745,7848
7278,940,9133
7279,399,11262
7280,771,3124
7281,160,15257
7282,1977,3786
7283,1618,7973
7284,1553,15714
7285,219,10505
7286,1890,1253
7287,1816,19495
7288,978,5664
7289,279,1033
7290,1487,5064
7291,43,17296
7292,1219,13652
7293,1376,17463
7294,1547,18716
7295,680,5598
7296,1037,4001
7297,755,9543
7298,1294,19257
7299,1736,3973
7300,1060,6761
7301,352,19329
7302,1607,18779
7303,1462,15561
7304,1728,18461
7305,1386,12797
7306,684,4707
7307,945,4220
7308,853,11704
7309,1035,17664
7310,1809,16162
7311,528,4878
7312,978,956
7313,27,14051
7314,1237,1403
7315,1709,7751
7316,377,18478
7317,83,14246
7318,1649,13702
7319,156,19208
7320,374,18920
7321,1588,10734
7322,1392,11514
7323,1545,1985
7324,1971,18669
7325,1063,5921
7326,1189,3347
7327,1412,17943
7328,1551,10066
7329,826,8686
7330,1437,729
7331,1948,19258
7332,63,742
7333,1778,4517
7334,89,4304
7335,1364,15677
7336,884,8075
7337,619,19032
7338,1598,16080
7339,773,2476
7340,1488,18023
7341,1281,12986
7342,1686,14080
7343,1164,1361
7344,1768,5694
7345,82,1153
7346,1909,15676
7347,16,17305
7348,149,17965
7349,958,4021
7350,1535,9652
7351,816,14698
7352,1131,9828
7353,1722,13257
7354,1868,10288
7355,280,4302
7356,1257,10549
7357,1757,4387
7358,932,4608
7359,1211,3101
7360,1753,16489
7361,14,12648
7362,1571,18692
7363,144,2340
7364,434,15882
7365,1124,3211
7366,595,19333
7367,198,15525
7368,660,15436
7369,1294,373
7370,377,13265
7371,102,11098
7372,1795,18211
7373,1884,19573
7374,1243,15495
7375,1774,645
7376,1563,4587
7377,420,4626
7378,182,10169
7379,1030,12780
7380,1292,3199
7381,93,12777
7382,181,16916
7383,1284,14159
7384,190,7795
7385,622,17217
7386,418,17838
7387,518,1752
7388,251,17293
7389,1574,2315
7390,1122,3400
7391,1836,18950
7392,261,7789
7393,1804,5156
7394,196,14307
7395,1758,5718
7396,1706,3026
7397,864,1197
7398,1401,13110
7399,557,1025
7400,92,13098
7401,167,9690
7402,1398,15379
7403,1413,1622
7404,720,819
7405,504,15648
7406,1097,9648
7407,864,11895
7408,1887,8581
7409,1528,4325
7410,360,10026
7411,1285,18502
7412,1464,18858
7413,1285,5866
7414,866,8140
7415,1934,9306
7416,979,4111
7417,777,8847
7418,403,18706
7419,1812,4187
7420,137,7653
7421,1296,12828
7422,1910,17900
7423,1968,3565
7424,1955,7370
7425,1071,2210
7426,1559,3831
7427,422,8151
7428,1015,7877
7429,575,12356
7430,52,123
7431,226,10377
7432,1974,10528
7433,107,7357
7434,1971,5652
7435,963,8170
7436,1270,8914
7437,1500,2553
7438,1931,9526
7439,1859,18594
7440,1914,17577
7441,1188,5458
7442,764,3794
7443,1711,6914
7444,874,2506
7445,365,4923
7446,1485,11148
7447,1835,2111
7448,713,12674
7449,1722,8734
7450,675,11456
7451,1820,3072
7452,143,14125
7453,1343,9338
7454,1442,8262
7455,740,9857
7456,808,17913
7457,1804,5665
7458,768,6167
7459,1129,14828
7460,1519,17716
7461,1403,15096
7462,899,15411
7463,1439,12934
7464,32,18275
7465,1945,4741
7466,701,10689
7467,1124,330
7468,1441,8184
7469,1602,17416
7470,610,14688
7471,323,1693
7472,1031,1092
7473,1530,15700
7474,984,2502
7475,994,7077
7476,1640,10141
7477,1430,12076
7478,357,15666
7479,140,13470
7480,19,13418
7481,586,11811
7482,1587,13749
7483,987,16136
7484,1872,5481
7485,1371,1368
7486,1170,11705
7487,1305,8406
7488,519,16747
7489,1914,9467
7490,922,10137
7491,1227,12750
7492,1592,2125
7493,25,2912
7494,1208,14850
7495,1938,11949
7496,1776,16194
7497,119,11291
7498,1215,19904
7499,2000,15296
7500,1167,10612
7501,1728,1346
7502,847,15846
7503,1846,7021
7504,224,10612
7505,625,16153
7506,1840,17044
7507,1600,3043
7508,751,19210
7509,1902,17118
7510,70,15460
7511,757,521
7512,1071,2456
7513,233,17404
7514,1458,1222
7515,24,18302
7516,977,4192
7517,436,12172
7518,507,19831
7519,589,4854
7520,1283,14791
7521,1636,12553
7522,330,3706
7523,1762,13117
7524,325,12835
7525,389,17038
7526,774,16376
7527,1958,19098
7528,1351,13550
7529,7,5577
7530,772,15702
7531,307,18766
7532,1596,559
7533,1115,3757
7534,1986,12717
7535,111,17954
7536,1793,1432
7537,1861,12445
7538,1251,17899
7539,789,10423
7540,225,3857
7541,1014,6158
7542,441,19165
7543,692,2563
7544,1565,12688
7545,1337,6582
7546,922,14970
7547,551,3129
7548,1016,14532
7549,1542,16022
7550,1319,7608
7551,176,12310
7552,424,19170
7553,1343,6585
7554,260,19219
7555,1760,19456
7556,1522,6921
7557,42,14919
7558,1459,8919
7559,962,11534
7560,1893,3292
7561,924,15979
7562,1947,11639
7563,1153,18178
7564,1718,1416
7565,293,16731
7566,284,19225
7567,754,15731
7568,492,12892
7569,1167,8971
7570,1325,989
7571,27,16223
7572,1606,4442
7573,1721,1228
7574,437,4830
7575,1785,13535
7576,760,9348
7577,1849,1761
7578,743,2769
7579,1467,6977
7580,389,11133
7581,404,11071
7582,1882,5512
7583,1969,2362
7584,1683,6482
7585,547,8820
7586,1396,4464
7587,15,7727
7588,1888,5353
7589,735,18417
7590,35,13643
7591,414,14884
7592,1550,15098
7593,1562,13370
7594,28,284
7595,1500,16329
7596,136,17897
7597,1637,19615
7598,1240,18146
7599,429,8332
7600,944,2470
7601,1781,16024
7602,933,11140
7603,1703,5012
7604,1741,2695
7605,67,16998
7606,1475,342
7607,1734,16832
7608,58,10663
7609,376,9108
7610,1591,17700
7611,186,16854
7612,1974,17349
7613,487,15625
7614,1165,2977
7615,1343,13660
7616,817,13256
7617,1610,16213
7618,178,17869
7619,364,12935
7620,196,18967
7621,301,3059
7622,952,9108
7623,1508,2068
7624,922,1580
7625,1281,3418
7626,704,4202
7627,1484,10223
7628,96,10721
7629,1240,14145
7630,880,19994
7631,1835,3927
7632,27,15709
7633,1834,5516
7634,409,7632
7635,1296,9787
7636,969,19230
7637,1536,5784
7638,1638,4137
7639,1495,13955
7640,1196,3140
7641,189,9284
7642,1532,15139
7643,1739,132
7644,1089,12115
7645,94,12517
7646,932,10578
7647,168,19985
7648,1792,6283
7649,27,5512
7650,978,10472
7651,613,570
7652,14,3196
7653,895,11761
7654,1357,7655
7655,1087,12634
7656,1955,11577
7657,28,5561
7658,1729,12489
7659,1764,12005
7660,1858,4189
7661,1661,8608
7662,201,4585
7663,1746,2933
7664,1737,16804
7665,1087,208
7666,1847,12904
7667,1287,1651
7668,1967,9987
7669,1542,16127
7670,1854,5427
7671,1088,6256
7672,1946,14547
7673,1778,18338
7674,1893,5091
7675,293,12753
7676,1005,10132
7677,829,730
7678,1469,12108
7679,655,18735
7680,1323,3674
7681,323,15002
7682,1506,1010
7683,866,3382
7684,1515,8192
7685,106,13639
7686,278,17181
7687,1525,3124
7688,1573,3292
7689,891,1449
7690,1437,1123
7691,660,11681
7692,408,10668
7693,1589,7960
7694,1901,2676
7695,587,15080
7696,1547,18440
7697,1686,758
7698,894,9584
7699,1368,7890
7700,785,18913
7701,991,15269
7702,624,18373
7703,953,9633
7704,796,10016
7705,1227,11116
7706,476,17310
7707,429,13744
7708,1289,19649
7709,1378,4955
7710,269,18968
7711,789,2214
7712,1594,15335
7713,1740,16137
7714,1352,11143
7715,1385,12044
7716,736,17981
7717,888,5516
7718,20,2434
7719,1462,9056
7720,912,18956
7721,1842,7476
7722,609,13635
7723,583,6936
7724,1629,6260
7725,66,5571
7726,89,9587
7727,531,5896
7728,1978,1531
7729,1707,6869
7730,1837,14745
7731,1684,4224
7732,516,11618
7733,1495,14770
7734,1982,14113
7735,253,1978
7736,114,7141
7737,1138,2232
7738,1294,16397
7739,1526,3703
7740,123,6614
7741,229,3752
7742,1851,9901
7743,460,4763
7744,1986,3454
7745,1661,19357
7746,1402,10679
7747,1095,15013
7748,360,14895
7749,1124,14584
7750,1448,4409
7751,287,349
7752,1359,16373
7753,270,16404
7754,1771,15925
7755,1651,2590
7756,1579,18885
7757,1605,17861
7758,1895,977
7759,1639,13469
7760,204,18649
7761,1542,12918
7762,1025,9360
7763,566,7170
7764,1097,9997
7765,141,5495
7766,841,261
7767,958,6704
7768,172,12149
7769,1060,17624
7770,1765,19786
7771,892,9879
7772,196,1136
7773,386,9673
7774,1995,15417
7775,1311,9966
7776,440,12560
7777,787,8184
7778,833,19440
7779,1639,2757
7780,806,12749
7781,1722,19034
7782,814,879
7783,1081,7296
7784,1428,19713
7785,1998,16988
7786,1007,10520
7787,1980,12194
7788,1165,1667
7789,1075,17641
7790,1725,8206
7791,267,5584
7792,1032,16593
7793,733,17372
7794,1476,18409
7795,116,17904
7796,395,5727
7797,1637,14728
7798,1474,13211
7799,1497,1231
7800,278,13799
7801,1842,18525
7802,868,14864
7803,776,1226
7804,950,15925
7805,1565,6462
7806,1049,17519
7807,1170,6672
7808,1232,17500
7809,1413,16645
7810,923,18152
7811,1410,17749
7812,1716,18156
7813,1013,13394
7814,948,8238
7815,293,15814
7816,890,11321
7817,1170,18264
7818,797,18241
7819,190,19854
7820,300,342
7821,558,9980
7822,1758,12134
7823,1890,18885
7824,710,2531
7825,1160,16130
7826,1184,12309
7827,1791,13751
7828,127,8538
7829,129,17666
7830,1905,18434
7831,919,13692
7832,320,7628
7833,1876,15932
7834,112,14419
7835,1001,15786
7836,584,3370
7837,201,15587
7838,314,15464
7839,1386,11716
7840,1733,3570
7841,680,16117
7842,711,17553
7843,350,893
7844,1160,8399
7845,230,16976
7846,292,2534
7847,454,16290
7848,605,15527
7849,8,5566
7850,533,735
7851,774,14012
7852,1082,9373
7853,1171,2152
7854,444,15819
7855,1715,9838
7856,1167,8394
7857,1774,19038
7858,455,16590
7859,913,18146
7860,641,3785
7861,477,10367
7862,760,4829
7863,1378,19308
7864,945,4418
7865,748,19587
7866,1671,1486
7867,362,19784
7868,915,14385
7869,1122,8769
7870,1933,7437
7871,503,5302
7872,931,3288
7873,1774,8859
7874,325,18690
7875,1104,7761
7876,873,16626
7877,1458,15738
7878,826,14091
7879,1087,8513
7880,1621,15436
7881,160,16085
7882,505,5459
7883,761,18997
7884,15,14532
7885,575,9163
7886,1269,2905
7887,675,7493
7888,1937,19675
7889,1269,16149
7890,1862,2828
7891,787,16895
7892,542,12475
7893,534,19526
7894,1414,13826
7895,1865,13924
7896,420,13369
7897,249,8480
7898,1421,18752
7899,323,14289
7900,1342,11056
7901,1086,2864
7902,273,14745
7903,1873,6111
7904,905,17071
7905,820,11460
7906,13,17770
7907,763,7404
7908,1272,17471
7909,1382,7393
7910,620,5430
7911,446,18940
7912,254,9430
7913,1959,752
7914,1679,2444
7915,20,12938
7916,68,441
7917,1426,16248
7918,1014,9631
7919,1734,9891
7920,1000,17329
7921,1416,19982
7922,132,537
7923,234,18058
7924,836,17078
7925,1306,17224
7926,1562,7378
7927,693,8319
7928,388,1191
7929,552,13567
7930,735,15239
7931,1059,2387
7932,141,16
7933,803,18926
7934,1109,6067
7935,463,4069
7936,420,11010
7937,1183,7650
7938,843,14966
7939,625,18
7940,1029,15564
7941,2,8813
7942,1562,11785
7943,1948,19751
7944,1218,2234
7945,437,16250
7946,119,16763
7947,1978,6703
7948,1055,14934
7949,1922,17652
7950,672,15838
7951,1383,6403
7952,724,8776
7953,331,17982
7954,194,3952
7955,496,4389
7956,644,12135
7957,1437,11016
7958,1027,9190
7959,35,19533
7960,681,17586
7961,1362,9282
7962,1387,14474
7963,1937,1746
7964,1866,1088
7965,961,12244
7966,279,9545
7967,1866,15514
7968,550,16191
7969,1002,16492
7970,954,19054
7971,598,17789
7972,1434,18474
7973,1372,2857
7974,1016,8327
7975,204,2869
7976,1703,12061
7977,1323,11577
7978,321,1760
7979,437,502
7980,751,13208
7981,665,2499
7982,615,8186
7983,1665,10713
7984,729,12405
7985,839,16632
7986,1078,1847
7987,1274,10459
7988,1440,7520
7989,68,11991
7990,232,12125
7991,1732,2778
7992,1540,19008
7993,1195,15727
7994,742,9257
7995,1369,9277
7996,1760,10111
7997,31,6447
7998,158,17936
7999,315,4400
8000,967,18210
8001,1824,18992
8002,3,7145
8003,1796,3972
8004,1738,12546
8005,1347,3631
8006,741,17332
8007,533,1481
8008,538,314
8009,1534,6492
8010,1381,18701
8011,33,6057
8012,281,137
8013,284,507
8014,1,5477
8015,1009,10846
8016,414,19551
8017,1495,14055
8018,1993,7637
8019,455,17150
8020,1491,11940
8021,1001,12090
8022,212,18399
8023,521,16412
8024,1160,9191
8025,1340,6548
8026,1078,14783
8027,530,11610
8028,877,14435
8029,1354,10140
8030,1247,3169
8031,1054,8715
8032,393,5430
8033,1021,17012
8034,1277,16431
8035,293,16821
8036,195,5902
8037,273,6966
8038,1093,3805
8039,117,18315
8040,47,13163
8041,1019,19541
8042,1068,10812
8043,1985,13021
8044,76,12106
8045,924,9573
8046,823,8648
8047,561,10216
8048,1192,17912
8049,1212,18908
8050,733,281
8051,816,463
8052,1674,973
8053,1311,18521
8054,726,17718
8055,1724,17907
8056,1297,15834
8057,1264,17853
8058,1915,8333
8059,744,3586
8060,152,8744
8061,336,599
8062,325,18217
8063,538,16705
8064,1297,1910
8065,1560,16487
8066,126,1782
8067,1841,14453
8068,1325,16860
8069,1420,12370
8070,921,5490
8071,483,18831
8072,444,12458
8073,1004,16336
8074,1798,10342
8075,1759,8560
8076,1471,15308
8077,1897,18924
8078,1071,18947
8079,294,2489
8080,406,2886
8081,373,1467
8082,1289,13098
8083,1967,9655
8084,1830,12068
8085,832,15816
8086,1018,2179
8087,727,6134
8088,1594,4257
8089,1755,19235
8090,127,15852
8091,314,19577
8092,1722,9153
8093,1942,3999
8094,1345,15407
8095,381,19258
8096,1171,5550
8097,471,17588
8098,544,10654
8099,682,3826
8100,1431,1044
8101,1682,847
8102,1276,17891
8103,452,10372
8104,1568,13100
8105,1184,5249
8106,1653,2516
8107,776,7818
8108,831,14445
8109,1028,16500
8110,1144,13489
8111,1762,13720
8112,1096,8368
8113,1514,9806
8114,550,12590
8115,182,9615
8116,682,13915
8117,285,5580
8118,855,5730
8119,1441,3760
8120,1945,14798
8121,1553,759
8122,873,3752
8123,1303,9788
8124,715,6437
8125,493,14840
8126,1177,19286
8127,1446,18733
8128,548,16163
8129,455,2576
8130,975,2215
8131,1915,11410
8132,1403,7371
8133,957,19100
8134,1863,19552
8135,1640,14073
8136,437,18523
8137,1023,19527
8138,411,10247
8139,1793,13307
8140,9,3887
8141,562,13545
8142,1291,1320
8143,1414,16518
8144,165,18766
8145,317,9503
8146,1946,14735
8147,1607,11464
8148,1896,8158
8149,1764,11040
8150,155,3354
8151,751,6207
8152,1268,16424
8153,1178,12744
8154,1215,19689
8155,1503,2601
8156,337,17347
8157,1924,17960
8158,1893,11770
8159,901,19855
8160,419,3526
8161,1943,11905
8162,321,13186
8163,1152,13770
8164,1255,17075
8165,1367,5009
8166,242,18454
8167,970,12000
8168,56,3729
8169,430,13882
8170,1748,17710
8171,405,8429
8172,410,16820
8173,421,3801
8174,1675,17133
8175,1309,18914
8176,1750,9917
8177,811,11799
8178,77,1644
8179,705,12944
8180,1039,16582
8181,360,10370
8182,977,16287
8183,250,6645
8184,294,3038
8185,1583,13079
8186,435,1783
8187,443,17028
8188,150,13372
8189,1494,17478
8190,1718,2115
8191,906,18908
8192,1509,7186
8193,1907,11030
8194,553,7344
8195,311,14062
8196,1484,11133
8197,1502,14697
8198,1737,5254
8199,615,5053
8200,1971,11134
8201,1350,17409
8202,1663,5044
8203,1838,19391
8204,287,158
8205,1548,988
8206,844,15805
8207,1125,8454
8208,1129,8482
8209,1867,10800
8210,340,13873
8211,115,7298
8212,332,14200
8213,745,13168
8214,1790,15193
8215,1247,5136
8216,1775,12869
8217,391,19100
8218,1564,13929
8219,1189,18244
8220,1840,16722
8221,1168,8997
8222,55,14852
8223,832,9931
8224,768,15611
8225,539,12733
8226,1896,8354
8227,1002,12118
8228,947,15293
8229,1339,16061
8230,196,12447
8231,457,16479
8232,1713,7119
8233,1248,17787
8234,225,6636
8235,673,9510
8236,1238,12485
8237,900,10513
8238,419,7585
8239,1833,3688
8240,223,9884
8241,829,18954
8242,297,6031
8243,745,7150
8244,1622,17740
8245,730,753
8246,1774,5011
8247,1219,9824
8248,1076,4306
8249,1196,6671
8250,196,5783
8251,1987,15307
8252,626,16516
8253,1581,17636
8254,1536,12363
8255,716,11197
8256,292,17288
8257,638,7486
8258,429,4010
8259,436,13189
8260,1835,17959
8261,1185,10063
8262,1106,7220
8263,1830,1341
8264,894,16692
8265,626,10205
8266,1496,7558
8267,1854,16232
8268,1140,14372
8269,1901,3904
8270,1418,11983
8271,34,7275
8272,1936,3252
8273,1141,11503
8274,95,1365
8275,515,16666
8276,263,18878
8277,106,3567
8278,224,5933
8279,1706,1265
8280,1689,1793
8281,1868,6598
8282,1157,17299
8283,315,7946
8284,1409,8473
8285,1470,9112
8286,1347,18040
8287,1604,19469
8288,581,1372
8289,246,6640
8290,411,11209
8291,1246,9366
8292,1417,5559
8293,827,84
8294,29,17922
8295,109,4017
8296,1390,13118
8297,1201,3740
8298,615,16223
8299,537,9213
8300,706,11218
8301,1425,1328
8302,1204,14954
8303,40,13262
8304,736,10926
8305,1211,13144
8306,1491,3441
8307,1065,19330
8308,1878,15367
8309,484,5258
8310,179,9173
8311,1694,1570
8312,683,18893
8313,1760,10965
8314,774,19568
8315,1609,11956
8316,1920,4762
8317,1349,9552
8318,744,12470
8319,612,3945
8320,1754,8736
8321,83,9643
8322,1883,5142
8323,1534,3599
8324,78,8950
8325,1457,9128
8326,19,1174
8327,1497,18945
8328,448,1542
8329,1143,16646
8330,315,1816
8331,1630,718
8332,963,17195
8333,1596,10226
8334,1339,5656
8335,69,6851
8336,79,11827
8337,1966,11483
8338,1840,8740
8339,193,13753
8340,585,11692
8341,1605,15772
8342,1409,16774
8343,1650,5812
8344,1589,9814
8345,1494,15706
8346,1828,18772
8347,45,13157
8348,1470,7942
8349,515,13101
8350,1655,6677
8351,466,3793
8352,1543,15459
8353,1272,3653
8354,1743,14857
8355,1082,9155
8356,193,1262
8357,600,17268
8358,1392,1748
8359,1452,5071
8360,608,3677
8361,1920,2332
8362,1795,18646
8363,794,18728
8364,1704,17551
8365,659,7155
8366,78,14863
8367,1308,6995
8368,262,16624
8369,1765,8112
8370,192,5348
8371,609,16430
8372,1771,229
8373,571,6117
8374,682,3118
8375,38,17943
8376,1854,16004
8377,1946,7882
8378,1915,13271
8379,1197,19606
8380,1772,1858
8381,197,2921
8382,1314,9934
8383,832,1673
8384,106,18194
8385,769,14058
8386,1328,15880
8387,129,17593
8388,658,15664
8389,909,11455
8390,162,14560
8391,1279,3714
8392,45,12786
8393,1796,7751
8394,1346,19579
8395,1603,9201
8396,1338,7413
8397,1000,11294
8398,806,4972
8399,1102,15493
8400,731,4866
8401,1869,18452
8402,1703,6119
8403,384,13461
8404,1903,7228
8405,980,19489
8406,1589,445
8407,1010,2653
8408,1882,12274
8409,898,12431
8410,916,18771
8411,1568,6387
8412,1305,5890
8413,1853,9377
8414,697,11370
8415,1738,6105
8416,1145,16661
8417,397,2956
8418,947,8835
8419,34,2275
8420,1103,8089
8421,1342,18999
8422,932,5216
8423,51,5440
8424,739,15107
8425,650,8766
8426,139,10468
8427,1963,7088
8428,1456,15735
8429,367,19584
8430,520,19367
8431,1912,4411
8432,512,1702
8433,612,18507
8434,1861,5910
8435,1082,17206
8436,730,3902
8437,1276,12123
8438,1966,782
8439,1100,15863
8440,303,13689
8441,559,13675
8442,1435,6872
8443,759,6288
8444,287,716
8445,1350,15373
8446,1724,3378
8447,1361,17811
8448,163,16408
8449,136,15162
8450,260,4236
8451,771,5615
8452,345,19285
8453,630,9260
8454,336,15018
8455,388,377
8456,754,1736
8457,1416,15369
8458,1794,11799
8459,621,12085
8460,1527,3624
8461,1391,11125
8462,120,11061
8463,1752,10541
8464,1753,18356
8465,1875,6693
8466,1797,7262
8467,1846,12953
8468,845,1880
8469,686,17249
8470,360,10400
8471,259,13229
8472,1212,3831
8473,482,2147
8474,627,18201
8475,668,11550
8476,938,5852
8477,953,19951
8478,1732,14153
8479,507,4864
8480,1820,3263
8481,1686,5126
8482,1691,9206
8483,1439,13500
8484,804,16860
8485,1978,19787
8486,1835,5916
8487,864,10216
8488,1944,11696
8489,519,10189
8490,1166,4543
8491,1661,12069
8492,539,4980
8493,1002,8386
8494,68,19882
8495,1292,2155
8496,15,3644
8497,1716,2015
8498,1908,12508
8499,691,6512
8500,613,16577
8501,1680,6902
8502,1945,4089
8503,592,18273
8504,205,8904
8505,837,12214
8506,1485,8351
8507,1428,8875
8508,1682,11614
8509,63,17122
8510,1386,1431
8511,1876,4371
8512,306,16173
8513,528,19106
8514,873,9145
8515,923,867
8516,1299,8768
8517,173,17262
8518,1721,18943
8519,257,2241
8520,1331,15596
8521,1113,10548
8522,1760,3149
8523,1240,16170
8524,631,15990
8525,1802,7585
8526,1556,12482
8527,530,10170
8528,394,15633
8529,717,4260
8530,791,7556
8531,219,15537
8532,1167,6442
8533,62,15281
8534,176,7738
8535,1901,13000
8536,1022,17706
8537,85,15090
8538,1258,18140
8539,916,9960
8540,1824,10471
8541,1767,14811
8542,1200,8441
8543,742,4940
8544,1770,13757
8545,647,7357
8546,1101,11647
8547,1208,11824
8548,46,923
8549,1618,11474
8550,1555,668
8551,1697,3666
8552,329,8318
8553,1367,12601
8554,1316,2884
8555,629,5221
8556,1035,11972
8557,1098,19251
8558,1153,3666
8559,1375,3629
8560,1408,9074
8561,1362,662
8562,1775,5563
8563,736,7893
8564,1011,7373
8565,1890,4578
8566,1195,10953
8567,1018,19168
8568,779,13528
8569,1996,10577
8570,1465,6835
8571,1029,11648
8572,201,1966
8573,722,10485
8574,685,12609
8575,1228,6334
8576,930,5291
8577,1957,9048
8578,1151,919
8579,1897,871
8580,673,7976
8581,158,8672
8582,220,1653
8583,432,7714
8584,1767,6141
8585,1797,3474
8586,336,14915
8587,369,11509
8588,1132,3114
8589,2000,10631
8590,1902,17229
8591,341,8161
8592,156,3604
8593,1479,6409
8594,679,18136
8595,544,18082
8596,1701,5236
8597,1844,14761
8598,1950,12274
8599,1782,3539
8600,1037,14422
8601,1582,19703
8602,422,16705
8603,831,17088
8604,1164,10052
8605,1863,19278
8606,1289,6175
8607,290,2506
8608,1446,19899
8609,1860,8092
8610,959,12990
8611,1577,7501
8612,1736,775
8613,1757,15195
8614,1701,13090
8615,934,12243
8616,1902,8799
8617,1269,13003
8618,899,16009
8619,1856,5132
8620,1510,11732
8621,711,6975
8622,319,12658
8623,1026,8282
8624,1482,3401
8625,1181,16577
8626,1423,15974
8627,1163,3913
8628,1148,6174
8629,862,18493
8630,1141,9423
8631,140,8082
8632,567,17586
8633,1794,12188
8634,356,4373
8635,985,5202
8636,1751,285
8637,1141,17999
8638,1628,1728
8639,1243,12407
8640,1032,7953
8641,1577,16111
8642,1903,12839
8643,1223,1646
8644,897,12804
8645,327,1630
8646,136,18299
8647,588,8275
8648,1927,11233
8649,1812,7673
8650,821,9380
8651,1190,18424
8652,1186,8778
8653,744,2560
8654,106,10810
8655,876,16305
8656,651,7909
8657,243,18095
8658,446,7335
8659,412,8953
8660,382,14202
8661,1057,6662
8662,1049,7038
8663,670,18439
8664,1945,18269
8665,1853,15776
8666,97,18070
8667,769,7195
8668,723,15973
8669,335,7769
8670,1360,11342
8671,1541,7263
8672,706,5928
8673,802,12684
8674,1275,11931
8675,272,4851
8676,1931,14758
8677,1743,15285
8678,114,7977
8679,32,9461
8680,1824,17296
8681,1383,15469
8682,847,2953
8683,429,2976
8684,667,14165
8685,188,14119
8686,731,16182
8687,949,11279
8688,12,7813
8689,2000,14527
8690,1803,15597
8691,1868,2663
8692,1350,10631
8693,1296,14003
8694,1179,9891
8695,322,4275
8696,1061,10495
8697,1972,10034
8698,1440,5388
8699,221,8467
8700,1959,16242
8701,906,8765
8702,1626,6414
8703,1777,19606
8704,1663,9799
8705,669,4875
8706,1923,2562
8707,56,14659
8708,1103,10459
8709,369,463
8710,1618,7915
8711,1333,18174
8712,1658,2787
8713,1622,7580
8714,283,18741
8715,170,7298
8716,159,1302
8717,1818,11028
8718,1858,4375
8719,1384,3814
8720,113,17450
8721,1024,16836
8722,981,17070
8723,1390,5831
8724,848,16613
8725,1551,14186
8726,1755,14097
8727,166,17194
8728,1971,18759
8729,1159,13054
8730,1881,16817
8731,669,15517
8732,569,15234
8733,1432,17685
8734,1393,12993
8735,1602,7544
8736,1951,8824
8737,460,17857
8738,1584,4005
8739,590,3923
8740,1637,3515
8741,43,16303
8742,805,19973
8743,716,3467
8744,70,1124
8745,1314,12402
8746,833,6184
8747,108,9505
8748,46,16524
8749,1011,6087
8750,883,16330
8751,1129,2463
8752,1859,5627
8753,417,2602
8754,1047,13296
8755,1764,1258
8756,1800,4639
8757,1526,16882
8758,820,7933
8759,1882,9517
8760,1018,2298
8761,1060,18099
8762,1519,6737
8763,547,8923
8764,96,10281
8765,1035,7004
8766,225,15087
8767,785,13602
8768,1295,8854
8769,1882,18673
8770,1512,15423
8771,520,12138
8772,1861,16945
8773,1554,2526
8774,1584,18118
8775,627,18514
8776,447,11444
8777,820,3341
8778,1464,6278
8779,608,18455
8780,1837,12556
8781,563,13798
8782,1002,2797
8783,737,878
8784,1083,12546
8785,352,11334
8786,293,13573
8787,1786,20
8788,1098,12735
8789,1363,18497
8790,1012,12795
8791,1430,6893
8792,1541,7085
8793,1645,4212
8794,781,475
8795,566,8378
8796,1862,19685
8797,1356,10513
8798,1359,2293
8799,672,6910
8800,31,700
8801,69,13946
8802,1790,7177
8803,387,10422
8804,971,8896
8805,834,8986
8806,909,7303
8807,666,5810
8808,518,8871
8809,1652,3982
8810,229,14548
8811,1612,3752
8812,1487,8269
8813,878,9559
8814,1025,5207
8815,1807,4780
8816,1918,14144
8817,1564,3566
8818,1060,5825
8819,1415,14681
8820,1235,19014
8821,557,19456
8822,1877,5967
8823,1748,14154
8824,602,2927
8825,232,17754
8826,1214,9658
8827,1611,8463
8828,241,6686
8829,1400,12625
8830,1837,12834
8831,505,9948
8832,211,14217
8833,1996,16785
8834,1887,19676
8835,483,13553
8836,1871,2872
8837,1030,5931
8838,989,5200
8839,1579,9152
8840,673,14891
8841,298,16998
8842,903,5742
8843,452,9119
8844,812,2690
8845,384,341
8846,1519,3116
8847,1840,12771
8848,1570,17515
8849,115,4088
8850,590,4695
8851,1600,5914
8852,1969,10284
8853,1749,17732
8854,68,11321
8855,1032,9181
8856,1870,13429
8857,1970,16959
8858,1757,11365
8859,1778,7809
8860,1505,6482
8861,1850,1295
8862,1991,17832
8863,980,2128
8864,1665,1563
8865,1748,10557
8866,1265,19863
8867,1034,35
8868,260,18522
8869,1738,13961
8870,1506,9639
8871,584,9779
8872,238,16706
8873,630,3523
8874,1168,15537
8875,676,7656
8876,885,15855
8877,1825,12306
8878,1168,4339
8879,927,17481
8880,1141,15051
8881,885,14402
8882,1724,16289
8883,1384,8769
8884,1155,10282
8885,783,7757
8886,521,11427
8887,1631,16724
8888,870,5534
8889,1689,6300
8890,1978,8237
8891,1372,15687
8892,673,13360
8893,1361,11932
8894,1396,11276
8895,1905,16661
8896,793,13208
8897,1057,13149
8898,1301,3949
8899,618,18313
8900,576,667
8901,1437,12876
8902,319,15616
8903,1609,14068
8904,1945,13573
8905,160,15484
8906,1167,8302
8907,106,6275
8908,871,3498
8909,1480,15785
8910,728,2646
8911,919,3778
8912,1796,2525
8913,1723,10992
8914,744,15535
8915,1878,380
8916,524,16844
8917,1328,4196
8918,1972,9742
8919,1325,12754
8920,89,10882
8921,107,8513
8922,1308,4995
8923,1623,13222
8924,1367,15786
8925,935,4184
8926,310,10882
8927,1126,4139
8928,667,2397
8929,1465,14233
8930,991,16656
8931,977,2715
8932,578,5027
8933,433,17392
8934,533,7770
8935,408,15810
8936,1124,12569
8937,849,4103
8938,1857,12597
8939,1103,6354
8940,63,16785
8941,1834,14579
8942,447,11670
8943,621,17349
8944,852,1956
8945,411,8011
8946,1694,13454
8947,1949,3820
8948,1649,19941
8949,136,15948
8950,1160,1649
8951,1838,3613
8952,1082,9625
8953,951,3148
8954,1667,6468
8955,714,10
8956,863,1203
8957,1978,533
8958,18,16241
8959,1684,5888
8960,268,19873
8961,624,7848
8962,1734,18476
8963,757,1429
8964,946,2186
8965,1811,18961
8966,1929,19930
8967,1194,1051
8968,1591,7780
8969,1445,12100
8970,1775,7619
8971,1799,12097
8972,1872,10560
8973,1986,3414
8974,353,9912
8975,382,7476
8976,136,15405
8977,846,19500
8978,560,8765
8979,990,11239
8980,1857,3569
8981,1623,8800
8982,1642,11991
8983,891,17033
8984,1418,7523
8985,1685,1486
8986,374,18502
8987,1804,16128
8988,755,17072
8989,1044,13546
8990,404,14095
8991,60,18517
8992,355,3742
8993,1032,11528
8994,301,1798
8995,910,3415
8996,326,5420
8997,1109,7515
8998,908,18075
8999,348,16518
9000,1596,4321
9001,744,2341
9002,1631,16337
9003,1949,9751
9004,1081,12521
9005,888,1802
9006,1647,3175
9007,386,9963
9008,1510,13360
9009,797,4321
9010,780,6297
9011,1348,19709
9012,1630,16846
9013,1673,17160
9014,835,2367
9015,1339,841
9016,1665,5491
9017,441,14816
9018,201,15639
9019,595,1311
9020,1673,13471
9021,1228,1201
9022,654,15840
9023,366,17998
9024,1555,5534
9025,378,4296
9026,1190,11774
9027,1390,564
9028,1561,231
9029,1983,6872
9030,1412,659
9031,1272,15233
9032,294,553
9033,1251,13383
9034,1057,6436
9035,1606,6909
9036,1467,5271
9037,970,18502
9038,290,11360
9039,1964,10319
9040,829,11582
9041,1565,7021
9042,288,9644
9043,678,3483
9044,250,5015
9045,1477,11015
9046,475,11329
9047,489,14636
9048,1609,5878
9049,599,12259
9050,1293,19535
9051,450,8987
9052,1815,11047
9053,1588,12786
9054,1127,17171
9055,1273,14540
9056,1758,16999
9057,1512,12902
9058,1803,15444
9059,1886,7608
9060,534,19875
9061,917,9075
9062,1706,1188
9063,184,6226
9064,854,6704
9065,1519,7181
9066,1082,19892
9067,1406,19674
9068,663,2683
9069,1253,6894
9070,1868,2548
9071,1624,12004
9072,1980,499
9073,754,5474
9074,969,18651
9075,1446,3025
9076,1620,8462
9077,1764,14263
9078,1031,8573
9079,754,4727
9080,1228,18263
9081,756,7163
9082,6,2983
9083,768,965
9084,884,17277
9085,435,409
9086,1538,4485
9087,687,1094
9088,781,5383
9089,1093,12707
9090,1475,19967
9091,1918,17383
9092,241,6794
9093,1141,13238
9094,607,2104
9095,949,6157
9096,1099,15387
9097,239,14548
9098,1944,10274
9099,1196,5626
9100,421,13774
9101,636,15911
9102,1376,9020
9103,1514,13523
9104,607,2838
9105,1163,3890
9106,894,9498
9107,646,2439
9108,1499,2071
9109,1716,6558
9110,78,14672
9111,285,6699
9112,1593,14263
9113,1259,19824
9114,1820,11037
9115,419,10074
9116,459,11078
9117,740,544
9118,429,11292
9119,310,12595
9120,520,868
9121,1011,19380
9122,1319,6641
9123,779,9503
9124,956,10428
9125,1273,785
9126,1505,12776
9127,1802,11136
9128,1133,13816
9129,730,1698
9130,1687,15575
9131,1884,11254
9132,1934,7200
9133,616,18600
9134,1497,18750
9135,900,4744
9136,1658,11803
9137,1596,12033
9138,925,17489
9139,1294,10522
9140,1025,7216
9141,3,7435
9142,1862,12703
9143,1723,3858
9144,307,128
9145,1770,509
9146,1154,2247
9147,216,771
9148,233,4477
9149,680,2705
9150,613,13265
9151,922,1112
9152,271,18086
9153,918,6163
9154,135,6148
9155,213,2501
9156,873,10407
9157,1603,9737
9158,42,19142
9159,1151,10156
9160,99,8232
9161,1691,2869
9162,895,18313
9163,245,8425
9164,1707,1331
9165,442,7387
9166,1343,5237
9167,1902,3194
9168,622,6582
9169,212,421
9170,184,2742
9171,147,13856
9172,113,14408
9173,389,617
9174,1992,3391
9175,751,19832
9176,744,2737
9177,279,16144
9178,1067,14228
9179,1349,14611
9180,59,9460
9181,125,15684
9182,1108,1509
9183,754,15803
9184,864,16674
9185,1104,9938
9186,512,18104
9187,823,19685
9188,440,12072
9189,1807,9968
9190,787,14015
9191,1090,11499
9192,1001,2648
9193,572,12704
9194,305,17880
9195,1042,8230
9196,1508,1674
9197,482,7644
9198,1033,16974
9199,1371,11654
9200,226,18941
9201,118,2035
9202,120,18528
9203,254,14965
9204,1625,19199
9205,1778,6075
9206,1747,7110
9207,537,18301
9208,633,16146
9209,678,5849
9210,531,8906
9211,204,8671
9212,1869,9174
9213,1936,16249
9214,731,18640
9215,810,12684
9216,1007,1002
9217,1727,9232
9218,728,15434
9219,14,11103
9220,1668,8399
9221,211,13490
9222,1921,10445
9223,385,19097
9224,1022,19251
9225,1872,3250
9226,1871,17947
9227,423,7873
9228,1321,14105
9229,1662,4288
9230,1120,15892
9231,213,16494
9232,99,11391
9233,1127,10200
9234,163,5347
9235,830,16109
9236,1896,186
9237,1544,14810
9238,422,11849
9239,141,19268
9240,426,7918
9241,779,3656
9242,1162,12464
9243,1651,18330
9244,1928,5977
9245,346,5276
9246,1860,8395
9247,496,18956
9248,1038,18558
9249,1880,2757
9250,68,10549
9251,404,18201
9252,1883,786
9253,1041,8910
9254,1915,6737
9255,568,6412
9256,1753,1423
9257,1776,882
9258,392,10395
9259,343,9636
9260,482,7351
9261,1136,3092
9262,1220,12675
9263,504,15323
9264,391,1669
9265,69,18408
9266,207,16707
9267,1939,17776
9268,1008,4040
9269,848,4562
9270,1150,5941
9271,1025,7792
9272,397,13037
9273,1756,1932
9274,1599,5901
9275,558,3235
9276,1471,6641
9277,1399,11432
9278,175,16004
9279,455,7722
9280,112,1907
9281,1335,981
9282,1395,16290
9283,1811,17629
9284,1392,9566
9285,1378,9343
9286,620,11444
9287,64,15227
9288,840,2723
9289,39,808
9290,1552,4928
9291,1823,17394
9292,170,15942
9293,1031,9351
9294,1020,8472
9295,1485,9007
9296,19,5840
9297,838,12115
9298,1001,4576
9299,1236,4233
9300,1190,4262
9301,1689,10688
9302,1466,867
9303,293,18878
9304,1455,999
9305,1170,6409
9306,1734,697
9307,955,11478
9308,1250,12080
9309,1824,12799
9310,1438,7281
9311,628,1874
9312,1720,3840
9313,1641,2300
9314,1321,4024
9315,515,10122
9316,1790,6055
9317,1247,14226
9318,137,15826
9319,1138,7536
9320,1792,9291
9321,1897,6559
9322,1262,1319
9323,294,13096
9324,978,4001
9325,1789,19827
9326,1926,12129
9327,1723,13456
9328,1722,5753
9329,1955,7569
9330,1624,6353
9331,290,11348
9332,1770,4378
9333,381,12722
9334,830,10139
9335,1874,2449
9336,705,14450
9337,1459,9042
9338,420,17316
9339,149,18891
9340,751,7101
9341,130,13507
9342,1088,15203
9343,1533,39
9344,1285,9968
9345,1711,2209
9346,106,6106
9347,1386,7588
9348,180,14902
9349,1511,1223
9350,414,19543
9351,1426,13364
9352,197,68
9353,144,10268
9354,846,7993
9355,245,16632
9356,200,11176
9357,11,7242
9358,1965,14836
9359,529,635
9360,347,17701
9361,1664,5119
9362,884,6252
9363,964,18616
9364,928,3183
9365,400,166
9366,297,5308
9367,1368,11348
9368,1410,5539
9369,1142,708
9370,1697,9827
9371,450,2308
9372,1898,15150
9373,1176,3250
9374,754,3127
9375,1979,19249
9376,1897,13471
9377,1980,5965
9378,977,13796
9379,294,19273
9380,1231,6935
9381,1530,17552
9382,1135,293
9383,350,11247
9384,1560,10711
9385,848,7211
9386,1657,18877
9387,131,6180
9388,149,15572
9389,876,3869
9390,1900,5426
9391,445,11164
9392,156,17030
9393,140,13444
9394,667,7089
9395,1080,13265
9396,1830,16488
9397,178,14881
9398,1867,3599
9399,1800,13656
9400,653,9631
9401,511,15129
9402,489,19707
9403,1401,6188
9404,1378,5566
9405,105,19657
9406,915,4640
9407,271,1758
9408,456,1748
9409,549,16916
9410,716,19140
9411,1016,19227
9412,1517,4949
9413,91,16347
9414,1729,14628
9415,288,16421
9416,1167,18404
9417,835,2615
9418,740,5116
9419,149,14246
9420,1339,18861
9421,122,6460
9422,238,7153
9423,737,19764
9424,1778,10383
9425,1846,13689
9426,1263,19102
9427,1649,16158
9428,1280,118
9429,136,580
9430,380,15329
9431,824,6371
9432,1893,5476
9433,1015,9474
9434,740,15905
9435,1517,4371
9436,138,14866
9437,521,18677
9438,1758,13309
9439,92,11159
9440,192,10098
9441,1475,10425
9442,1122,7449
9443,1040,1713
9444,1705,8989
9445,509,18457
9446,1653,19944
9447,1593,18940
9448,1124,12565
9449,1563,16517
9450,1119,17302
9451,1132,1903
9452,945,15641
9453,42,14275
9454,1661,15944
9455,377,4506
9456,592,5303
9457,1577,9425
9458,940,339
9459,1008,11782
9460,1228,12457
9461,356,149
9462,28,13334
9463,611,9164
9464,318,7441
9465,569,3830
9466,94,17573
9467,305,13293
9468,1058,5256
9469,1634,6529
9470,1617,14849
9471,1125,15597
9472,877,7424
9473,1028,2913
9474,1908,563
9475,794,12465
9476,1045,4723
9477,1018,10316
9478,975,4018
9479,1979,15587
9480,1149,13700
9481,1318,3701
9482,101,12640
9483,1537,13113
9484,1937,16843
9485,579,12939
9486,134,9717
9487,1955,9205
9488,1820,10670
9489,884,15578
9490,1535,636
9491,1698,16131
9492,1381,1909
9493,1373,5003
9494,1459,3270
9495,197,17622
9496,1513,11379
9497,1009,13049
9498,307,16017
9499,613,11364
9500,865,10938
9501,853,11859
9502,8,16091
9503,1659,2664
9504,402,12068
9505,1153,17980
9506,51,6938
9507,139,2411
9508,115,13134
9509,1339,11106
9510,173,11293
9511,384,444
9512,1791,17540
9513,649,17252
9514,1342,6968
9515,658,5652
9516,1169,4004
9517,1294,17584
9518,749,14066
9519,159,18985
9520,1493,15642
9521,1781,17244
9522,1538,1084
9523,205,10684
9524,1506,755
9525,444,5915
9526,737,3815
9527,1622,5441
9528,696,11917
9529,923,5265
9530,107,6448
9531,928,18330
9532,1983,17902
9533,1325,18646
9534,915,8006
9535,1896,11716
9536,229,15219
9537,974,8226
9538,751,3732
9539,460,12293
9540,1755,16084
9541,17,8325
9542,279,9582
9543,1431,19065
9544,637,13107
9545,348,14540
9546,104,4669
9547,34,2944
9548,238,1499
9549,1032,2394
9550,686,3205
9551,1147,6133
9552,1688,15065
9553,1059,16294
9554,568,17503
9555,1198,17457
9556,141,10795
9557,732,8668
9558,1566,19177
9559,560,2930
9560,1878,6709
9561,894,13309
9562,198,1124
9563,1207,17559
9564,1042,12499
9565,1304,13163
9566,1385,5119
9567,1998,17977
9568,1830,10621
9569,511,18056
9570,1987,18471
9571,875,3668
9572,358,11765
9573,854,2410
9574,1127,13388
9575,1533,10397
9576,757,11597
9577,1754,15432
9578,210,6017
9579,904,1808
9580,1911,14425
9581,1403,449
9582,187,7165
9583,1774,14442
9584,1606,13846
9585,741,3842
9586,215,15656
9587,600,14898
9588,1088,5768
9589,1986,2647
9590,1797,2273
9591,1187,575
9592,1961,9234
9593,988,17987
9594,519,19848
9595,1340,9422
9596,719,18255
9597,249,14558
9598,1008,7707
9599,33,1278
9600,1049,19368
9601,235,13571
9602,434,8128
9603,1951,1822
9604,1976,16345
9605,1014,2804
9606,1571,11846
9607,1413,16258
9608,1153,6995
9609,1604,3221
9610,1982,10207
9611,799,8111
9612,666,9189
9613,1308,3803
9614,1090,10893
9615,227,1613
9616,1401,19859
9617,1157,18361
9618,283,2548
9619,267,1370
9620,393,1096
9621,1294,7570
9622,681,8239
9623,1100,15314
9624,1586,5870
9625,889,17492
9626,198,15401
9627,940,5584
9628,1423,17566
9629,899,10046
9630,1000,5895
9631,1628,2659
9632,1554,17477
9633,1018,16041
9634,493,19542
9635,662,7280
9636,482,16192
9637,473,6277
9638,744,399
9639,841,146
9640,94,7204
9641,511,8847
9642,1572,18681
9643,1687,757
9644,1223,10399
9645,535,18193
9646,1162,9103
9647,1889,814
9648,1748,5442
9649,646,2730
9650,1310,4983
9651,640,16746
9652,516,16808
9653,445,8162
9654,1545,19085
9655,1463,10066
9656,212,6238
9657,1611,13959
9658,1319,12391
9659,1046,1538
9660,1245,2798
9661,1166,18472
9662,289,4789
9663,267,10310
9664,1065,1529
9665,1733,13133
9666,470,4053
9667,1471,526
9668,1563,6260
9669,1033,1852
9670,826,6220
9671,1130,18437
9672,1971,19102
9673,1894,6031
9674,766,14091
9675,1158,18941
9676,1090,11253
9677,108,16874
9678,1825,11451
9679,387,5304
9680,1859,4969
9681,118,8257
9682,467,6944
9683,642,11790
9684,33,13353
9685,628,19064
9686,1383,15357
9687,1306,7438
9688,1024,11068
9689,362,11997
9690,1920,13897
9691,1492,145
9692,1237,12628
9693,1990,16064
9694,1013,876
9695,1181,15556
9696,1552,6381
9697,1348,15131
9698,1098,15110
9699,1959,17709
9700,432,6538
9701,1981,14826
9702,116,18757
9703,1895,614
9704,1407,6737
9705,91,4210
9706,1393,1115
9707,1354,17219
9708,255,7910
9709,1287,8706
9710,1754,5357
9711,702,5055
9712,460,1824
9713,30,4913
9714,626,12572
9715,403,11970
9716,345,12367
9717,1656,3088
9718,685,15584
9719,1166,11795
9720,1489,8746
9721,96,16788
9722,1947,5184
9723,1270,9785
9724,1250,511
9725,1733,3144
9726,1249,714
9727,1523,14117
9728,262,19841
9729,1226,8849
9730,1378,17541
9731,1666,6320
9732,1850,14250
9733,946,4025
9734,380,9804
9735,1248,12534
9736,1954,8444
9737,1285,6766
9738,539,13209
9739,1443,11087
9740,1535,5663
9741,957,8464
9742,1694,18659
9743,156,15931
9744,1950,7110
9745,1462,14332
9746,1172,7783
9747,462,12863
9748,359,6315
9749,610,5175
9750,1810,6584
9751,979,17820
9752,1802,13663
9753,1799,17697
9754,1930,10580
9755,1319,2633
9756,1757,4427
9757,1192,12174
9758,404,17585
9759,1278,12733
9760,630,1936
9761,677,5024
9762,1745,11092
9763,1064,16192
9764,967,17047
9765,1135,4896
9766,582,15495
9767,212,12139
9768,1816,7754
9769,555,9258
9770,859,13236
9771,721,2209
9772,18,8085
9773,1795,10652
9774,8,14297
9775,233,13589
9776,900,8692
9777,1846,7911
9778,1968,423
9779,1545,13096
9780,1948,15797
9781,1957,2986
9782,455,17740
9783,1420,10624
9784,1579,11224
9785,196,16941
9786,1846,12822
9787,1542,16697
9788,504,10199
9789,1965,7170
9790,832,6356
9791,650,17871
9792,1519,19254
9793,1834,11723
9794,156,13393
9795,1828,14122
9796,719,7926
9797,1160,19047
9798,226,1368
9799,1165,19610
9800,1958,12041
9801,878,2717
9802,508,7292
9803,1984,11750
9804,1016,18808
9805,142,3371
9806,885,15246
9807,1183,3717
9808,164,14907
9809,402,2652
9810,436,13772
9811,1129,324
9812,1157,2033
9813,1564,11104
9814,1045,113
9815,1302,18359
9816,569,132
9817,464,18040
9818,143,1259
9819,777,16551
9820,469,11514
9821,946,431
9822,1465,3492
9823,672,5523
9824,1245,5842
9825,1795,14027
9826,1271,18584
9827,1633,10148
9828,396,7079
9829,1010,14903
9830,863,6571
9831,186,14215
9832,1604,18660
9833,226,8389
9834,1187,11653
9835,1218,7859
9836,1696,3353
9837,168,5023
9838,1021,5057
9839,111,19911
9840,1504,12271
9841,1366,9613
9842,141,13864
9843,932,1362
9844,1547,10613
9845,411,1070
9846,41,14111
9847,963,13874
9848,334,4694
9849,816,2566
9850,1989,10668
9851,1844,19237
9852,666,9863
9853,984,9552
9854,207,9558
9855,126,16239
9856,1576,13104
9857,171,894
9858,1448,5086
9859,1393,5155
9860,224,16548
9861,939,15789
9862,35,7089
9863,1613,8520
9864,178,3840
9865,433,7536
9866,1190,11897
9867,987,8472
9868,547,2524
9869,1247,11688
9870,1860,7529
9871,1677,6936
9872,1281,9617
9873,1339,5945
9874,19,11223
9875,1338,10899
9876,1964,2711
9877,507,19074
9878,456,7886
9879,1151,10169
9880,1577,9348
9881,222,16009
9882,1671,16531
9883,1075,6679
9884,1854,12942
9885,1260,17744
9886,1208,2370
9887,1900,18022
9888,93,1836
9889,1053,19144
9890,1092,18071
9891,1377,17017
9892,724,19231
9893,1888,4092
9894,989,8472
9895,467,1489
9896,1294,11199
9897,1312,18613
9898,1298,18443
9899,784,12344
9900,919,10091
9901,258,3146
9902,666,16885
9903,1055,461
9904,929,13813
9905,1698,10608
9906,913,11663
9907,67,16225
9908,562,19027
9909,705,9201
9910,773,16335
9911,789,10898
9912,1012,17176
9913,1467,10993
9914,1806,14495
9915,1794,19065
9916,727,14046
9917,730,18105
9918,525,7308
9919,245,18746
9920,1649,12451
9921,149,15567
9922,873,13187
9923,1493,14435
9924,1025,11551
9925,1444,14768
9926,750,13700
9927,488,6740
9928,1206,2254
9929,1958,14841
9930,290,3738
9931,404,12071
9932,1963,7802
9933,1628,417
9934,539,4890
9935,1598,424
9936,81,19017
9937,35,12315
9938,1418,4778
9939,1958,2849
9940,555,19479
9941,495,18906
9942,962,16867
9943,1745,7712
9944,1077,17277
9945,125,17904
9946,1831,2841
9947,1024,12410
9948,612,4696
9949,1541,3525
9950,631,17439
9951,123,13683
9952,134,12428
9953,130,8781
9954,1470,16449
9955,32,16133
9956,1152,7430
9957,1131,5860
9958,168,642
9959,751,1753
9960,428,9214
9961,868,10934
9962,246,11402
9963,937,4959
9964,1891,9787
9965,1458,5453
9966,542,5361
9967,892,7956
9968,497,19397
9969,1940,13568
9970,1441,4241
9971,1036,4823
9972,150,15371
9973,1909,7180
9974,1243,14802
9975,1508,11635
9976,762,4286
9977,1685,11282
9978,1660,4153
9979,1747,4792
9980,1447,11614
9981,994,4052
9982,1553,19241
9983,1440,15706
9984,1963,2252
9985,793,19076
9986,962,6802
9987,1312,4210
9988,1564,2794
9989,1531,11986
9990,1404,19761
9991,96,18199
9992,1030,19225
9993,30,4366
9994,1197,4460
9995,185,15392
9996,942,13650
9997,1356,5474
9998,1000,17357
9999,1376,8928
10000,682,9218
10001,1196,4323
10002,655,14522
10003,70,5694
10004,79,17207
10005,1570,2007
10006,1788,8957
10007,1360,3802
10008,727,14341
10009,756,9459
10010,448,4524
10011,1954,1214
10012,754,13908
10013,773,8484
10014,791,3639
10015,1520,8743
10016,1562,19049
10017,125,8530
10018,1374,12300
10019,1051,14023
10020,511,8174
10021,1026,8396
10022,1280,3340
10023,1300,11236
10024,1035,12924
10025,1808,12088
10026,724,3513
10027,1549,16732
10028,1153,12163
10029,394,9372
10030,1309,6770
10031,1485,18874
10032,1866,6725
10033,1099,9608
10034,1519,2713
10035,778,18827
10036,1690,5335
10037,1250,2198
10038,1415,5626
10039,909,12665
10040,580,12317
10041,136,17049
10042,1288,11618
10043,1872,7666
10044,1605,18045
10045,947,7920
10046,828,8385
10047,958,11101
10048,1312,3417
10049,596,3422
10050,455,16371
10051,1506,17306
10052,1617,12404
10053,1814,18931
10054,790,17965
10055,876,14755
10056,1468,1002
10057,1961,13999
10058,468,16644
10059,1653,8732
10060,418,1050
10061,1038,19583
10062,976,10237
10063,318,10120
10064,456,13681
10065,1404,17634
10066,1827,7761
10067,1963,5923
10068,231,2979
10069,455,6159
10070,1354,3932
10071,1816,11123
10072,153,15423
10073,568,14863
10074,643,522
10075,96,4030
10076,1780,17049
10077,968,10442
10078,1478,13799
10079,1402,1336
10080,1694,19963
10081,306,11980
10082,1229,4330
10083,1237,4341
10084,222,19412
10085,413,16575
10086,171,7367
10087,851,10469
10088,1796,6768
10089,458,10203
10090,1654,19089
10091,911,15621
10092,505,1694
10093,1686,12615
10094,121,3968
10095,747,11
10096,1545,19463
10097,1390,6082
10098,1708,2750
10099,1149,9648
10100,254,12326
10101,1368,13777
10102,729,19121
10103,407,19688
10104,842,13260
10105,1152,10574
10106,930,14235
10107,1050,10554
10108,322,15576
10109,204,4865
10110,1797,18601
10111,1718,12047
10112,419,6803
10113,1166,3770
10114,937,7377
10115,1500,696
10116,367,5520
10117,559,18946
10118,950,9855
10119,1569,18478
10120,1676,5500
10121,91,5481
10122,1252,5813
10123,332,8597
10124,1419,15133
10125,747,806
10126,1887,19060
10127,391,5726
10128,827,19777
10129,1493,12226
10130,1185,10570
10131,1553,3149
10132,593,7435
10133,442,15768
10134,574,8036
10135,1200,1731
10136,611,4895
10137,100,16581
10138,1251,13298
10139,1775,17741
10140,1978,1290
10141,1568,15997
10142,50,5629
10143,98,5275
10144,1631,4464
10145,1036,3223
10146,769,10641
10147,215,7119
10148,488,13557
10149,13,8215
10150,1375,14670
10151,526,14012
10152,1591,18432
10153,1477,8422
10154,184,16555
10155,1833,9726
10156,1228,1204
10157,573,10705
10158,1665,12558
10159,1001,18968
10160,842,5539
10161,1057,13009
10162,1182,18345
10163,261,9301
10164,1615,7457
10165,1691,8871
10166,1916,14061
10167,176,3112
10168,247,6687
10169,198,1128
10170,349,1817
10171,1065,13769
10172,649,13646
10173,603,2494
10174,588,19342
10175,1719,1666
10176,915,7114
10177,1,5786
10178,914,3683
10179,512,19315
10180,609,7824
10181,1256,13161
10182,1552,11179
10183,499,17715
10184,954,6350
10185,725,19773
10186,406,19174
10187,1443,185
10188,442,10699
10189,1546,6020
10190,616,16272
10191,1202,10417
10192,1382,19565
10193,1324,11889
10194,1688,10796
10195,810,8849
10196,1119,13439
10197,1047,13797
10198,1814,17566
10199,682,3485
10200,601,10990
10201,618,9014
10202,1954,19525
10203,537,7221
10204,1290,8873
10205,1841,9883
10206,100,6595
10207,657,19111
10208,462,7438
10209,1981,5260
10210,1046,18660
10211,1000,11630
10212,1828,11662
10213,122,14463
10214,185,14726
10215,1803,19716
10216,51,638
10217,596,8006
10218,1953,14813
10219,1339,4804
10220,1341,12632
10221,917,12061
10222,62,12550
10223,1665,8513
10224,1064,663
10225,142,3596
10226,1875,7744
10227,1210,17979
10228,798,15026
10229,260,4572
10230,174,6758
10231,1586,3527
10232,1729,11378
10233,1279,10416
10234,1178,6357
10235,1500,11626
10236,1213,13802
10237,654,9150
10238,1745,7117
10239,595,8866
10240,1251,8776
10241,921,155
10242,1540,15432
10243,905,2676
10244,147,5386
10245,1079,14598
10246,1784,15952
10247,1043,13439
10248,302,5958
10249,1289,11714
10250,1656,11870
10251,265,11476
10252,713,11704
10253,777,541
10254,39,11955
10255,403,10913
10256,1234,13984
10257,311,10782
10258,1899,11208
10259,1772,11601
10260,108,16906
10261,1055,8700
10262,1039,10006
10263,36,18631
10264,1961,895
10265,590,15721
10266,691,584
10267,1272,5103
10268,208,6520
10269,873,13544
10270,1382,19745
10271,1141,6421
10272,5,14199
10273,1194,1293
10274,1806,3812
10275,314,4602
10276,1723,9199
10277,1553,4976
10278,1394,9036
10279,352,17335
10280,1674,6086
10281,1774,16977
10282,232,4596
10283,1520,2858
10284,188,16698
10285,584,4746
10286,1948,18305
10287,411,4937
10288,691,610
10289,884,16155
10290,152,18245
10291,968,5848
10292,6,14276
10293,1845,17407
10294,1211,18355
10295,1785,7400
10296,156,8197
10297,1861,5805
10298,904,7776
10299,1617,4938
10300,1593,1352
10301,1957,11161
10302,1175,9089
10303,1469,3427
10304,970,10491
10305,1782,451
10306,569,7402
10307,1276,1698
10308,695,2611
10309,1890,16433
10310,151,16136
10311,325,11450
10312,298,31
10313,25,9310
10314,509,12626
10315,1673,497
10316,1261,3356
10317,292,19105
10318,1709,103
10319,1261,12773
10320,1030,11641
10321,1404,5278
10322,1547,7970
10323,825,12152
10324,1754,4094
10325,480,12730
10326,217,12924
10327,1070,18544
10328,1784,453
10329,463,15432
10330,194,2936
10331,1879,6473
10332,231,10447
10333,1800,18569
10334,172,13939
10335,689,4637
10336,1049,6858
10337,1909,16472
10338,586,14130
10339,990,529
10340,1507,14365
10341,1740,17641
10342,1986,1845
10343,816,14846
10344,552,19489
10345,622,14320
10346,841,13852
10347,1881,3927
10348,1037,9716
10349,1021,4813
10350,871,16961
10351,1977,11449
10352,803,7428
10353,316,8110
10354,1211,4350
10355,1302,899
10356,1210,11601
10357,1935,1388
10358,212,7304
10359,199,15108
10360,714,12814
10361,156,2747
10362,505,4932
10363,1141,11124
10364,766,1310
10365,170,12125
10366,560,3352
10367,1125,2594
10368,1171,11555
10369,467,4072
10370,272,10741
10371,1176,5481
10372,966,806
10373,1941,6856
10374,794,15393
10375,1390,4256
10376,407,4850
10377,1286,15386
10378,873,3317
10379,1651,16238
10380,1001,14926
10381,456,12900
10382,440,7006
10383,1453,6071
10384,856,6668
10385,1620,11514
10386,514,1065
10387,323,17198
10388,833,11258
10389,1864,14522
10390,1069,13347
10391,1739,3615
10392,519,10164
10393,1948,3124
10394,1163,10195
10395,698,15088
10396,285,5760
10397,385,19009
10398,1216,7787
10399,1625,17846
10400,1689,16622
10401,802,748
10402,1481,14935
10403,1346,7602
10404,32,9745
10405,1555,4453
10406,268,16306
10407,577,9108
10408,343,13315
10409,22,13423
10410,1288,13214
10411,1696,2538
10412,1063,3528
10413,893,17055
10414,797,2441
10415,274,10108
10416,1024,10403
10417,793,12986
10418,162,6335
10419,528,7074
10420,427,17104
10421,252,16610
10422,1130,13764
10423,1045,10507
10424,409,1655
10425,1092,353
10426,1073,12691
10427,1299,10835
10428,1188,16131
10429,295,3276
10430,152,6642
10431,87,7544
10432,977,5368
10433,555,17002
10434,1099,7546
10435,957,6020
10436,1198,5882
10437,1219,14186
10438,553,3714
10439,670,16599
10440,1694,45
10441,1147,14328
10442,1147,7669
10443,1826,14396
10444,219,527
10445,258,3798
10446,983,14979
10447,1715,8720
10448,1705,15531
10449,333,13241
10450,1996,7825
10451,672,6480
10452,1032,18046
10453,313,17218
10454,1191,3577
10455,547,2691
10456,249,9293
10457,1270,14725
10458,634,6394
10459,769,11445
10460,150,19856
10461,1928,10849
10462,373,1792
10463,246,17506
10464,1185,19081
10465,1579,16456
10466,1876,10943
10467,1019,11599
10468,524,6098
10469,1828,3970
10470,741,14759
10471,915,12506
10472,329,17530
10473,930,10596
10474,1374,4888
10475,949,1343
10476,229,17011
10477,1784,11349
10478,1554,8566
10479,1056,19985
10480,437,2500
10481,805,727
10482,207,17763
10483,554,19893
10484,1464,14729
10485,1649,15879
10486,1654,11902
10487,714,18652
10488,1560,11626
10489,366,5220
10490,1312,15897
10491,1150,16138
10492,1045,8891
10493,1475,9227
10494,904,923
10495,1061,5312
10496,192,5053
10497,1851,219
10498,1159,393
10499,1029,16691
10500,69,12123
10501,718,7525
10502,1710,10460
10503,1607,11465
10504,1886,10428
10505,36,17638
10506,987,5930
10507,1053,7824
10508,146,13666
10509,1974,138
10510,1608,14642
10511,1161,222
10512,380,10519
10513,228,16010
10514,1557,6915
10515,392,15684
10516,141,3064
10517,1074,15406
10518,1497,6232
10519,1705,10176
10520,520,344
10521,1233,13411
10522,704,19433
10523,1440,16777
10524,2000,4416
10525,1965,14512
10526,1467,6333
10527,405,7979
10528,1922,10323
10529,1873,18659
10530,433,4319
10531,718,9299
10532,1816,10950
10533,1035,330
10534,1716,11746
10535,571,8930
10536,968,5844
10537,1926,10425
10538,66,8784
10539,1926,10794
10540,1821,17490
10541,954,8762
10542,486,14455
10543,592,202
10544,108,11363
10545,1746,13353
10546,1719,6573
10547,436,10716
10548,838,15496
10549,856,13671
10550,460,13590
10551,1998,15269
10552,238,7749
10553,450,16977
10554,1930,12650
10555,947,14699
10556,1416,2439
10557,732,6091
10558,1840,19153
10559,1837,4950
10560,147,16258
10561,1395,10615
10562,66,14264
10563,1195,13406
10564,213,10772
10565,985,12876
10566,238,10569
10567,757,19660
10568,898,11112
10569,1852,13739
10570,1142,2381
10571,201,12090
10572,1337,9741
10573,31,366
10574,1500,1735
10575,1458,16029
10576,435,16490
10577,56,5015
10578,343,4895
10579,768,8417
10580,1719,6524
10581,558,16370
10582,1845,14693
10583,98,13902
10584,1573,8110
10585,697,8751
10586,741,6235
10587,726,19995
10588,1431,8726
10589,272,4150
10590,1016,3408
10591,1793,17944
10592,1882,999
10593,949,11518
10594,736,7784
10595,1341,15834
10596,1757,16496
10597,780,6943
10598,1705,19476
10599,439,17498
10600,301,16332
10601,1868,18431
10602,504,17548
10603,1746,2928
10604,234,19706
10605,1128,8220
10606,548,2136
10607,91,8309
10608,133,17591
10609,356,10365
10610,1200,18378
10611,1729,14272
10612,72,10951
10613,730,18857
10614,5,3294
10615,1068,14156
10616,637,4699
10617,495,15102
10618,779,4450
10619,1549,8067
10620,1270,2570
10621,59,11682
10622,656,4593
10623,226,6439
10624,526,7536
10625,84,16898
10626,67,8135
10627,55,3405
10628,1679,9624
10629,12,1060
10630,1129,11207
10631,1626,2147
10632,1559,12010
10633,585,10108
10634,1174,14804
10635,398,3121
10636,985,16873
10637,448,8592
10638,1017,19880
10639,1105,11608
10640,260,13435
10641,1255,15884
10642,841,8381
10643,1185,3700
10644,1322,13800
10645,67,8768
10646,1773,11800
10647,1574,15416
10648,3,13975
10649,1021,2644
10650,1403,4846
10651,859,14249
10652,756,6463
10653,573,17938
10654,1560,1298
10655,1582,1309
10656,1201,15463
10657,1570,8196
10658,770,16873
10659,614,17575
10660,990,6256
10661,454,5715
10662,800,6504
10663,1075,3671
10664,1542,11944
10665,1413,16194
10666,1697,7526
10667,966,18008
10668,1550,13759
10669,1607,17492
10670,1748,13525
10671,39,3702
10672,975,97
10673,625,932
10674,1627,5032
10675,1278,14162
10676,961,19615
10677,1516,17924
10678,1242,15862
10679,261,13827
10680,341,236
10681,857,17396
10682,931,19699
10683,227,12271
10684,492,7912
10685,77,19529
10686,757,369
10687,1829,10799
10688,1015,12578
10689,1422,18228
10690,971,4752
10691,544,2676
10692,1453,1255
10693,345,16327
10694,305,13626
10695,1375,1068
10696,1188,17595
10697,244,7415
10698,1332,15034
10699,351,9121
10700,593,6909
10701,1729,15938
10702,1598,15870
10703,1656,6867
10704,1840,18056
10705,783,14432
10706,949,5365
10707,418,3607
10708,16,14502
10709,1382,17944
10710,1888,14143
10711,1300,17578
10712,704,14628
10713,1822,12488
10714,1176,2308
10715,925,1965
10716,1900,18544
10717,525,4096
10718,1700,13852
10719,1790,13078
10720,1896,6942
10721,1288,5794
10722,470,17779
10723,545,1411
10724,1857,16371
10725,384,19011
10726,799,3225
10727,1935,294
10728,320,14747
10729,86,3449
10730,1398,707
10731,710,9148
10732,1102,3290
10733,1645,13657
10734,1054,6999
10735,419,6203
10736,1940,3336
10737,861,6323
10738,299,4572
10739,204,2177
10740,672,15476
10741,1995,13544
10742,145,6442
10743,377,2065
10744,414,6053
10745,1518,12672
10746,951,19763
10747,1318,13967
10748,19,3894
10749,1879,3961
10750,1613,4596
10751,1800,17705
10752,2,14255
10753,762,5181
10754,59,13470
10755,274,6001
10756,207,4151
10757,651,31
10758,1718,14173
10759,1589,7631
10760,239,15978
10761,1246,16934
10762,301,18359
10763,32,6635
10764,1819,4297
10765,1321,14642
10766,1831,394
10767,799,983
10768,1327,15651
10769,85,4301
10770,1891,12819
10771,144,9944
10772,356,15036
10773,1095,5455
10774,1437,5404
10775,1676,17292
10776,1207,12219
10777,1547,971
10778,1962,17777
10779,103,10822
10780,1663,7985
10781,679,12005
10782,1665,881
10783,721,13573
10784,224,8795
10785,1383,8744
10786,563,3201
10787,1257,10900
10788,1142,6064
10789,1966,10064
10790,1917,16512
10791,1047,3534
10792,384,1426
10793,379,14829
10794,1156,18921
10795,438,2780
10796,1831,16301
10797,1966,1130
10798,286,14238
10799,1820,4234
10800,1260,13685
10801,1601,9917
10802,497,7593
10803,888,11812
10804,1268,16477
10805,53,5297
10806,1619,867
10807,1206,15233
10808,1977,12914
10809,1394,13761
10810,807,3349
10811,1813,17367
10812,373,2718
10813,108,11465
10814,954,13246
10815,1958,13608
10816,1838,14307
10817,473,16684
10818,1648,3934
10819,397,18138
10820,391,9199
10821,730,7560
10822,431,13085
10823,1470,6798
10824,803,10777
10825,607,10642
10826,646,314
10827,633,1084
10828,1322,2679
10829,1537,1221
10830,1158,15019
10831,1581,14156
10832,644,2401
10833,312,9002
10834,712,3886
10835,1777,14697
10836,544,17239
10837,1770,10254
10838,54,17167
10839,1170,4876
10840,449,18671
10841,1916,3579
10842,216,12123
10843,1991,6969
10844,40,8387
10845,1972,7750
10846,1296,6448
10847,612,12330
10848,571,3060
10849,1155,15905
10850,708,3412
10851,476,9322
10852,1471,18105
10853,1523,11094
10854,576,8767
10855,1936,9635
10856,1251,826
10857,669,13008
10858,566,753
10859,1278,7391
10860,1720,11172
10861,32,19193
10862,73,9777
10863,1646,3619
10864,672,9807
10865,1696,3893
10866,408,11051
10867,1080,4259
10868,639,10363
10869,507,11348
10870,1084,3664
10871,452,10716
10872,499,810
10873,953,8265
10874,420,3296
10875,1995,10064
10876,559,418
10877,1607,19378
10878,880,827
10879,474,15111
10880,1516,5452
10881,441,5443
10882,1418,7223
10883,1815,7580
10884,1747,2940
10885,1091,9221
10886,461,1205
10887,299,1651
10888,381,10783
10889,1307,4522
10890,1292,11415
10891,402,17823
10892,1638,1793
10893,1688,16917
10894,1551,4616
10895,215,11753
10896,473,12863
10897,71,18075
10898,757,7759
10899,616,3276
10900,1836,18758
10901,1402,13430
10902,1622,17073
10903,131,16224
10904,1454,13301
10905,1416,16397
10906,1516,19908
10907,1510,8277
10908,1264,2216
10909,93,401
10910,435,6351
10911,594,16517
10912,137,8091
10913,882,5432
10914,1596,19787
10915,472,16509
10916,1305,17206
10917,454,15067
10918,1443,13150
10919,1718,12619
10920,1647,18653
10921,1079,1891
10922,1541,3738
10923,1340,13172
10924,1936,17865
10925,643,3881
10926,787,11623
10927,46,17634
10928,1125,16361
10929,1988,2984
10930,769,3885
10931,110,13397
10932,1304,19050
10933,1841,16011
10934,1188,15324
10935,834,1489
10936,756,14234
10937,913,3645
10938,1552,8377
10939,577,12162
10940,1863,1552
10941,346,1501
10942,832,18336
10943,79,654
10944,1036,17395
10945,697,16000
10946,1863,18217
10947,280,8020
10948,1917,1064
10949,334,17325
10950,1545,18136
10951,28,14698
10952,1983,11271
10953,238,8307
10954,1253,2636
10955,1607,3418
10956,1836,18151
10957,506,10813
10958,703,3227
10959,1243,12865
10960,1258,5769
10961,1543,3701
10962,163,3062
10963,915,15544
10964,651,16969
10965,383,9275
10966,144,11443
10967,1940,9999
10968,568,3147
10969,1011,6479
10970,826,7845
10971,1366,19136
10972,1374,9737
10973,1876,11039
10974,936,12710
10975,1666,7513
10976,550,7854
10977,99,2932
10978,1121,6018
10979,649,14775
10980,1604,581
10981,1233,7469
10982,1309,19213
10983,1040,19806
10984,1452,8936
10985,1107,1380
10986,295,7895
10987,1173,18044
10988,1272,10787
10989,490,7404
10990,328,8221
10991,351,11509
10992,158,973
10993,1708,17185
10994,1136,11433
10995,1600,7721
10996,1199,16892
10997,62,7718
10998,1824,18763
10999,1557,4417
11000,984,12070
11001,827,9461
11002,1130,15100
11003,12,12147
11004,1078,19513
11005,1279,1231
11006,181,9780
11007,51,1264
11008,1485,7385
11009,1811,14340
11010,455,16397
11011,799,4719
11012,241,12244
11013,1523,19313
11014,1893,5223
11015,583,19746
11016,1574,4055
11017,947,18411
11018,1990,17961
11019,1452,6517
11020,555,16897
11021,1834,1046
11022,1795,8744
11023,822,14330
11024,995,9742
11025,858,8992
11026,45,19953
11027,1147,19406
11028,1986,9864
11029,913,19426
11030,491,8565
11031,1858,16114
11032,991,5032
11033,1264,12146
11034,480,19083
11035,1880,2077
11036,383,4792
11037,633,6639
11038,1027,16116
11039,1078,1374
11040,988,5130
11041,562,14772
11042,976,12768
11043,1227,1774
11044,1565,14746
11045,164,16794
11046,1460,6908
11047,368,10793
11048,1187,10167
11049,1081,9847
11050,1297,8769
11051,1259,4281
11052,1995,7124
11053,1664,1298
11054,1820,8928
11055,1297,10919
11056,1085,18258
11057,912,13160
11058,676,53
11059,1938,2042
11060,520,17901
11061,1348,14529
11062,1306,11431
11063,1324,12885
11064,1258,8796
11065,122,11779
11066,1003,18976
11067,42,11760
11068,1717,9034
11069,1487,3352
11070,894,11889
11071,953,4409
11072,247,15111
11073,461,9331
11074,382,1974
11075,840,18274
11076,208,13660
11077,611,8102
11078,59,1750
11079,1508,19320
11080,97,5047
11081,1373,11451
11082,653,3796
11083,1773,3581
11084,1309,2971
11085,954,4279
11086,1911,14539
11087,326,4699
11088,568,13892
11089,280,19511
11090,1552,15853
11091,1618,7831
11092,1178,4537
11093,1101,15962
11094,84,3081
11095,762,4331
11096,210,16443
11097,926,16999
11098,1048,8080
11099,1748,4525
11100,574,11096
11101,344,2432
11102,1574,15047
11103,1993,5678
11104,154,14861
11105,622,15071
11106,1005,16822
11107,1457,14617
11108,1765,9966
11109,1892,22
11110,1717,3805
11111,1829,17153
11112,985,5230
11113,334,13820
11114,573,19270
11115,40,9311
11116,693,4151
11117,84,13627
11118,101,1737
11119,551,6008
11120,1569,7681
11121,314,19913
11122,993,17052
11123,821,407
11124,686,13154
11125,1761,16129
11126,1732,194
11127,969,12676
11128,447,1675
11129,573,2943
11130,1144,4546
11131,1055,7393
11132,1449,6571
11133,467,18700
11134,1779,12708
11135,1635,19878
11136,1100,8459
11137,1941,19625
11138,1972,7226
11139,244,13477
11140,943,12718
11141,257,2139
11142,858,9000
11143,1631,4209
11144,1575,19247
11145,1133,17960
11146,1718,7693
11147,1439,14374
11148,596,18449
11149,488,3796
11150,1683,5343
11151,451,7661
11152,1162,6527
11153,1585,4254
11154,1169,20
11155,1602,6785
11156,1080,11626
11157,1154,9674
11158,1382,11389
11159,617,11609
11160,321,14698
11161,72,18151
11162,985,14979
11163,451,141
11164,483,15912
11165,927,7094
11166,855,17868
11167,1191,13903
11168,1379,6808
11169,440,10682
11170,993,11930
11171,31,10048
11172,1237,19909
11173,238,10179
11174,1775,16518
11175,545,8881
11176,714,13592
11177,333,11587
11178,741,17694
11179,903,1453
11180,204,12819
11181,438,8943
11182,1064,18372
11183,814,16415
11184,1984,13944
11185,373,1582
11186,1285,1440
11187,1235,8295
11188,1158,9853
11189,146,16910
11190,861,16125
11191,882,8275
11192,1986,5458
11193,764,7021
11194,1549,11026
11195,1994,18078
11196,1550,12817
11197,1738,5855
11198,1584,3830
11199,1554,4939
11200,1561,5881
11201,1825,17952
11202,799,12644
11203,1247,2888
11204,90,2454
11205,1131,8278
11206,844,765
11207,163,3423
11208,390,9684
11209,619,1501
11210,1257,18748
11211,1646,7099
11212,1420,2246
11213,442,15038
11214,1477,4305
11215,1014,4462
11216,1483,474
11217,339,19581
11218,1449,11467
11219,1453,1425
11220,40,3303
11221,65,7311
11222,1778,19665
11223,1913,13519
11224,116,1497
11225,1365,17766
11226,710,18975
11227,1634,15153
11228,1176,2528
11229,351,3986
11230,1069,17482
11231,1882,6127
11232,1390,14585
11233,1019,4333
11234,1657,6144
11235,878,18359
11236,98,7114
11237,874,2451
11238,1784,3804
11239,484,12648
11240,798,19793
11241,266,14912
11242,631,18303
11243,1165,9571
11244,895,16871
11245,134,16678
11246,448,2016
11247,724,19548
11248,94,13493
11249,560,7617
11250,1397,13661
11251,1452,17958
11252,1509,11805
11253,1114,18211
11254,1681,1902
11255,1858,11774
11256,704,4389
11257,1736,11203
11258,1160,19850
11259,434,42
11260,1563,7164
11261,1103,13518
11262,1683,17550
11263,167,9936
11264,44,13312
11265,182,1751
11266,1681,6436
11267,546,7265
11268,806,14415
11269,1026,13169
11270,952,17821
11271,554,8061
11272,638,4588
11273,846,360
11274,1868,5740
11275,1748,1633
11276,1225,3106
11277,956,9786
11278,826,5426
11279,89,19032
11280,474,13715
11281,530,153
11282,575,11318
11283,1009,11717
11284,1983,4909
11285,1475,14099
11286,739,14472
11287,1173,17989
11288,88,13339
11289,1693,15497
11290,357,8785
11291,1562,15443
11292,1487,19050
11293,279,9655
11294,1165,11317
11295,1519,10243
11296,246,5909
11297,1650,12603
11298,980,17301
11299,875,1234
11300,7,16145
11301,350,3115
11302,1972,6590
11303,609,7772
11304,1983,5307
11305,679,13714
11306,472,13448
11307,843,12866
11308,1580,15703
11309,1848,12908
11310,1402,8884
11311,106,8548
11312,1778,763
11313,519,2146
11314,1238,7343
11315,1085,14577
11316,1810,6062
11317,866,9625
11318,1674,1228
11319,555,11815
11320,1959,9424
11321,682,8938
11322,894,4804
11323,630,4857
11324,594,15462
11325,1115,18304
11326,1635,4197
11327,545,11922
11328,1919,9131
11329,424,1813
11330,291,11983
11331,347,4425
11332,700,17626
11333,322,7755
11334,994,7275
11335,1501,5615
11336,634,7473
11337,1587,8025
11338,215,7218
11339,139,8100
11340,1529,4463
11341,566,1505
11342,1430,11067
11343,279,9713
11344,1160,16953
11345,757,2329
11346,171,14641
11347,186,19918
11348,549,8879
11349,1659,1981
11350,155,17304
11351,549,13610
11352,1447,6282
11353,465,13238
11354,448,1232
11355,475,16236
11356,170,12352
11357,158,5003
11358,1734,9379
11359,548,2448
11360,220,15620
11361,1796,12610
11362,1077,17506
11363,604,400
11364,245,494
11365,309,3785
11366,1258,8971
11367,757,13602
11368,1995,14182
11369,583,13394
11370,1832,7665
11371,1238,7778
11372,238,10669
11373,1625,11167
11374,579,19710
11375,53,18624
11376,1959,427
11377,263,2479
11378,1561,14414
11379,110,8418
11380,1892,12238
11381,970,10801
11382,1005,2259
11383,1923,14959
11384,1475,16804
11385,472,17947
11386,256,6323
11387,899,5668
11388,580,11771
11389,1148,13162
11390,820,13382
11391,1286,7235
11392,255,8086
11393,1587,322
11394,1677,9254
11395,862,2959
11396,1681,10535
11397,1163,13692
11398,156,11959
11399,1199,17329
11400,495,14421
11401,1696,11238
11402,1376,13178
11403,56,17868
11404,84,14514
11405,567,12481
11406,1375,13732
11407,148,6013
11408,348,377
11409,335,360
11410,1761,18624
11411,1618,19086
11412,963,13865
11413,1058,4368
11414,1491,18890
11415,885,10981
11416,1684,9840
11417,13,17761
11418,484,16370
11419,1689,9068
11420,1053,18061
11421,344,989
11422,362,10964
11423,205,10061
11424,313,15244
11425,740,3681
11426,643,4061
11427,1127,10000
11428,357,8795
11429,1617,4683
11430,1186,14376
11431,1624,1515
11432,1031,16377
11433,887,10676
11434,210,8448
11435,599,4613
11436,612,16481
11437,781,747
11438,743,13809
11439,610,18529
11440,1359,5335
11441,112,6697
11442,793,4106
11443,724,10471
11444,504,14028
11445,461,18926
11446,442,13011
11447,1087,14118
11448,1725,15105
11449,1531,4019
11450,842,14986
11451,1318,14280
11452,545,11686
11453,1547,6291
11454,93,10242
11455,1029,1067
11456,473,19914
11457,1758,17331
11458,65,16579
11459,1014,18567
11460,1522,9502
11461,251,7801
11462,39,9061
11463,683,8128
11464,378,14662
11465,749,8446
11466,1476,7004
11467,897,32
11468,799,11988
11469,1911,8540
11470,1981,2309
11471,1028,549
11472,1091,9782
11473,1809,8682
11474,1275,7249
11475,27,13233
11476,1277,6124
11477,1194,19331
11478,1474,9273
11479,1215,18808
11480,1487,6305
11481,1261,3057
11482,1094,3960
11483,358,3155
11484,1811,15724
11485,1845,6899
11486,712,8393
11487,1871,7870
11488,1730,4586
11489,458,1726
11490,989,8718
11491,1117,13896
11492,380,13344
11493,1929,1542
11494,1381,13615
11495,1858,16977
11496,274,11922
11497,206,2651
11498,1603,7339
11499,1567,14173
11500,98,10358
11501,1221,8881
11502,136,10393
11503,1327,19911
11504,812,17152
11505,487,5608
11506,50,19103
11507,886,12795
11508,1739,19116
11509,194,1894
11510,1036,17769
11511,589,7959
11512,981,15680
11513,140,11414
11514,1120,14082
11515,1296,14511
11516,897,19052
11517,1680,19156
11518,1126,12828
11519,1939,15074
11520,706,555
11521,320,4604
11522,260,15781
11523,851,4593
11524,1971,19035
11525,1390,17762
11526,362,4772
11527,1054,19248
11528,1674,17078
11529,685,12882
11530,1995,16490
11531,159,18154
11532,1860,6446
11533,1466,17475
11534,336,10737
11535,1332,886
11536,1136,13118
11537,1615,16079
11538,1777,3912
11539,310,6394
11540,815,4714
11541,1118,7487
11542,494,2196
11543,264,3422
11544,1553,4104
11545,1185,19788
11546,591,1008
11547,515,14199
11548,1725,9505
11549,1795,7593
11550,1798,15855
11551,772,17637
11552,1288,9907
11553,1156,17102
11554,1620,4718
11555,1446,17228
11556,99,4544
11557,1615,17638
11558,803,7094
11559,1284,19706
11560,645,9944
11561,1215,17
11562,1836,11073
11563,1136,4175
11564,1153,4364
11565,339,5704
11566,240,16860
11567,1416,18501
11568,541,16494
11569,577,10739
11570,474,9197
11571,54,4970
11572,512,12506
11573,1723,9396
11574,436,9714
11575,347,17859
11576,745,4277
11577,1550,5605
11578,141,18768
11579,1412,69
11580,151,17044
11581,180,13707
11582,930,4917
11583,1844,3895
11584,129,5505
11585,732,7788
11586,823,2006
11587,1648,13883
11588,647,18807
11589,147,9745
11590,966,4863
11591,1987,6445
11592,1419,16685
11593,1939,5022
11594,735,3522
11595,404,2116
11596,230,8600
11597,1013,14439
11598,1773,8985
11599,71,3376
11600,156,8356
11601,1496,7660
11602,1514,4213
11603,883,15748
11604,367,3546
11605,1427,2253
11606,1527,7664
11607,1491,13875
11608,1261,19244
11609,1136,13429
11610,1782,6233
11611,1367,13832
11612,181,11393
11613,440,13146
11614,1238,1573
11615,1286,2591
11616,509,3659
11617,1325,7244
11618,101,4256
11619,591,17514
11620,62,17254
11621,1760,10127
11622,1233,3949
11623,154,11177
11624,72,5334
11625,1390,9402
11626,116,1084
11627,914,14398
11628,21,19389
11629,1956,2837
11630,1969,16822
11631,423,692
11632,356,15503
11633,1080,8823
11634,1152,372
11635,136,12465
11636,29,14474
11637,459,16836
11638,636,9670
11639,1904,16598
11640,517,13434
11641,483,10895
11642,284,17097
11643,1160,584
11644,1145,19754
11645,480,14248
11646,1931,18737
11647,157,15362
11648,1491,12083
11649,16,2044
11650,1825,732
11651,1518,8350
11652,1581,19654
11653,1238,13686
11654,453,4745
11655,1484,4688
11656,1556,11393
11657,331,14729
11658,1429,6092
11659,1696,1577
11660,1277,15171
11661,1050,6021
11662,233,15628
11663,854,16756
11664,194,9704
11665,557,8687
11666,1823,13900
11667,472,9707
11668,1875,5966
11669,533,2092
11670,1512,12715
11671,1398,9741
11672,1348,18037
11673,1223,19589
11674,1037,16585
11675,1390,11505
11676,440,1346
11677,817,4509
11678,110,17651
11679,325,3552
11680,678,13330
11681,803,2778
11682,1063,183
11683,476,14122
11684,262,14117
11685,1586,10986
11686,152,18090
11687,1460,12940
11688,1815,18896
11689,1984,4414
11690,4,1134
11691,111,17115
11692,1407,9793
11693,1667,8537
11694,969,17993
11695,476,7927
11696,1214,7877
11697,213,9477
11698,1302,201
11699,1583,1544
11700,81,5717
11701,1600,13440
11702,1020,12268
11703,30,2040
11704,1438,2927
11705,1729,1374
11706,141,13220
11707,68,13191
11708,1834,12000
11709,342,12673
11710,313,18239
11711,861,2514
11712,1111,13956
11713,629,2373
11714,1505,8967
11715,1865,557
11716,177,237
11717,1974,19845
11718,47,3741
11719,795,2679
11720,99,12455
11721,1447,18872
11722,635,6403
11723,454,1447
11724,220,12830
11725,1262,1506
11726,239,5290
11727,1487,14231
11728,1,2821
11729,378,5895
11730,1836,9474
11731,288,12631
11732,1051,11169
11733,381,15374
11734,1300,15713
11735,1908,2690
11736,761,13191
11737,1886,4691
11738,610,12325
11739,757,19405
11740,964,16502
11741,746,10685
11742,379,8933
11743,1697,3844
11744,1599,7074
11745,547,18393
11746,1178,8550
11747,1262,17360
11748,1887,5155
11749,1656,15629
11750,1116,4635
11751,174,4638
11752,1020,19517
11753,495,17469
11754,816,18868
11755,756,14164
11756,826,16522
11757,1144,5305
11758,1056,7086
11759,1296,5298
11760,751,14175
11761,844,3145
11762,155,16716
11763,1898,11410
11764,168,2222
11765,769,10384
11766,1344,7459
11767,141,13643
11768,1625,7477
11769,1243,16454
11770,942,11415
11771,769,10825
11772,806,15979
11773,1133,10745
11774,166,12373
11775,1218,5335
11776,1298,9677
11777,635,10266
11778,858,14575
11779,1192,320
11780,871,15188
11781,164,2988
11782,315,18586
11783,1057,9683
11784,1306,18079
11785,617,15833
11786,1094,14846
11787,325,12121
11788,551,4606
11789,1436,18981
11790,1331,5657
11791,345,18215
11792,274,1768
11793,1317,13226
11794,1227,13081
11795,979,17151
11796,1858,15079
11797,1791,7547
11798,1936,1440
11799,1069,16402
11800,1345,18030
11801,64,11117
11802,622,16744
11803,1402,15045
11804,962,12362
11805,848,14672
11806,1036,5514
11807,863,6500
11808,494,3010
11809,1448,14921
11810,744,5000
11811,694,12928
11812,1127,13642
11813,347,202
11814,946,11944
11815,253,1765
11816,1648,16412
11817,1929,2298
11818,582,18222
11819,410,3766
11820,945,14013
11821,1465,4658
11822,445,4096
11823,855,9671
11824,846,12147
11825,23,2874
11826,1429,14664
11827,656,12181
11828,817,8514
11829,1251,11265
11830,1939,8143
11831,1779,3151
11832,845,12441
11833,539,6743
11834,660,9226
11835,1372,6938
11836,1685,14710
11837,338,5694
11838,1060,19520
11839,1022,3820
11840,16,16489
11841,1978,8113
11842,973,8853
11843,1739,1129
11844,1062,2621
11845,1724,2871
11846,527,11779
11847,1300,1840
11848,865,14169
11849,718,29
11850,1490,8182
11851,247,13147
11852,661,11039
11853,1647,14752
11854,1475,19402
11855,53,3467
11856,1614,15522
11857,441,8959
11858,607,12347
11859,1698,2128
11860,765,3242
11861,1473,4939
11862,1400,14367
11863,689,11552
11864,88,1071
11865,1019,1718
11866,288,1619
11867,46,6180
11868,7,7064
11869,458,10927
11870,909,2891
11871,1686,9850
11872,1919,4607
11873,61,11170
11874,163,14590
11875,177,13712
11876,920,2043
11877,763,7084
11878,1186,17565
11879,194,6280
11880,535,16798
11881,504,14150
11882,629,14961
11883,441,16154
11884,394,12766
11885,1686,18793
11886,1399,18880
11887,1864,8188
11888,882,18025
11889,71,12550
11890,1634,16191
11891,1450,15553
11892,500,5792
11893,1780,2113
11894,299,13848
11895,272,13363
11896,718,2243
11897,1671,836
11898,840,5398
11899,1741,3741
11900,1400,16123
11901,256,8626
11902,1157,5967
11903,303,15362
11904,1722,11637
11905,1955,11838
11906,397,13323
11907,1322,2260
11908,1523,1868
11909,1668,9067
11910,1695,19194
11911,1492,1714
11912,1040,17257
11913,1574,17608
11914,1583,5162
11915,325,1100
11916,390,641
11917,728,5123
11918,95,7069
11919,1349,5970
11920,528,10393
11921,1402,4789
11922,1438,14856
11923,583,6275
11924,418,11354
11925,1174,16381
11926,460,17996
11927,666,16173
11928,395,6214
11929,269,15566
11930,1681,13034
11931,1127,7455
11932,67,3691
11933,128,2434
11934,512,12446
11935,751,18397
11936,671,5980
11937,1675,3476
11938,472,3264
11939,1136,14063
11940,1089,8828
11941,1299,5878
11942,1907,9325
11943,1917,2032
11944,894,10056
11945,1916,3689
11946,123,3414
11947,787,1038
11948,1467,17441
11949,1943,16145
11950,1862,10360
11951,72,6989
11952,886,18551
11953,1953,8158
11954,1080,4986
11955,1271,14026
11956,266,10744
11957,1359,13445
11958,1858,19201
11959,695,17993
11960,1113,2190
11961,714,14870
11962,649,13321
11963,1934,18234
11964,612,16535
11965,822,10617
11966,1947,5770
11967,738,14658
11968,1252,1445
11969,32,7541
11970,201,4694
11971,721,5723
11972,1918,2039
11973,260,7214
11974,1119,10727
11975,19,4474
11976,700,19375
11977,499,2139
11978,1470,7042
11979,1662,17968
11980,205,10595
11981,1377,1974
11982,442,9327
11983,491,2438
11984,694,6912
11985,673,6101
11986,1359,11547
11987,1494,6236
11988,14,2613
11989,1635,15235
11990,853,19167
11991,1465,11295
11992,160,271
11993,335,3347
11994,1363,4824
11995,1944,12156
11996,402,9254
11997,264,6996
11998,1669,3778
11999,783,15457
12000,1394,17547
12001,1250,6402
12002,1485,1270
12003,1419,19491
12004,1741,19006
12005,672,18936
12006,696,15572
12007,890,10833
12008,1735,6219
12009,286,17971
12010,1259,3194
12011,1318,8205
12012,622,15466
12013,576,6086
12014,587,19951
12015,231,8746
12016,580,3267
12017,454,10312
12018,1693,12455
12019,942,1598
12020,1676,2834
12021,1717,16786
12022,340,17192
12023,1915,1849
12024,1856,12588
12025,156,8123
12026,1007,9678
12027,74,11372
12028,1452,19372
12029,550,10195
12030,1023,18895
12031,903,3965
12032,1269,7270
12033,1517,495
12034,1188,12667
12035,55,1540
12036,1380,6409
12037,124,18972
12038,1248,7481
12039,200,5794
12040,884,6898
12041,1471,7544
12042,1805,246
12043,1203,7690
12044,1624,14415
12045,1449,12668
12046,786,911
12047,881,4819
12048,928,4509
12049,1591,7498
12050,535,3761
12051,1912,9121
12052,270,1162
12053,782,15266
12054,1829,6709
12055,1007,1035
12056,196,8929
12057,120,16302
12058,1003,11237
12059,294,3986
12060,1795,4128
12061,219,1668
12062,670,5252
12063,1023,9015
12064,723,6664
12065,207,4019
12066,951,14157
12067,962,392
12068,1819,9044
12069,989,17450
12070,671,17688
12071,1421,4777
12072,287,3390
12073,695,9249
12074,1042,2775
12075,273,13976
12076,1519,15789
12077,1260,6184
12078,168,15892
12079,1194,17575
12080,581,13368
12081,445,16024
12082,89,16894
12083,1522,9122
12084,566,11415
12085,1886,15610
12086,1685,216
12087,8,868
12088,130,4158
12089,245,19280
12090,939,9475
12091,1841,4806
12092,1260,13012
12093,155,6464
12094,1270,5896
12095,760,7953
12096,224,6983
12097,1073,9037
12098,486,9666
12099,561,16676
12100,1874,4817
12101,1370,9526
12102,1335,16769
12103,979,10523
12104,873,10230
12105,37,16534
12106,816,5319
12107,925,11653
12108,723,12713
12109,1384,18854
12110,1481,279
12111,1513,15241
12112,1952,14249
12113,631,6252
12114,1734,18667
12115,1126,15599
12116,589,10166
12117,1132,14088
12118,1505,16159
12119,1324,13894
12120,984,2413
12121,852,16751
12122,1222,16309
12123,128,7657
12124,508,5669
12125,772,13862
12126,256,16354
12127,18,5199
12128,70,6463
12129,1508,4600
12130,19,4702
12131,1825,1885
12132,1002,6621
12133,1436,4296
12134,1274,7863
12135,452,3893
12136,589,10237
12137,1339,7934
12138,806,16246
12139,362,10211
12140,1123,7569
12141,906,8354
12142,445,17516
12143,765,8913
12144,1986,17879
12145,391,9344
12146,1086,6578
12147,282,11455
12148,725,15281
12149,1946,12417
12150,2000,14596
12151,797,18376
12152,744,10146
12153,1994,9730
12154,1900,8988
12155,108,2223
12156,1330,3045
12157,699,11195
12158,1284,13846
12159,968,5517
12160,1767,6956
12161,1482,14012
12162,215,674
12163,1222,13413
12164,607,17079
12165,1959,3316
12166,259,3763
12167,1626,8449
12168,482,2607
12169,544,11960
12170,76,14590
12171,1118,11497
12172,913,643
12173,1855,9868
12174,176,8134
12175,1070,15914
12176,1801,3530
12177,1440,17320
12178,1934,7805
12179,519,11426
12180,1437,7848
12181,1517,2986
12182,296,12941
12183,110,9073
12184,1001,5058
12185,1178,19798
12186,632,6544
12187,1287,17729
12188,1429,4516
12189,672,18296
12190,541,9755
12191,1671,2391
12192,415,8472
12193,1613,10034
12194,996,1912
12195,1652,3927
12196,336,10475
12197,1673,9134
12198,1283,3590
12199,787,429
12200,1976,14657
12201,1381,1183
12202,35,3954
12203,30,1261
12204,1555,15068
12205,153,11777
12206,1488,11518
12207,1805,19615
12208,1844,5452
12209,618,11231
12210,14,12953
12211,106,293
12212,941,13370
12213,1026,14622
12214,1567,2919
12215,1594,17887
12216,415,8800
12217,417,8802
12218,962,8636
12219,1054,12051
12220,126,3315
12221,1052,8311
12222,214,10490
12223,1266,294
12224,1293,5525
12225,283,12745
12226,1272,13952
12227,821,15049
12228,1140,4174
12229,153,3781
12230,1170,16142
12231,1215,7402
12232,1768,7
12233,1450,6517
12234,944,14688
12235,1199,2342
12236,99,10952
12237,1140,11409
12238,147,8191
12239,853,16859
12240,918,18931
12241,126,14840
12242,813,742
12243,1536,2692
12244,1598,19990
12245,1058,18884
12246,1950,5477
12247,328,3453
12248,1375,17370
12249,1836,5792
12250,1064,3052
12251,218,11321
12252,370,17667
12253,1901,5068
12254,212,13944
12255,1343,2828
12256,165,15971
12257,1226,15303
12258,663,8117
12259,12,1172
12260,157,12033
12261,1502,1444
12262,461,102
12263,359,987
12264,450,17864
12265,1270,12396
12266,881,5975
12267,1036,5827
12268,1131,4719
12269,1607,4972
12270,1649,12513
12271,1922,16091
12272,1627,15410
12273,1627,13453
12274,1965,11536
12275,1383,10742
12276,978,16610
12277,745,19324
12278,69,13315
12279,1827,13810
12280,1965,15685
12281,206,18760
12282,1710,2682
12283,1729,7219
12284,1246,6833
12285,174,8873
12286,1474,13081
12287,19,17895
12288,420,2307
12289,1042,13473
12290,1594,6199
12291,943,1442
12292,1299,710
12293,1453,298
12294,342,18089
12295,682,14036
12296,161,11168
12297,641,7732
12298,577,5736
12299,1049,177
12300,887,5561
12301,707,3240
12302,1225,2996
12303,894,18413
12304,460,11490
12305,389,8085
12306,26,3083
12307,1181,2379
12308,1272,7447
12309,873,18572
12310,1857,3771
12311,1474,3841
12312,186,3415
12313,709,9940
12314,1150,9934
12315,1288,2029
12316,826,10253
12317,177,3480
12318,1450,12543
12319,1934,4052
12320,32,13533
12321,1103,1319
12322,1705,5383
12323,189,2328
12324,136,17457
12325,1894,4225
12326,260,6461
12327,1912,3161
12328,346,12572
12329,553,4380
12330,644,9081
12331,1719,10368
12332,1301,6859
12333,1190,18964
12334,1577,5549
12335,736,10664
12336,1859,13707
12337,1552,19036
12338,350,18462
12339,122,897
12340,1230,17424
12341,1290,12383
12342,1387,4022
12343,844,5587
12344,1795,18657
12345,1248,8978
12346,1483,16384
12347,611,1130
12348,1776,10850
12349,1665,7155
12350,1349,1496
12351,520,10874
12352,298,18078
12353,1237,17105
12354,1055,17489
12355,1308,12925
12356,1084,14836
12357,47,7395
12358,1383,11726
12359,661,14593
12360,571,346
12361,633,3340
12362,190,18902
12363,1356,7421
12364,166,7206
12365,688,16889
12366,686,5338
12367,645,4710
12368,1333,19516
12369,1690,16607
12370,1067,12792
12371,205,11976
12372,537,17976
12373,122,5524
12374,824,4722
12375,366,3973
12376,1933,1544
12377,1358,10619
12378,268,16683
12379,1147,7879
12380,795,10269
12381,931,8888
12382,431,2016
12383,1372,19965
12384,868,19342
12385,1225,11267
12386,581,9728
12387,1983,11589
12388,1431,16247
12389,1500,5026
12390,1663,19829
12391,1393,518
12392,122,4354
12393,1901,14002
12394,1791,15904
12395,1162,5875
12396,114,6077
12397,1156,19184
12398,1537,13582
12399,1807,13769
12400,1022,8388
12401,83,13639
12402,792,2007
12403,291,471
12404,261,11365
12405,1103,2066
12406,344,8960
12407,1505,1775
12408,1049,2828
12409,984,4303
12410,65,5333
12411,1155,12777
12412,303,2180
12413,974,18291
12414,442,12382
12415,1880,9226
12416,1572,9407
12417,288,1597
12418,1535,14105
12419,677,15022
12420,798,1361
12421,875,15386
12422,223,13986
12423,1790,12753
12424,913,12501
12425,1940,4200
12426,1971,5832
12427,160,8624
12428,1835,16631
12429,1971,18171
12430,348,4764
12431,1095,9634
12432,89,3624
12433,842,4893
12434,519,14581
12435,674,9829
12436,288,12346
12437,599,12362
12438,986,6430
12439,1471,13170
12440,315,7434
12441,806,1724
12442,841,18570
12443,1224,15374
12444,1487,253
12445,869,11376
12446,859,3275
12447,243,3755
12448,1856,674
12449,89,8409
12450,545,14912
12451,1260,1847
12452,1835,2484
12453,1789,10678
12454,1825,17749
12455,82,15627
12456,1105,15652
12457,962,16474
12458,1133,6047
12459,642,15566
12460,882,9229
12461,92,12709
12462,1353,7488
12463,70,8417
12464,1958,1733
12465,477,18806
12466,1678,4295
12467,1867,18012
12468,1974,15216
12469,1659,1647
12470,549,6318
12471,1465,8598
12472,55,7021
12473,399,4060
12474,457,17117
12475,773,6706
12476,1996,5108
12477,437,18634
12478,155,13645
12479,1512,8168
12480,1740,5553
12481,1185,3332
12482,1624,11908
12483,169,7624
12484,1120,5186
12485,787,18
12486,247,8508
12487,1298,14817
12488,166,10872
12489,378,5264
12490,1720,9399
12491,1270,13350
12492,1572,14180
12493,1369,16327
12494,1750,13365
12495,851,9383
12496,316,1602
12497,687,10182
12498,373,10886
12499,1454,14532
12500,781,1902
12501,1864,6611
12502,978,14683
12503,1136,4276
12504,1874,1125
12505,1482,17499
12506,1304,19355
12507,1518,7557
12508,1036,13499
12509,1780,6469
12510,1925,2359
12511,1736,15989
12512,1964,7008
12513,1409,11392
12514,295,18681
12515,1156,6620
12516,920,17143
12517,1338,1138
12518,345,17303
12519,1103,19371
12520,955,19489
12521,1692,15861
12522,1874,10887
12523,345,5134
12524,1711,19440
12525,1250,1052
12526,213,11700
12527,401,13542
12528,331,5269
12529,758,13804
12530,703,17982
12531,525,19924
12532,1826,11802
12533,1601,7857
12534,1713,19469
12535,1051,3095
12536,1466,19606
12537,570,16834
12538,1275,11294
12539,536,13215
12540,1523,11571
12541,680,259
12542,127,16967
12543,1307,9535
12544,1398,3060
12545,1247,14089
12546,827,8866
12547,1937,11003
12548,1369,13982
12549,1382,3052
12550,305,13172
12551,1444,15161
12552,1040,17739
12553,1170,15525
12554,963,15324
12555,1478,8136
12556,1270,15745
12557,1344,5770
12558,669,9907
12559,979,7047
12560,1253,10673
12561,1665,11950
12562,1835,16355
12563,1448,19192
12564,1643,6930
12565,765,16751
12566,407,2669
12567,317,7852
12568,419,332
12569,1210,4669
12570,11,12848
12571,647,15875
12572,988,9719
12573,639,11437
12574,1728,13970
12575,1297,10096
12576,1253,14204
12577,1095,3648
12578,96,13451
12579,1261,797
12580,1074,14458
12581,1651,14637
12582,1909,541
12583,439,17452
12584,993,1833
12585,1098,9480
12586,713,9675
12587,1030,8764
12588,308,10486
12589,1588,19803
12590,1258,7810
12591,1007,15969
12592,558,17843
12593,14,14744
12594,1358,6599
12595,536,12767
12596,1258,654
12597,1593,6474
12598,1532,16226
12599,545,2694
12600,1430,8578
12601,378,4562
12602,1337,2658
12603,1454,15740
12604,1506,13091
12605,387,3441
12606,700,5800
12607,1658,11264
12608,392,7178
12609,1409,15212
12610,395,617
12611,501,13329
12612,254,9832
12613,76,6711
12614,346,19859
12615,1944,12309
12616,491,7228
12617,1538,9347
12618,1185,4597
12619,140,14115
12620,995,12798
12621,64,993
12622,7,16920
12623,1930,82
12624,1669,13666
12625,1578,7108
12626,1451,7035
12627,1869,14251
12628,1879,12876
12629,1958,18773
12630,1511,2630
12631,1937,6413
12632,312,14951
12633,688,10192
12634,1075,15860
12635,52,19082
12636,120,16859
12637,174,16322
12638,769,7643
12639,769,14300
12640,1743,13612
12641,121,4201
12642,1347,19841
12643,1778,14821
12644,662,12270
12645,1536,8220
12646,1529,3195
12647,119,6878
12648,285,5217
12649,1862,14887
12650,35,15068
12651,134,644
12652,1862,16242
12653,173,8476
12654,228,15460
12655,350,12549
12656,1198,6689
12657,253,6544
12658,302,8881
12659,1506,16705
12660,280,15518
12661,1954,17473
12662,345,16573
12663,1146,9834
12664,352,13605
12665,1329,3076
12666,1021,2819
12667,560,9553
12668,1073,18528
12669,1842,1309
12670,1790,16603
12671,45,9395
12672,1511,13393
12673,163,11162
12674,1566,8241
12675,1473,9489
12676,876,6235
12677,1914,3507
12678,1115,1753
12679,1364,9378
12680,1365,10036
12681,362,14471
12682,1419,10344
12683,1343,10950
12684,400,2736
12685,1495,5224
12686,543,18466
12687,883,19290
12688,181,6518
12689,455,5060
12690,1488,11449
12691,1554,2171
12692,1102,5429
12693,871,8025
12694,1452,12276
12695,897,6881
12696,1268,8206
12697,1540,2627
12698,1339,6803
12699,1489,1058
12700,1672,4950
12701,368,2182
12702,1539,9156
12703,265,17380
12704,1441,7610
12705,195,2331
12706,365,11548
12707,1794,11433
12708,143,1788
12709,1702,18189
12710,1060,19160
12711,1489,14029
12712,757,17407
12713,1289,14921
12714,23,6164
12715,1202,12742
12716,673,5159
12717,48,3885
12718,140,11609
12719,1865,7874
12720,1605,17501
12721,666,8392
12722,1867,1384
12723,753,13819
12724,174,4008
12725,351,8628
12726,513,1273
12727,207,9926
12728,920,10522
12729,229,10569
12730,1192,14078
12731,5,10956
12732,1865,18474
12733,1528,4936
12734,1255,14088
12735,1767,4775
12736,1918,3938
12737,563,19863
12738,1143,5665
12739,1636,7823
12740,252,25
12741,1736,5423
12742,987,4725
12743,1138,12486
12744,366,14402
12745,278,4314
12746,1434,5450
12747,93,5254
12748,89,14119
12749,430,13534
12750,1959,1813
12751,462,16263
12752,715,18060
12753,1712,5824
12754,283,9264
12755,521,13969
12756,1266,1145
12757,646,7772
12758,32,7692
12759,1507,8556
12760,1607,9702
12761,628,7904
12762,1164,3162
12763,234,1866
12764,623,19059
12765,201,6363
12766,1563,9157
12767,1882,4491
12768,194,14997
12769,521,16977
12770,1896,9466
12771,646,15373
12772,1413,18773
12773,82,5992
12774,804,6094
12775,641,8928
12776,26,19691
12777,78,1473
12778,617,10930
12779,200,16844
12780,1013,11209
12781,869,17388
12782,1207,8020
12783,1450,6730
12784,1744,11311
12785,412,4118
12786,1690,12897
12787,980,12077
12788,1322,15457
12789,814,5350
12790,564,13489
12791,255,10443
12792,767,4002
12793,253,11437
12794,1439,5205
12795,1393,10120
12796,629,2419
12797,1687,13936
12798,779,10855
12799,331,13860
12800,1337,5626
12801,882,6416
12802,1723,14797
12803,1666,15792
12804,1109,17817
12805,782,10773
12806,1197,10874
12807,1622,9385
12808,520,11466
12809,1670,5589
12810,286,3797
12811,962,11632
12812,1960,4503
12813,1516,19801
12814,1835,7862
12815,816,12372
12816,944,6548
12817,468,4245
12818,1429,4454
12819,1862,15505
12820,670,820
12821,43,5511
12822,1800,18079
12823,1257,6202
12824,1789,14183
12825,1286,5647
12826,1395,936
12827,1921,13662
12828,197,4827
12829,1674,7875
12830,1180,476
12831,1136,2112
12832,14,4180
12833,1266,17422
12834,772,2033
12835,888,1294
12836,484,9835
12837,298,15246
12838,415,2381
12839,586,19612
12840,1836,19793
12841,1809,13367
12842,263,5958
12843,799,3640
12844,135,10356
12845,1943,594
12846,284,9537
12847,467,3442
12848,199,5523
12849,1418,16032
12850,1862,2592
12851,433,7679
12852,1666,10406
12853,312,19798
12854,1247,7170
12855,1682,2432
12856,782,13045
12857,656,12345
12858,1647,1256
12859,36,9227
12860,944,12815
12861,96,32
12862,1150,19470
12863,1319,15086
12864,1404,7285
12865,595,15253
12866,1294,5227
12867,682,11430
12868,873,18087
12869,977,13064
12870,1522,19385
12871,1525,7914
12872,436,7562
12873,279,10888
12874,310,17563
12875,403,11900
12876,145,16880
12877,992,12729
12878,1216,16357
12879,1766,1180
12880,1347,4822
12881,1011,11437
12882,1578,18723
12883,1360,538
12884,488,422
12885,960,11787
12886,7,1663
12887,231,11049
12888,375,16672
12889,1854,3027
12890,344,19617
12891,1488,7483
12892,372,11892
12893,135,14256
12894,219,11585
12895,423,18949
12896,1132,18050
12897,1107,451
12898,692,53
12899,1426,1304
12900,1229,12577
12901,412,7445
12902,1588,3593
12903,1197,1510
12904,1359,19820
12905,1367,6390
12906,153,1653
12907,265,9387
12908,320,4310
12909,214,2288
12910,1361,16696
12911,1049,13789
12912,1871,19545
12913,578,18449
12914,1429,2543
12915,1965,2033
12916,376,14263
12917,136,3231
12918,671,14091
12919,697,15827
12920,464,10684
12921,380,18150
12922,997,13040
12923,1688,14670
12924,1460,15880
12925,1672,7874
12926,1295,6655
12927,684,3768
12928,1148,16507
12929,548,8112
12930,547,2443
12931,171,7644
12932,479,7778
12933,1488,9122
12934,1631,16429
12935,1757,13571
12936,219,11224
12937,164,10612
12938,445,7943
12939,1098,556
12940,118,3894
12941,1228,6210
12942,1543,11587
12943,386,2839
12944,340,4066
12945,436,19036
12946,242,8184
12947,101,1980
12948,1837,3360
12949,752,7256
12950,908,18258
12951,1143,3843
12952,1269,2144
12953,1744,2357
12954,1368,18951
12955,993,9226
12956,1101,4359
12957,691,1473
12958,362,1092
12959,1906,476
12960,184,3556
12961,78,12589
12962,1011,18226
12963,1963,5703
12964,32,16272
12965,1633,1790
12966,1003,88
12967,893,11810
12968,1582,2564
12969,1286,2298
12970,942,3085
12971,543,14470
12972,80,4526
12973,278,4626
12974,767,7586
12975,185,2246
12976,1120,12104
12977,1138,19047
12978,1309,1526
12979,1431,11769
12980,756,5520
12981,1440,7298
12982,613,16831
12983,1433,3541
12984,1511,13532
12985,1133,3644
12986,1517,11289
12987,1465,4318
12988,1585,14389
12989,1900,851
12990,1632,7968
12991,1505,495
12992,627,19740
12993,853,14317
12994,1692,16116
12995,786,5903
12996,937,11446
12997,950,15737
12998,1178,4611
12999,12,9721
13000,506,15248
13001,540,7084
13002,1771,7271
13003,1883,16508
13004,1889,8651
13005,1707,15680
13006,710,1196
13007,1629,15978
13008,1568,14732
13009,1052,3110
13010,428,16290
13011,655,12734
13012,1570,9082
13013,625,14901
13014,594,9630
13015,25,8178
13016,201,18227
13017,988,13010
13018,535,12346
13019,1228,107
13020,1519,4576
13021,1510,10469
13022,49,9594
13023,1990,10073
13024,1516,11925
13025,1459,5934
13026,606,11532
13027,1676,13501
13028,1963,3348
13029,762,9965
13030,1470,6814
13031,519,18576
13032,561,9548
13033,1395,5016
13034,1369,12138
13035,1320,6056
13036,1465,2881
13037,44,5366
13038,961,9621
13039,150,11539
13040,1752,19116
13041,126,2947
13042,681,1349
13043,750,596
13044,1407,8764
13045,375,2024
13046,521,6
13047,968,7450
13048,1980,5985
13049,391,18313
13050,1365,2216
13051,437,8133
13052,924,5346
13053,682,6356
13054,349,10779
13055,346,17438
13056,1926,16856
13057,1597,8488
13058,337,18880
13059,382,9680
13060,1601,13244
13061,570,4820
13062,649,17098
13063,1135,14301
13064,1203,15961
13065,1129,15872
13066,161,2201
13067,1176,19351
13068,264,16456
13069,1924,9555
13070,1496,2489
13071,1623,5564
13072,965,12855
13073,1193,15666
13074,463,10228
13075,302,5878
13076,871,5621
13077,1257,19782
13078,1005,13256
13079,1935,11900
13080,194,7803
13081,1362,10643
13082,1693,11831
13083,641,4476
13084,1776,1250
13085,590,13203
13086,312,7739
13087,542,11781
13088,601,18169
13089,342,4329
13090,50,18741
13091,134,19197
13092,1243,500
13093,103,19693
13094,464,2261
13095,1593,4002
13096,250,17222
13097,693,17585
13098,756,4824
13099,576,19871
13100,431,18715
13101,371,6515
13102,1570,3284
13103,1173,14216
13104,1681,9206
13105,1620,19385
13106,1368,12618
13107,921,9703
13108,884,9434
13109,1551,5333
13110,99,7818
13111,1300,17172
13112,294,9309
13113,1942,19639
13114,1398,7218
13115,710,5298
13116,124,19080
13117,1083,439
13118,1198,8353
13119,633,12888
13120,905,3793
13121,1163,8838
13122,1091,6852
13123,517,18558
13124,822,68
13125,1289,3499
13126,1140,16955
13127,1517,4924
13128,849,12966
13129,9,9242
13130,1874,2577
13131,1593,14643
13132,903,13973
13133,533,5379
13134,497,8374
13135,265,19808
13136,1871,12697
13137,1742,9560
13138,226,10705
13139,1958,10420
13140,1415,213
13141,920,17053
13142,254,2446
13143,489,6273
13144,1619,17129
13145,1768,4972
13146,1760,17347
13147,885,13245
13148,1527,14010
13149,1213,18740
13150,1497,8589
13151,301,2981
13152,1703,18261
13153,1248,386
13154,1449,19908
13155,1714,6424
13156,1772,16370
13157,239,15279
13158,81,8319
13159,1958,14465
13160,1179,10754
13161,1334,13672
13162,605,7220
13163,1861,14224
13164,432,18738
13165,299,4916
13166,390,18598
13167,1664,12832
13168,198,169
13169,303,17617
13170,61,18394
13171,1012,15805
13172,1936,10296
13173,1703,2584
13174,753,5679
13175,474,2136
13176,230,5086
13177,531,483
13178,1514,4973
13179,214,10899
13180,1446,16644
13181,1915,11371
13182,112,3844
13183,289,4607
13184,255,14478
13185,560,2877
13186,804,4672
13187,459,4524
13188,1318,9636
13189,1587,15613
13190,475,11394
13191,369,6168
13192,756,5180
13193,1885,2070
13194,1165,4138
13195,1369,19756
13196,1897,12782
13197,743,19809
13198,521,16145
13199,494,5613
13200,1481,15819
13201,1215,15666
13202,1015,7339
13203,704,3790
13204,1988,8440
13205,778,19513
13206,1117,7809
13207,558,10078
13208,1163,1083
13209,1807,16460
13210,1666,15746
13211,156,11548
13212,1993,19562
13213,296,19674
13214,579,804
13215,252,3658
13216,662,14302
13217,696,6979
13218,613,9137
13219,62,14693
13220,1779,5625
13221,479,6412
13222,926,11804
13223,754,9656
13224,1273,1527
13225,1465,6338
13226,1041,2676
13227,1841,9548
13228,845,4159
13229,700,16603
13230,356,17917
13231,139,19614
13232,1643,7730
13233,1147,14993
13234,485,19348
13235,1607,10353
13236,1833,3083
13237,1766,18833
13238,247,2788
13239,1178,17537
13240,1300,2722
13241,1533,11270
13242,1831,13027
13243,1174,14029
13244,416,4117
13245,436,9846
13246,18,9285
13247,1163,19874
13248,1894,628
13249,1060,3568
13250,1740,12664
13251,1404,18969
13252,1093,18095
13253,343,17435
13254,118,12662
13255,661,10968
13256,15,15921
13257,1987,10085
13258,696,13534
13259,939,13732
13260,55,19791
13261,1416,8688
13262,1048,17384
13263,875,12904
13264,837,13064
13265,1121,1103
13266,296,16114
13267,1000,9159
13268,1309,13832
13269,67,8744
13270,1296,11065
13271,1218,4588
13272,945,5149
13273,413,15535
13274,836,6123
13275,621,3962
13276,1245,9386
13277,1640,9135
13278,1117,15452
13279,1054,11288
13280,194,4788
13281,1095,17862
13282,1709,8644
13283,1675,13020
13284,592,9641
13285,946,9113
13286,1820,6126
13287,1086,9596
13288,707,19559
13289,2,18049
13290,1465,10726
13291,1979,14844
13292,1483,11174
13293,1273,8561
13294,185,17199
13295,1255,19664
13296,609,16361
13297,381,6183
13298,1483,469
13299,381,15564
13300,1081,14551
13301,1279,13962
13302,616,16354
13303,1854,5757
13304,1033,19755
13305,405,10409
13306,1299,9493
13307,1403,8739
13308,557,3584
13309,784,298
13310,7,4968
13311,3,11103
13312,524,11353
13313,1852,13091
13314,1441,3705
13315,610,19738
13316,1988,18148
13317,26,9974
13318,465,8764
13319,929,12460
13320,1012,3491
13321,932,11744
13322,1402,19281
13323,1714,1978
13324,1853,6541
13325,1891,10028
13326,1881,17021
13327,442,13043
13328,1438,5456
13329,1295,10419
13330,1476,9914
13331,385,12588
13332,1065,323
13333,1992,17330
13334,780,17912
13335,1765,10595
13336,424,18608
13337,1148,5585
13338,127,17488
13339,1545,11125
13340,1029,15051
13341,361,14103
13342,860,58
13343,1392,57
13344,1515,17719
13345,225,6723
13346,1013,475
13347,950,19920
13348,145,5001
13349,1788,15649
13350,1163,6177
13351,570,8482
13352,1121,4025
13353,1265,9480
13354,949,2070
13355,1398,1798
13356,511,3524
13357,1377,9739
13358,1156,77
13359,398,15475
13360,311,11481
13361,923,10977
13362,1597,4635
13363,1653,11682
13364,1324,19833
13365,1486,3972
13366,1806,14435
13367,285,7936
13368,1859,5220
13369,434,9374
13370,1571,12889
13371,1130,15664
13372,28,4685
13373,1882,10470
13374,1589,7077
13375,1552,8829
13376,1837,12448
13377,1698,279
13378,1867,17677
13379,142,16923
13380,946,1383
13381,997,2897
13382,149,7146
13383,927,10525
13384,1731,5390
13385,1194,17739
13386,732,15335
13387,160,10875
13388,1509,9277
13389,515,18129
13390,1061,2344
13391,1721,7021
13392,980,15374
13393,1797,3780
13394,1744,12724
13395,514,3727
13396,394,8843
13397,1059,12325
13398,811,17320
13399,557,11598
13400,928,475
13401,1570,17469
13402,302,5737
13403,1823,13538
13404,971,19624
13405,1651,5981
13406,1428,18615
13407,1692,210
13408,618,9322
13409,649,3525
13410,683,18521
13411,1452,7695
13412,1465,9449
13413,1783,2132
13414,953,4663
13415,254,9613
13416,661,19636
13417,1932,17399
13418,987,10581
13419,31,11236
13420,386,6410
13421,1450,2299
13422,1808,7206
13423,64,9141
13424,1129,3209
13425,1395,6436
13426,1398,13757
13427,1028,12620
13428,1404,14498
13429,756,16440
13430,601,9291
13431,1826,6730
13432,99,16661
13433,348,10433
13434,1511,18174
13435,946,19630
13436,1302,10154
13437,1861,11128
13438,1286,8027
13439,1293,7347
13440,165,16474
13441,1441,3074
13442,686,6700
13443,831,7247
13444,1089,13034
13445,475,16197
13446,774,9151
13447,1980,12350
13448,824,5890
13449,436,7343
13450,777,17410
13451,726,13049
13452,296,8426
13453,99,18125
13454,610,1524
13455,487,9146
13456,1505,2688
13457,1487,5468
13458,1972,12815
13459,1174,11487
13460,284,19777
13461,1691,17700
13462,14,10332
13463,1303,94
13464,206,19684
13465,1434,16116
13466,1103,19908
13467,1023,11416
13468,1975,15652
13469,163,10636
13470,1359,444
13471,321,10332
13472,941,18809
13473,1195,4400
13474,1448,9595
13475,1938,13547
13476,721,15893
13477,1741,1986
13478,984,10094
13479,879,19925
13480,550,9184
13481,1542,10862
13482,1970,1151
13483,765,18888
13484,1286,11838
13485,27,5070
13486,462,3552
13487,908,3980
13488,1514,7934
13489,765,13092
13490,338,19998
13491,832,17212
13492,1041,1205
13493,1618,12104
13494,513,18418
13495,734,12950
13496,982,15184
13497,1716,4354
13498,1511,4733
13499,1905,10471
13500,1608,2609
13501,724,18793
13502,247,3532
13503,1052,11006
13504,577,16096
13505,242,5836
13506,782,12103
13507,1564,1512
13508,837,14768
13509,483,6553
13510,1828,10628
13511,615,7498
13512,1870,3325
13513,1660,7126
13514,1589,10716
13515,1032,8567
13516,1393,5594
13517,228,7495
13518,1037,15326
13519,1355,14058
13520,1927,19843
13521,1516,4350
13522,1083,2067
13523,1167,18089
13524,1990,11398
13525,440,13828
13526,1769,2691
13527,1882,19119
13528,1848,13029
13529,987,8632
13530,1351,1793
13531,117,16467
13532,1389,3287
13533,326,1571
13534,1556,11983
13535,854,15619
13536,1851,8433
13537,1510,2607
13538,1613,18564
13539,1970,17927
13540,846,5876
13541,554,16930
13542,451,9631
13543,1918,13330
13544,1214,1955
13545,178,13518
13546,1546,1269
13547,1618,15999
13548,1094,4333
13549,658,5934
13550,437,3059
13551,633,1527
13552,1545,4487
13553,1563,9995
13554,861,6453
13555,403,17259
13556,1109,4364
13557,1829,3928
13558,1787,2071
13559,1181,10334
13560,1550,12011
13561,266,10524
13562,1125,19713
13563,570,10364
13564,1231,6940
13565,884,14953
13566,91,15169
13567,712,12848
13568,1766,14201
13569,1067,8041
13570,1178,4937
13571,1991,3753
13572,1568,19147
13573,1755,15673
13574,538,18964
13575,1942,3128
13576,1801,7646
13577,135,2701
13578,1648,8737
13579,329,10185
13580,352,4460
13581,945,4132
13582,100,11517
13583,1549,4120
13584,1369,1381
13585,1981,409
13586,1344,10869
13587,150,2309
13588,97,13287
13589,668,16
13590,1316,10953
13591,1616,17875
13592,1394,17138
13593,834,1031
13594,211,5847
13595,1964,4555
13596,1212,19628
13597,120,6902
13598,130,3169
13599,34,3781
13600,165,13213
13601,389,4876
13602,1951,15557
13603,189,5600
13604,611,9450
13605,1677,6736
13606,1818,13258
13607,375,8271
13608,935,16690
13609,1939,18144
13610,1450,4260
13611,164,7343
13612,1815,16664
13613,684,13015
13614,1070,13807
13615,1000,9275
13616,560,3560
13617,318,15749
13618,886,12821
13619,756,4291
13620,832,13600
13621,1408,17356
13622,851,7812
13623,1350,17120
13624,343,5296
13625,1139,3891
13626,1322,13303
13627,871,6857
13628,445,10092
13629,322,18729
13630,1031,12316
13631,742,5338
13632,1343,1934
13633,414,3268
13634,1084,2982
13635,1426,19279
13636,1557,1943
13637,1496,5055
13638,1285,15336
13639,341,19113
13640,1337,18880
13641,1648,349
13642,1461,15762
13643,926,13554
13644,30,10832
13645,1485,9143
13646,334,12537
13647,1878,8027
13648,999,2396
13649,1295,7187
13650,1127,10425
13651,1224,1560
13652,356,10172
13653,510,10518
13654,1965,10415
13655,972,10378
13656,844,15358
13657,1443,10502
13658,1116,13223
13659,1655,15757
13660,1736,6484
13661,371,1410
13662,818,3743
13663,668,423
13664,1329,18315
13665,719,6429
13666,1613,209
13667,1674,1427
13668,292,4411
13669,1622,13723
13670,74,8404
13671,363,17338
13672,490,16655
13673,596,8068
13674,65,7949
13675,902,2040
13676,1762,16123
13677,475,17371
13678,613,2844
13679,418,4290
13680,1182,14948
13681,853,16742
13682,1610,9510
13683,630,14484
13684,741,8774
13685,1350,13551
13686,1689,16578
13687,1828,13683
13688,996,10180
13689,1279,15520
13690,1715,17872
13691,1616,9905
13692,230,8057
13693,503,5710
13694,1603,10401
13695,276,18573
13696,1322,8583
13697,1063,11247
13698,206,7233
13699,1217,6305
13700,389,4520
13701,1825,12512
13702,998,10399
13703,1104,5802
13704,1936,11238
13705,1782,6383
13706,351,287
13707,1096,18581
13708,760,6933
13709,446,1447
13710,1621,14397
13711,232,18712
13712,63,11007
13713,131,15106
13714,1206,14290
13715,647,5791
13716,621,3069
13717,1388,19901
13718,791,15535
13719,529,3815
13720,151,1045
13721,1522,12214
13722,1264,11634
13723,1049,14184
13724,263,9113
13725,29,14059
13726,1026,8238
13727,1866,11605
13728,1175,2920
13729,695,17835
13730,717,2824
13731,503,18206
13732,1758,13671
13733,208,18480
13734,467,6239
13735,1464,11636
13736,1067,6581
13737,17,8792
13738,1522,16464
13739,1832,5538
13740,1520,17816
13741,718,4995
13742,464,8808
13743,1495,7084
13744,1794,18436
13745,123,6891
13746,1394,10878
13747,83,10899
13748,1180,19455
13749,1380,7650
13750,1967,17989
13751,22,17653
13752,309,12768
13753,54,17879
13754,1203,13138
13755,1977,2933
13756,1640,18371
13757,1242,1400
13758,655,3914
13759,593,17291
13760,1820,10157
13761,564,3006
13762,306,3110
13763,1472,10742
13764,919,15322
13765,142,11570
13766,243,1469
13767,1211,8819
13768,1388,4975
13769,16,13089
13770,1877,15679
13771,1141,3600
13772,900,5549
13773,1003,10160
13774,490,656
13775,1024,12361
13776,447,17746
13777,1015,3953
13778,506,9788
13779,1976,15854
13780,38,6438
13781,1387,14771
13782,336,15612
13783,39,13790
13784,1677,10380
13785,1910,16834
13786,749,7596
13787,900,13905
13788,84,656
13789,936,9
13790,61,9843
13791,756,7402
13792,1626,18362
13793,162,2119
13794,1385,17900
13795,1212,3992
13796,930,9729
13797,1960,8080
13798,293,8157
13799,692,12494
13800,914,15128
13801,1520,9763
13802,464,10932
13803,252,8235
13804,1890,13148
13805,1189,14520
13806,11,2703
13807,1896,7191
13808,1326,10461
13809,531,18599
13810,149,6035
13811,589,11853
13812,1121,15317
13813,1493,10344
13814,627,11148
13815,281,2780
13816,1914,16728
13817,1807,9516
13818,1577,8395
13819,827,4395
13820,1537,16567
13821,1459,1776
13822,693,6630
13823,967,19949
13824,1050,14152
13825,116,7400
13826,544,1152
13827,864,12570
13828,243,17761
13829,87,4581
13830,73,9749
13831,794,15335
13832,592,12911
13833,1009,16776
13834,1476,18696
13835,583,7087
13836,1576,4658
13837,1292,8462
13838,1406,682
13839,28,7226
13840,366,14116
13841,27,14945
13842,1619,11676
13843,1411,2320
13844,189,5985
13845,403,4908
13846,989,17325
13847,1806,16229
13848,1011,7222
13849,325,1467
13850,1403,18597
13851,1010,18682
13852,1351,3682
13853,663,4874
13854,713,4115
13855,1186,8969
13856,1398,11967
13857,1484,13602
13858,579,6017
13859,1860,9762
13860,22,4065
13861,477,1841
13862,48,8722
13863,1922,2886
13864,15,4165
13865,895,17762
13866,1929,3465
13867,922,10227
13868,1318,16037
13869,432,1391
13870,1339,9044
13871,530,3761
13872,691,16485
13873,1131,15743
13874,304,19955
13875,1585,8642
13876,1675,5025
13877,1677,9392
13878,454,18484
13879,497,12591
13880,738,11844
13881,395,19539
13882,1227,16799
13883,991,4769
13884,720,4631
13885,1638,7485
13886,527,4002
13887,1064,19843
13888,1532,1863
13889,1484,5146
13890,464,3248
13891,1936,4566
13892,1887,6189
13893,819,13470
13894,1701,13043
13895,1292,1364
13896,1283,12454
13897,1662,5948
13898,261,8276
13899,613,13658
13900,1807,16215
13901,756,8697
13902,334,2273
13903,1282,4755
13904,659,4816
13905,427,13851
13906,1228,223
13907,1329,18936
13908,1448,5365
13909,1760,15064
13910,507,750
13911,1921,8638
13912,1318,988
13913,1382,14140
13914,3,3625
13915,1118,3020
13916,345,9463
13917,1926,5768
13918,1061,10792
13919,1014,9741
13920,1007,14716
13921,1989,6289
13922,227,3524
13923,1225,2734
13924,1886,5668
13925,1973,11595
13926,172,12376
13927,867,7561
13928,435,7172
13929,1290,1767
13930,1726,6872
13931,1024,8489
13932,1324,16112
13933,333,889
13934,665,14940
13935,98,5090
13936,245,2615
13937,503,10387
13938,715,10238
13939,258,14857
13940,1425,11212
13941,285,14045
13942,335,16444
13943,885,14824
13944,648,19651
13945,1586,5794
13946,1116,10743
13947,453,2118
13948,1391,17873
13949,1637,9189
13950,1937,5859
13951,1553,14602
13952,1973,759
13953,676,7178
13954,1099,2560
13955,832,11369
13956,131,1833
13957,1081,18728
13958,651,18880
13959,1406,14098
13960,314,16948
13961,173,5071
13962,676,8245
13963,1093,9828
13964,387,1000
13965,144,19777
13966,1268,19362
13967,130,5900
13968,1729,6956
13969,1746,1815
13970,544,6560
13971,1957,14490
13972,944,17344
13973,1867,10126
13974,1667,12133
13975,612,2336
13976,1818,18167
13977,65,7243
13978,1955,15407
13979,1364,10378
13980,432,10142
13981,1130,3445
13982,1495,13132
13983,1865,18001
13984,297,19504
13985,869,787
13986,1636,3912
13987,202,19819
13988,1905,7229
13989,1529,3021
13990,1550,5682
13991,1861,16412
13992,1780,9474
13993,997,4359
13994,1748,14904
13995,1223,6601
13996,1235,3425
13997,1496,9884
13998,1037,5872
13999,984,7114
14000,604,6863
14001,852,8140
14002,973,492
14003,514,7956
14004,24,4666
14005,1657,16222
14006,989,4900
14007,1195,11943
14008,1097,18424
14009,1747,9571
14010,709,12444
14011,11,3172
14012,715,3470
14013,1027,9772
14014,574,12994
14015,204,11962
14016,140,14456
14017,230,90
14018,1796,14526
14019,1437,7234
14020,876,9825
14021,615,13411
14022,503,11082
14023,717,18093
14024,1465,11745
14025,1153,16091
14026,125,19127
14027,606,1942
14028,1127,19681
14029,1460,9172
14030,881,9561
14031,609,5792
14032,1434,3022
14033,32,13179
14034,997,18641
14035,749,13205
14036,1574,796
14037,175,9211
14038,808,4743
14039,1947,4163
14040,753,18523
14041,1044,16343
14042,717,19710
14043,1105,7520
14044,953,1663
14045,1865,7510
14046,1260,6254
14047,1395,9560
14048,282,7971
14049,1811,9743
14050,485,1839
14051,1156,10678
14052,1386,3806
14053,391,17301
14054,239,12066
14055,62,17705
14056,234,17852
14057,592,19513
14058,1512,19832
14059,1205,16631
14060,1190,8081
14061,758,3243
14062,1417,18512
14063,1290,2117
14064,114,4223
14065,1659,6247
14066,1374,2718
14067,671,17658
14068,1580,11443
14069,353,15732
14070,977,5877
14071,942,10634
14072,15,14593
14073,1798,16766
14074,719,19428
14075,527,18740
14076,132,14172
14077,280,2400
14078,1789,18114
14079,1189,14469
14080,1074,1771
14081,1662,11072
14082,151,11591
14083,1701,19570
14084,1198,8329
14085,1049,17617
14086,587,16260
14087,102,6159
14088,1374,3889
14089,917,17740
14090,1765,2073
14091,167,1892
14092,164,17004
14093,1120,12835
14094,1452,19316
14095,76,3056
14096,115,14853
14097,1133,6605
14098,1787,18361
14099,1580,7817
14100,203,4552
14101,1552,4864
14102,936,8112
14103,1754,3444
14104,1877,11827
14105,863,14134
14106,1209,16087
14107,753,5576
14108,1469,13239
14109,1356,14878
14110,1068,7619
14111,639,8308
14112,765,9834
14113,1004,4658
14114,494,14516
14115,276,19411
14116,1918,2791
14117,1493,19205
14118,1591,3435
14119,174,4699
14120,106,16611
14121,1910,1592
14122,951,12907
14123,477,4272
14124,387,10583
14125,1606,12933
14126,1020,1524
14127,1953,9415
14128,467,1976
14129,648,559
14130,1579,19024
14131,511,19948
14132,1916,2465
14133,1890,9503
14134,1036,8235
14135,390,13765
14136,610,8692
14137,442,8794
14138,36,11522
14139,515,13041
14140,1753,5818
14141,815,6566
14142,1051,17760
14143,243,1299
14144,1654,9939
14145,1861,16192
14146,1912,7863
14147,68,4200
14148,1064,18360
14149,1130,14074
14150,584,2219
14151,372,12547
14152,815,5936
14153,791,2767
14154,523,14707
14155,1013,1550
14156,1873,5691
14157,40,16092
14158,560,15328
14159,1179,4818
14160,239,11073
14161,125,12736
14162,1421,15739
14163,1115,17499
14164,1336,17262
14165,1850,10782
14166,1417,7523
14167,23,12935
14168,1434,2751
14169,1093,8320
14170,1417,7496
14171,879,3877
14172,381,8181
14173,88,18003
14174,1322,7909
14175,1502,19499
14176,127,6577
14177,417,8214
14178,302,16183
14179,1338,11169
14180,355,8686
14181,1483,11718
14182,1811,5948
14183,934,4163
14184,341,16861
14185,1699,1459
14186,1549,14610
14187,758,6526
14188,527,17036
14189,1351,8836
14190,230,2778
14191,1778,19744
14192,666,1750
14193,652,4776
14194,462,13038
14195,1780,4028
14196,782,1008
14197,1050,19165
14198,1768,19269
14199,433,8003
14200,1878,2392
14201,1565,5632
14202,1509,5869
14203,1405,16834
14204,1296,17931
14205,1235,8791
14206,1063,11316
14207,1561,17701
14208,941,4327
14209,1247,12428
14210,569,14043
14211,227,382
14212,1477,6524
14213,379,19100
14214,1947,7387
14215,552,6098
14216,1002,11311
14217,873,6483
14218,688,8802
14219,1335,6861
14220,1407,5506
14221,1915,6105
14222,1621,5003
14223,754,10746
14224,1190,727
14225,953,7626
14226,1016,4083
14227,669,4457
14228,1266,10234
14229,201,3984
14230,1498,7537
14231,1271,12109
14232,1089,5156
14233,432,17933
14234,1250,2339
14235,354,3254
14236,1298,1598
14237,1,2875
14238,300,1312
14239,1637,10710
14240,396,10494
14241,1802,12299
14242,1766,16016
14243,1476,2121
14244,1951,12188
14245,1438,7966
14246,162,19056
14247,641,396
14248,1472,3277
14249,1739,14211
14250,126,15910
14251,1122,8188
14252,1383,13780
14253,981,5289
14254,524,340
14255,1160,19644
14256,1019,14313
14257,118,16121
14258,955,4309
14259,1634,4688
14260,519,1527
14261,17,12878
14262,1353,3471
14263,1464,2092
14264,919,4574
14265,1774,13353
14266,431,2126
14267,1990,3902
14268,939,19213
14269,811,474
14270,1199,1784
14271,675,14604
14272,1856,5635
14273,58,18246
14274,841,17360
14275,1101,9135
14276,1703,3231
14277,1943,12051
14278,1237,16033
14279,562,2589
14280,140,15433
14281,33,12864
14282,517,600
14283,1372,13801
14284,1673,17956
14285,1305,13386
14286,1595,18447
14287,1052,4794
14288,1551,8007
14289,427,9487
14290,1223,8947
14291,954,6288
14292,743,12468
14293,623,9449
14294,71,14129
14295,1880,9112
14296,1156,11827
14297,1777,665
14298,438,9053
14299,1757,2997
14300,912,1815
14301,1561,6063
14302,1764,19768
14303,783,11214
14304,154,4211
14305,1050,7835
14306,1952,9009
14307,405,9609
14308,1510,889
14309,1356,4613
14310,898,2651
14311,192,2494
14312,1477,13905
14313,342,1702
14314,73,6566
14315,298,734
14316,826,2761
14317,1972,18596
14318,1109,6796
14319,1389,1442
14320,241,13933
14321,331,13648
14322,1449,17432
14323,313,7253
14324,1222,12055
14325,1536,14361
14326,1689,9734
14327,531,16684
14328,514,848
14329,597,19911
14330,1660,16541
14331,286,16785
14332,1231,10764
14333,307,977
14334,1428,608
14335,343,5942
14336,468,10951
14337,847,14769
14338,1607,12940
14339,1229,366
14340,1555,4852
14341,1225,13362
14342,1849,1826
14343,255,11019
14344,945,12834
14345,1139,3997
14346,1003,11088
14347,1255,7468
14348,1707,5674
14349,1045,17809
14350,1065,10143
14351,453,17795
14352,1897,18588
14353,1467,5665
14354,951,10030
14355,1088,3385
14356,1898,13610
14357,201,14679
14358,1873,8428
14359,1429,3611
14360,1538,6719
14361,712,8990
14362,1954,5219
14363,223,13238
14364,92,17380
14365,356,16745
14366,1887,9688
14367,1110,4369
14368,942,2875
14369,978,322
14370,1982,3706
14371,544,12920
14372,1688,19774
14373,607,10948
14374,1124,9043
14375,475,7141
14376,1202,3854
14377,280,19228
14378,425,4598
14379,20,1111
14380,813,292
14381,1060,13601
14382,644,1804
14383,1615,7836
14384,671,14755
14385,1867,18121
14386,662,11198
14387,1592,9869
14388,1612,5686
14389,48,4008
14390,116,12210
14391,44,8487
14392,138,14703
14393,1058,9695
14394,1003,8360
14395,1766,8122
14396,1152,8137
14397,839,3616
14398,1182,5158
14399,1910,1943
14400,1186,8032
14401,1845,18359
14402,1701,1055
14403,1208,14495
14404,97,19411
14405,620,9046
14406,1504,1653
14407,1217,5109
14408,268,1097
14409,558,12841
14410,1385,10954
14411,640,9974
14412,1296,5866
14413,1881,19649
14414,596,5235
14415,347,1347
14416,1546,10235
14417,736,12331
14418,493,14766
14419,698,8828
14420,1573,3351
14421,1066,858
14422,1470,17468
14423,1985,18279
14424,1408,14990
14425,675,19971
14426,272,11096
14427,1380,9219
14428,955,8336
14429,1347,19952
14430,1468,608
14431,684,18953
14432,1659,6737
14433,887,12288
14434,762,2335
14435,1915,19484
14436,1787,8088
14437,1574,17349
14438,586,2427
14439,1317,8295
14440,404,1153
14441,54,6789
14442,401,2099
14443,84,15693
14444,179,4682
14445,1627,10553
14446,1577,14664
14447,846,16629
14448,516,18957
14449,280,3786
14450,519,5340
14451,770,3465
14452,885,12401
14453,631,553
14454,1423,13599
14455,1573,14988
14456,1698,15002
14457,1978,1580
14458,853,7389
14459,1141,11121
14460,1575,11090
14461,951,2435
14462,1510,6128
14463,584,8506
14464,858,16052
14465,1730,4468
14466,1727,12989
14467,790,18155
14468,213,11562
14469,1664,18235
14470,1508,4901
14471,684,10397
14472,128,15460
14473,1842,9042
14474,1221,1143
14475,1704,14689
14476,1878,7738
14477,231,442
14478,462,7796
14479,231,2854
14480,1351,5076
14481,1044,12261
14482,28,19286
14483,1483,1436
14484,1712,19696
14485,1364,14924
14486,420,2927
14487,1353,8363
14488,1483,14392
14489,1158,4566
14490,1882,15782
14491,1822,17677
14492,1354,4785
14493,812,14512
14494,1606,11354
14495,967,5031
14496,169,18000
14497,1904,10800
14498,783,12334
14499,1054,8867
14500,345,4405
14501,42,8104
14502,697,287
14503,777,19671
14504,1432,9120
14505,1136,9743
14506,1066,6263
14507,853,1860
14508,1952,11954
14509,1258,13162
14510,1112,3401
14511,1504,4735
14512,556,7794
14513,473,18996
14514,1731,4425
14515,323,18461
14516,950,2700
14517,392,12254
14518,633,6829
14519,527,3302
14520,928,1567
14521,1067,6802
14522,1430,15500
14523,1354,2939
14524,663,18473
14525,1269,10056
14526,510,8912
14527,860,18819
14528,1682,11893
14529,385,3439
14530,1949,6674
14531,1125,12063
14532,1994,6215
14533,1009,8936
14534,1440,6895
14535,563,15785
14536,738,8779
14537,1500,7942
14538,1437,9685
14539,1018,16711
14540,890,14905
14541,1720,12015
14542,1511,17700
14543,65,12852
14544,1677,16318
14545,1393,11125
14546,115,7775
14547,584,11338
14548,1005,4367
14549,993,17140
14550,1531,11779
14551,1995,12311
14552,796,11218
14553,1174,7422
14554,769,19009
14555,752,2520
14556,1380,312
14557,1300,2866
14558,419,17522
14559,502,4778
14560,220,17949
14561,140,10722
14562,718,7232
14563,239,18599
14564,1325,9517
14565,1242,17267
14566,211,14002
14567,1146,19415
14568,228,1120
14569,1266,14685
14570,1040,18713
14571,512,1425
14572,1241,19288
14573,506,12921
14574,864,13253
14575,1893,178
14576,1141,7323
14577,1374,17360
14578,1320,2794
14579,1627,16214
14580,737,3552
14581,1570,16081
14582,1698,12445
14583,1236,18397
14584,1463,17546
14585,275,12403
14586,641,4944
14587,547,3833
14588,77,13189
14589,292,3440
14590,859,15211
14591,1394,3916
14592,173,12914
14593,152,8020
14594,1655,4338
14595,390,11929
14596,396,301
14597,106,5503
14598,1247,19648
14599,22,4801
14600,280,17912
14601,320,13872
14602,21,3582
14603,168,12906
14604,333,4660
14605,620,15273
14606,740,15954
14607,1380,14469
14608,241,17610
14609,1380,13866
14610,1060,2073
14611,237,13581
14612,385,5178
14613,777,19803
14614,1478,18195
14615,943,4270
14616,1442,16369
14617,1810,8242
14618,1260,14515
14619,825,18533
14620,874,1308
14621,550,5272
14622,725,1378
14623,712,1692
14624,577,12368
14625,359,2624
14626,448,19788
14627,1276,258
14628,203,6948
14629,177,12498
14630,1205,10590
14631,1210,13777
14632,587,8326
14633,214,1462
14634,1550,16704
14635,421,2193
14636,1122,18280
14637,1078,9954
14638,1197,8722
14639,820,1394
14640,1766,15669
14641,1032,11261
14642,1611,9114
14643,1793,16550
14644,1333,5036
14645,805,19081
14646,71,14717
14647,747,15527
14648,1891,10533
14649,568,14356
14650,1564,4483
14651,1836,4771
14652,872,14747
14653,395,10471
14654,884,5705
14655,1149,13252
14656,775,6697
14657,1389,793
14658,1835,18735
14659,886,3309
14660,273,4166
14661,298,15387
14662,332,10237
14663,1554,17518
14664,43,18053
14665,460,16185
14666,39,1839
14667,128,3861
14668,1900,6296
14669,279,7449
14670,1580,13724
14671,1874,11281
14672,1178,13475
14673,849,11285
14674,1752,13117
14675,830,17076
14676,32,16017
14677,340,15597
14678,123,19669
14679,626,5369
14680,537,7859
14681,786,8572
14682,666,4442
14683,466,11553
14684,192,2065
14685,1787,2644
14686,146,15316
14687,8,12329
14688,1614,14501
14689,1560,4489
14690,172,8180
14691,55,1980
14692,1656,19286
14693,712,10820
14694,1560,15118
14695,1298,7523
14696,346,18764
14697,541,9972
14698,791,1855
14699,1335,14615
14700,186,5919
14701,32,7423
14702,742,13081
14703,1684,10756
14704,851,448
14705,1671,7653
14706,67,16068
14707,1689,19214
14708,1547,11357
14709,1629,18020
14710,1583,8257
14711,1306,15549
14712,899,9348
14713,1179,5170
14714,263,9874
14715,1522,15700
14716,1545,3222
14717,132,17623
14718,1142,9467
14719,1256,7248
14720,1343,12879
14721,378,17930
14722,758,19707
14723,133,682
14724,532,16526
14725,874,12538
14726,1895,10510
14727,69,16649
14728,15,18023
14729,542,1825
14730,781,9015
14731,1361,13695
14732,102,4049
14733,1042,1959
14734,784,6511
14735,1855,17095
14736,1585,19279
14737,141,13346
14738,294,18362
14739,1047,19201
14740,71,530
14741,935,8838
14742,333,3035
14743,723,13537
14744,1629,12911
14745,711,13226
14746,1384,18767
14747,1308,17865
14748,512,8566
14749,374,4415
14750,1709,12892
14751,957,7161
14752,1093,9678
14753,1921,13533
14754,1435,5051
14755,1992,17335
14756,746,19265
14757,909,10827
14758,1249,16298
14759,1757,19692
14760,1179,12005
14761,1546,3518
14762,662,6115
14763,226,5508
14764,1994,8509
14765,1580,15387
14766,1458,18627
14767,1491,10875
14768,506,10399
14769,1350,14659
14770,1972,13455
14771,1456,11362
14772,282,10118
14773,1834,6872
14774,1101,1872
14775,1084,10211
14776,902,14456
14777,1555,6912
14778,1998,1664
14779,538,12783
14780,429,16414
14781,1928,17
14782,504,16705
14783,1601,15835
14784,1754,15289
14785,893,6448
14786,1144,19879
14787,1576,11772
14788,95,8968
14789,1546,7428
14790,1374,17675
14791,1330,19252
14792,917,464
14793,734,10054
14794,809,18354
14795,992,18325
14796,1476,9445
14797,1038,17073
14798,311,16071
14799,1407,5024
14800,89,19394
14801,1408,8532
14802,402,12706
14803,1765,6850
14804,790,9896
14805,1519,3415
14806,1614,7122
14807,438,19831
14808,999,2280
14809,1138,2384
14810,1089,9526
14811,105,15467
14812,1385,8453
14813,879,13312
14814,525,12052
14815,156,2391
14816,517,19381
14817,1292,300
14818,919,7022
14819,332,17490
14820,1934,7089
14821,434,7819
14822,121,18094
14823,916,12456
14824,582,8064
14825,63,13911
14826,1932,11746
14827,1567,13172
14828,1921,11509
14829,1959,2611
14830,671,19412
14831,1260,8308
14832,1497,19497
14833,354,13120
14834,107,6805
14835,845,19829
14836,1793,15735
14837,1812,18615
14838,1800,9087
14839,1483,16347
14840,1,17481
14841,1223,5540
14842,1104,19516
14843,202,1760
14844,973,5597
14845,21,11561
14846,1666,16562
14847,941,457
14848,376,1609
14849,955,11006
14850,1533,10763
14851,1909,4404
14852,846,19618
14853,1064,14912
14854,1956,4821
14855,624,16203
14856,347,12884
14857,1480,8260
14858,461,17866
14859,1706,5807
14860,597,15596
14861,1775,5493
14862,1140,14910
14863,699,12145
14864,1912,16854
14865,740,9162
14866,575,2646
14867,256,10796
14868,219,1277
14869,823,16910
14870,448,5586
14871,947,1753
14872,479,5339
14873,1359,11669
14874,1591,1614
14875,1946,10916
14876,892,18457
14877,1329,19167
14878,500,1510
14879,577,6300
14880,451,16555
14881,1843,13716
14882,1834,6766
14883,1427,19595
14884,157,8167
14885,844,17538
14886,635,14616
14887,904,7925
14888,1272,18277
14889,344,4092
14890,1886,6011
14891,1992,13691
14892,1865,12462
14893,712,4017
14894,853,8752
14895,767,2717
14896,1499,4676
14897,563,19095
14898,495,9886
14899,549,7836
14900,1590,11731
14901,410,11477
14902,359,14634
14903,185,14987
14904,1954,8754
14905,708,11482
14906,353,17285
14907,1310,16348
14908,881,5001
14909,735,9241
14910,1227,14855
14911,1235,19793
14912,502,18166
14913,456,19455
14914,1283,6607
14915,807,16285
14916,799,12243
14917,1576,19877
14918,1552,15013
14919,1852,3553
14920,1083,13782
14921,1103,16007
14922,176,13489
14923,395,9420
14924,1945,13500
14925,1290,6313
14926,842,8291
14927,747,12109
14928,1098,5684
14929,655,8305
14930,996,2301
14931,1171,5274
14932,1889,6322
14933,314,3563
14934,527,16882
14935,808,19239
14936,302,768
14937,21,15661
14938,1601,997
14939,1506,7273
14940,1336,8695
14941,67,4552
14942,302,11406
14943,970,1147
14944,1251,5747
14945,1735,11921
14946,301,12666
14947,1110,4688
14948,610,16145
14949,1871,16250
14950,1183,13858
14951,1107,4600
14952,1624,3930
14953,70,2025
14954,1694,16647
14955,1552,16072
14956,188,10941
14957,1883,13401
14958,1033,11095
14959,1435,15207
14960,1125,19042
14961,351,3622
14962,1934,1549
14963,732,18413
14964,151,9566
14965,235,15382
14966,886,4561
14967,1397,11077
14968,1363,4182
14969,528,1676
14970,947,16714
14971,381,11411
14972,1450,6758
14973,65,7316
14974,1276,18697
14975,1372,9796
14976,1881,10136
14977,256,373
14978,1284,14281
14979,1544,12361
14980,32,17095
14981,1992,8727
14982,1936,10458
14983,409,10720
14984,293,11587
14985,1069,15136
14986,536,14083
14987,531,7710
14988,1163,2071
14989,887,12702
14990,319,12715
14991,976,17852
14992,513,1187
14993,1157,3066
14994,389,19752
14995,373,2429
14996,337,4200
14997,850,15969
14998,1629,3833
14999,1162,1471
15000,895,4675
15001,1158,13859
15002,1176,323
15003,170,1144
15004,1830,11756
15005,1166,5962
15006,769,8366
15007,685,13472
15008,3,18596
15009,1265,2199
15010,1658,6586
15011,160,2811
15012,1163,3602
15013,1596,14215
15014,98,14466
15015,50,10879
15016,1601,16610
15017,1484,19960
15018,184,10996
15019,45,17419
15020,1794,2820
15021,21,4346
15022,1263,17608
15023,1400,18370
15024,111,19648
15025,1057,7356
15026,625,10315
15027,780,11690
15028,43,10168
15029,137,15259
15030,1719,13375
15031,1817,14627
15032,304,10407
15033,274,9990
15034,15,10000
15035,433,2567
15036,1664,12969
15037,1976,17247
15038,484,6982
15039,315,7348
15040,146,10118
15041,1156,519
15042,1288,7320
15043,1509,2105
15044,727,7711
15045,495,11047
15046,566,7207
15047,1053,6139
15048,1566,2398
15049,1,4189
15050,1112,9379
15051,386,3179
15052,83,18447
15053,372,14548
15054,1018,13755
15055,1362,980
15056,670,1944
15057,575,8327
15058,1462,14345
15059,1739,14856
15060,117,4956
15061,1285,13748
15062,1233,17055
15063,801,2552
15064,1343,4775
15065,1421,17120
15066,169,14106
15067,707,14642
15068,537,13426
15069,18,13885
15070,1093,16307
15071,679,6862
15072,798,16428
15073,358,15846
15074,1500,6059
15075,243,10547
15076,241,10996
15077,1045,14572
15078,834,9435
15079,1009,17386
15080,749,15759
15081,21,11350
15082,1126,15564
15083,609,3277
15084,1794,5542
15085,1222,3406
15086,1191,13279
15087,1675,11573
15088,795,5831
15089,569,15749
15090,1060,10428
15091,255,13058
15092,105,6730
15093,306,8425
15094,2,5981
15095,1163,9588
15096,965,12593
15097,1506,1427
15098,1591,4550
15099,494,9183
15100,255,6058
15101,592,3087
15102,1329,2130
15103,906,6363
15104,452,2469
15105,1383,13157
15106,1947,12392
15107,779,5700
15108,317,8020
15109,103,1935
15110,1341,3819
15111,732,3211
15112,1764,16817
15113,1093,5042
15114,991,5284
15115,850,9919
15116,365,7836
15117,667,12348
15118,1945,6558
15119,672,5268
15120,1883,7489
15121,607,18842
15122,613,19545
15123,1419,1423
15124,72,5403
15125,150,18915
15126,1136,13554
15127,112,11591
15128,1508,13653
15129,685,10274
15130,1854,5460
15131,1702,14246
15132,1065,1869
15133,1605,2903
15134,38,14582
15135,1853,11677
15136,1871,5242
15137,383,11404
15138,1410,40
15139,1213,19419
15140,24,14305
15141,1202,7198
15142,1817,14132
15143,1891,15240
15144,537,1210
15145,540,2707
15146,152,16256
15147,627,10283
15148,1373,11542
15149,1748,1485
15150,835,1280
15151,1961,17731
15152,1993,12283
15153,1516,5754
15154,1690,3430
15155,1598,10733
15156,72,1644
15157,768,10686
15158,1769,2830
15159,678,2108
15160,490,14885
15161,973,2116
15162,1946,16542
15163,1312,19908
15164,1083,9405
15165,1298,15109
15166,1861,18182
15167,1253,6653
15168,1956,17205
15169,1446,15209
15170,584,15602
15171,751,9170
15172,1616,11458
15173,1244,5163
15174,211,19275
15175,1681,12389
15176,1088,6944
15177,345,18702
15178,1278,15000
15179,841,276
15180,977,6819
15181,252,7794
15182,734,17772
15183,1048,12478
15184,1729,7732
15185,477,9149
15186,761,14494
15187,1191,6005
15188,1738,5012
15189,1089,11576
15190,94,9670
15191,1296,17091
15192,986,9425
15193,1682,5766
15194,1678,10128
15195,942,1483
15196,1540,16698
15197,153,15320
15198,1866,14870
15199,424,11924
15200,11,3179
15201,272,9068
15202,1322,19298
15203,1047,18988
15204,838,3538
15205,448,13251
15206,208,591
15207,1846,12367
15208,1510,1411
15209,1470,7082
15210,1874,17865
15211,408,743
15212,297,18222
15213,1080,4577
15214,1431,772
15215,1366,8194
15216,394,16474
15217,245,8051
15218,880,4312
15219,1493,5971
15220,1939,8160
15221,1663,9145
15222,820,11374
15223,518,9078
15224,366,8884
15225,1514,5106
15226,82,1495
15227,1407,5702
15228,262,4302
15229,1755,19756
15230,1891,631
15231,1640,1699
15232,1620,5384
15233,697,3516
15234,1993,7515
15235,1008,10024
15236,767,11017
15237,434,9980
15238,1555,19234
15239,1264,13232
15240,878,3225
15241,1709,11530
15242,540,11711
15243,573,8605
15244,1830,8545
15245,1832,1618
15246,1059,9398
15247,1522,11129
15248,1886,16992
15249,896,19434
15250,733,1913
15251,25,13341
15252,1297,10767
15253,1739,4280
15254,1472,10685
15255,1705,466
15256,518,5842
15257,1114,13723
15258,1749,8886
15259,279,18334
15260,1001,1691
15261,355,19474
15262,172,1760
15263,1360,11480
15264,950,2791
15265,820,614
15266,595,18530
15267,250,15877
15268,644,16604
15269,298,8334
15270,1201,4501
15271,821,14073
15272,261,12289
15273,518,13599
15274,198,1771
15275,7,18691
15276,239,19921
15277,924,2763
15278,1474,518
15279,202,8516
15280,944,703
15281,326,9489
15282,565,9812
15283,1183,14979
15284,690,2847
15285,1629,7214
15286,1913,4495
15287,1838,19785
15288,409,16651
15289,238,15339
15290,1013,13237
15291,523,10679
15292,779,17585
15293,1244,13314
15294,1785,11594
15295,634,2958
15296,302,15699
15297,1409,17756
15298,1212,17699
15299,1289,12964
15300,1608,18679
15301,1965,4937
15302,1270,16444
15303,162,16266
15304,1446,2378
15305,1702,2875
15306,1843,2686
15307,1512,11251
15308,1118,8187
15309,1163,6465
15310,704,520
15311,1333,15276
15312,1204,7781
15313,436,10041
15314,74,11167
15315,598,134
15316,1416,5744
15317,525,14769
15318,1956,8597
15319,1399,5487
15320,616,5246
15321,1364,14561
15322,1808,4373
15323,111,1638
15324,485,16542
15325,935,16437
15326,1182,8150
15327,1775,10876
15328,789,14357
15329,1123,2074
15330,8,11398
15331,1715,8006
15332,287,3394
15333,1264,7182
15334,1804,3091
15335,1400,8362
15336,294,9104
15337,846,5124
15338,1096,640
15339,1234,15577
15340,1972,950
15341,584,15256
15342,1944,18814
15343,1613,3023
15344,1226,5537
15345,89,2273
15346,1174,427
15347,53,5030
15348,1970,16029
15349,1909,3827
15350,1833,14887
15351,1217,5742
15352,1413,10249
15353,595,7316
15354,462,12432
15355,1091,18244
15356,1906,8481
15357,296,10058
15358,1189,11844
15359,1698,18372
15360,530,16021
15361,1125,7434
15362,1969,5958
15363,1997,4944
15364,1820,3397
15365,824,1930
15366,868,660
15367,684,9047
15368,963,8746
15369,1675,3946
15370,1139,15486
15371,779,2011
15372,1942,545
15373,110,3150
15374,1536,6502
15375,909,15423
15376,1815,19562
15377,1673,14168
15378,258,8549
15379,1427,5966
15380,160,16869
15381,820,7838
15382,122,15145
15383,851,53
15384,1988,292
15385,421,3947
15386,243,4037
15387,1271,14014
15388,839,8085
15389,699,15780
15390,1423,15871
15391,581,14513
15392,90,3779
15393,706,2756
15394,948,8550
15395,1273,1809
15396,305,10189
15397,930,11690
15398,1451,11106
15399,1379,10441
15400,491,1978
15401,1507,9126
15402,87,7988
15403,384,1175
15404,776,17697
15405,1130,6231
15406,1951,14696
15407,1676,5414
15408,641,11533
15409,468,123
15410,564,7427
15411,1802,631
15412,492,5878
15413,1924,5429
15414,1126,11297
15415,1168,4840
15416,671,6604
15417,1234,7146
15418,1822,4047
15419,1193,11559
15420,1508,11260
15421,745,14948
15422,1079,19247
15423,869,11649
15424,1759,17918
15425,1646,14018
15426,154,9525
15427,532,4037
15428,28,5864
15429,1938,16937
15430,619,10455
15431,1706,10307
15432,1590,11389
15433,1475,18240
15434,1242,15929
15435,853,7443
15436,736,17921
15437,1215,2981
15438,372,691
15439,716,14388
15440,70,14653
15441,1509,17435
15442,581,3658
15443,1378,8953
15444,723,2859
15445,1237,3784
15446,786,3659
15447,1118,15887
15448,962,18997
15449,995,7633
15450,674,1668
15451,81,355
15452,1359,9077
15453,1549,5368
15454,25,6849
15455,338,4974
15456,1327,8546
15457,1926,14868
15458,1994,475
15459,581,18838
15460,965,2086
15461,1029,13270
15462,242,12894
15463,1103,3441
15464,1243,18861
15465,1626,19544
15466,631,5987
15467,520,4520
15468,970,15006
15469,425,9576
15470,728,4924
15471,1904,18090
15472,774,542
15473,272,9872
15474,1143,6310
15475,257,5804
15476,24,16657
15477,1166,5794
15478,1952,16840
15479,1046,19856
15480,883,15883
15481,349,16500
15482,1921,3018
15483,794,6086
15484,606,16907
15485,1660,1513
15486,184,7834
15487,90,11091
15488,1214,3860
15489,1103,3539
15490,763,2426
15491,868,19394
15492,803,3641
15493,345,3895
15494,1721,18081
15495,1537,12106
15496,1034,19605
15497,538,550
15498,1300,13684
15499,333,9893
15500,1063,4153
15501,125,7283
15502,1639,2686
15503,478,364
15504,1270,4377
15505,1770,6655
15506,779,6755
15507,1309,6413
15508,1028,12017
15509,1947,5338
15510,1245,14230
15511,636,6885
15512,682,15643
15513,1347,8885
15514,879,18078
15515,1020,10685
15516,810,3992
15517,1935,5241
15518,80,9299
15519,1062,668
15520,590,13447
15521,615,10187
15522,1286,13756
15523,1409,14143
15524,1963,10721
15525,1951,10595
15526,222,6080
15527,935,5000
15528,1403,18594
15529,388,7189
15530,51,13615
15531,1613,10080
15532,1214,5948
15533,961,4859
15534,760,6483
15535,1428,14681
15536,496,4225
15537,1139,17182
15538,1663,19693
15539,1360,10511
15540,1774,2443
15541,553,6154
15542,1396,4138
15543,1249,4104
15544,1708,17582
15545,1995,7727
15546,958,17418
15547,1105,1963
15548,27,17585
15549,711,4337
15550,720,19092
15551,588,4373
15552,1700,7048
15553,15,11455
15554,85,504
15555,98,14845
15556,126,10988
15557,1619,6369
15558,192,7161
15559,284,18466
15560,1346,4152
15561,1485,1279
15562,580,16918
15563,92,8298
15564,243,17796
15565,153,18612
15566,1423,628
15567,124,12744
15568,616,14096
15569,1633,13404
15570,773,6578
15571,898,16021
15572,1618,9120
15573,458,4303
15574,790,10949
15575,1435,1659
15576,516,19061
15577,1562,12295
15578,1045,1986
15579,308,10543
15580,517,12967
15581,1717,19095
15582,154,12947
15583,212,14579
15584,967,2251
15585,1658,8224
15586,1909,10509
15587,1806,6728
15588,1455,56
15589,1204,15463
15590,223,7370
15591,287,190
15592,587,7236
15593,1541,14296
15594,329,13333
15595,1702,12390
15596,1738,8971
15597,289,17212
15598,910,2640
15599,872,11558
15600,353,150
15601,897,19584
15602,1793,11884
15603,1059,13289
15604,368,1804
15605,1123,10237
15606,1213,19170
15607,1279,9883
15608,1263,7532
15609,1241,9632
15610,1801,15618
15611,1386,1387
15612,653,15831
15613,886,9168
15614,310,5092
15615,1717,10724
15616,180,11772
15617,621,10328
15618,323,12639
15619,1902,8959
15620,1896,14901
15621,887,14158
15622,251,15593
15623,1224,18431
15624,1783,18451
15625,1125,12475
15626,340,8101
15627,1441,4424
15628,1337,258
15629,1459,19610
15630,1949,13674
15631,1349,7236
15632,828,3365
15633,1239,17956
15634,1320,10587
15635,1991,13963
15636,77,1861
15637,162,11649
15638,670,7911
15639,338,9217
15640,665,10406
15641,19,559
15642,1860,7718
15643,1165,10777
15644,1986,19728
15645,226,12735
15646,1917,4443
15647,1208,9001
15648,1686,8397
15649,365,19608
15650,1663,10395
15651,1809,7436
15652,1933,2166
15653,224,15470
15654,778,6154
15655,1540,12616
15656,963,873
15657,164,15197
15658,805,16826
15659,1975,8780
15660,80,5578
15661,1527,16223
15662,105,9608
15663,53,14857
15664,1396,10047
15665,149,5104
15666,1569,4974
15667,1800,3403
15668,447,1693
15669,576,4657
15670,309,4956
15671,876,9320
15672,595,11921
15673,400,11752
15674,341,5056
15675,901,13262
15676,1909,7762
15677,1793,1141
15678,1908,8793
15679,744,19715
15680,1818,8149
15681,691,14075
15682,1083,6495
15683,141,13724
15684,797,1901
15685,1142,13250
15686,1530,12256
15687,2000,12699
15688,1613,16624
15689,1408,11405
15690,1147,12375
15691,1886,1381
15692,233,8167
15693,427,18497
15694,947,13439
15695,903,12779
15696,796,19670
15697,897,10139
15698,1648,9243
15699,1713,15689
15700,492,4211
15701,1664,1714
15702,576,2135
15703,487,19523
15704,742,8301
15705,193,8495
15706,736,3366
15707,1237,16611
15708,1909,15608
15709,940,19825
15710,882,18156
15711,1939,6360
15712,171,759
15713,502,6628
15714,840,199
15715,1781,18982
15716,702,9269
15717,137,17472
15718,1864,3043
15719,1571,5356
15720,1244,17659
15721,1750,6096
15722,1022,18618
15723,653,15199
15724,1372,17078
15725,1793,331
15726,464,15552
15727,1831,107
15728,585,14061
15729,1349,5148
15730,480,1834
15731,514,17537
15732,900,8662
15733,1129,898
15734,40,11631
15735,1957,18224
15736,1535,685
15737,260,19114
15738,1766,9402
15739,244,7026
15740,205,9416
15741,1522,13600
15742,1659,137
15743,322,9901
15744,1029,11813
15745,224,12074
15746,733,6503
15747,124,19612
15748,979,16999
15749,1099,19032
15750,1845,11731
15751,852,3625
15752,652,18503
15753,355,4450
15754,950,1067
15755,1369,10658
15756,447,15635
15757,647,15178
15758,545,7337
15759,1620,13831
15760,754,2649
15761,694,10793
15762,1211,15604
15763,372,4304
15764,194,16181
15765,1400,7441
15766,119,1576
15767,1242,1220
15768,316,17411
15769,1085,5906
15770,1686,690
15771,1702,19192
15772,441,7356
15773,321,119
15774,1179,9484
15775,1637,12788
15776,487,3285
15777,1583,3102
15778,887,8319
15779,54,2529
15780,1802,13498
15781,416,16813
15782,719,2194
15783,1185,2912
15784,516,16059
15785,1054,4296
15786,1794,18986
15787,1114,16939
15788,75,19307
15789,457,13486
15790,810,12826
15791,1207,13894
15792,395,1916
15793,442,10206
15794,1927,18730
15795,1106,4912
15796,476,6371
15797,1894,7594
15798,1325,8215
15799,1407,17551
15800,1059,10353
15801,67,17490
15802,589,9907
15803,1905,10644
15804,956,7796
15805,475,6921
15806,900,6149
15807,1938,17522
15808,1430,12691
15809,169,2987
15810,853,5276
15811,1331,11357
15812,799,13849
15813,700,16133
15814,839,1361
15815,1185,19555
15816,85,17689
15817,1989,12974
15818,1604,6748
15819,500,5188
15820,1707,3719
15821,289,18379
15822,1216,5063
15823,585,14391
15824,794,18121
15825,1794,6742
15826,667,8065
15827,640,17620
15828,487,17870
15829,1321,3691
15830,94,10749
15831,309,7607
15832,1552,10633
15833,185,16119
15834,310,14815
15835,114,2941
15836,854,9962
15837,28,14362
15838,1342,8949
15839,399,10803
15840,1989,1491
15841,561,3888
15842,1424,4214
15843,282,167
15844,1554,16364
15845,1350,6269
15846,1102,13035
15847,751,17302
15848,420,12101
15849,239,10242
15850,59,4174
15851,1462,6511
15852,589,8688
15853,348,2677
15854,639,8175
15855,50,8227
15856,1660,3979
15857,1893,18583
15858,688,19691
15859,621,8378
15860,1477,9303
15861,1353,983
15862,67,1831
15863,219,16479
15864,785,16088
15865,1760,15175
15866,250,6231
15867,417,13789
15868,1343,12890
15869,588,6451
15870,176,19486
15871,1909,12010
15872,1769,16782
15873,223,643
15874,1162,6207
15875,189,611
15876,1706,18294
15877,149,4702
15878,1764,11783
15879,743,14085
15880,1193,2263
15881,806,3507
15882,576,10231
15883,1368,8583
15884,1961,16787
15885,856,2064
15886,1811,10558
15887,530,19884
15888,1548,8228
15889,513,18679
15890,787,6798
15891,371,9732
15892,651,2842
15893,1470,15941
15894,1671,6675
15895,836,4811
15896,1782,4491
15897,1127,16067
15898,838,14061
15899,1268,11704
15900,1523,12542
15901,1866,5174
15902,1166,12091
15903,1655,12445
15904,1919,17226
15905,1366,6922
15906,897,9239
15907,1530,8999
15908,1994,14134
15909,436,10990
15910,178,12494
15911,1964,15209
15912,1854,292
15913,1340,14969
15914,199,8229
15915,1493,9086
15916,1313,19580
15917,785,15545
15918,480,12077
15919,26,12979
15920,416,9469
15921,1603,10720
15922,306,8168
15923,1684,19657
15924,1449,6546
15925,1955,5541
15926,1875,19472
15927,249,8315
15928,1750,5584
15929,1708,10644
15930,1196,6421
15931,85,6491
15932,738,6547
15933,1357,16605
15934,1933,9010
15935,7,13733
15936,1962,16144
15937,1472,10217
15938,658,9725
15939,940,9491
15940,1470,19854
15941,751,13708
15942,1446,12661
15943,1038,19724
15944,663,8002
15945,943,10078
15946,708,14287
15947,589,12748
15948,1746,6007
15949,327,16179
15950,1086,10844
15951,597,1555
15952,753,6180
15953,597,13016
15954,818,9527
15955,410,5394
15956,1920,13419
15957,1485,6565
15958,473,3752
15959,692,6610
15960,1625,2455
15961,1640,16063
15962,1119,15837
15963,277,14155
15964,498,14391
15965,756,10041
15966,1978,3861
15967,1671,19137
15968,329,15339
15969,1252,8152
15970,954,11174
15971,658,19898
15972,898,4603
15973,976,12119
15974,1169,15808
15975,1160,8611
15976,1748,16949
15977,866,11932
15978,1318,2326
15979,672,9011
15980,480,14821
15981,1050,19921
15982,1912,18098
15983,677,397
15984,738,1273
15985,510,9024
15986,1428,45
15987,715,3432
15988,403,2322
15989,1084,6345
15990,1888,6608
15991,1185,11119
15992,831,7793
15993,136,19812
15994,1207,10572
15995,1738,92
15996,1232,9025
15997,1723,18010
15998,1668,8684
15999,1789,19249
16000,383,627
16001,920,11968
16002,897,13967
16003,1543,7639
16004,213,3319
16005,952,16186
16006,1569,1560
16007,1502,3082
16008,465,14437
16009,1986,4608
16010,1171,115
16011,1645,5416
16012,1131,14982
16013,237,8479
16014,1112,15005
16015,1890,8295
16016,1481,15493
16017,934,10512
16018,577,3818
16019,580,15820
16020,1122,5779
16021,1013,17251
16022,1850,10595
16023,1518,5278
16024,44,6269
16025,1780,15164
16026,1049,9014
16027,92,983
16028,1494,8055
16029,1854,12943
16030,1511,7345
16031,498,8128
16032,847,4601
16033,150,14237
16034,1582,18005
16035,527,4198
16036,356,2167
16037,3,17073
16038,1412,8317
16039,1938,4800
16040,1980,11283
16041,836,9023
16042,207,9125
16043,1664,16989
16044,1964,10608
16045,949,1433
16046,305,15215
16047,1975,18797
16048,930,6396
16049,1074,16013
16050,1312,13320
16051,1829,11986
16052,1681,11374
16053,1413,708
16054,1541,4048
16055,264,4631
16056,512,7377
16057,1158,16434
16058,1485,16557
16059,868,10003
16060,1638,19566
16061,1463,19617
16062,431,12751
16063,515,17562
16064,845,13944
16065,1942,10981
16066,1061,2753
16067,1456,18468
16068,239,10594
16069,1066,18588
16070,855,13662
16071,324,19874
16072,932,18521
16073,495,2733
16074,1494,13594
16075,851,2489
16076,1605,3303
16077,1417,6321
16078,451,16033
16079,1092,11840
16080,897,10477
16081,256,9292
16082,1794,6673
16083,811,13918
16084,1203,19909
16085,993,3906
16086,1,19364
16087,1035,6714
16088,1095,2853
16089,407,14978
16090,948,16622
16091,635,14517
16092,1668,11486
16093,1408,3986
16094,1804,14476
16095,1662,6817
16096,211,19168
16097,1435,19769
16098,791,10212
16099,1925,8073
16100,1741,5413
16101,1749,12248
16102,1511,13645
16103,1075,2460
16104,1799,7665
16105,1052,9626
16106,158,19867
16107,143,6016
16108,1264,14701
16109,1023,15270
16110,560,10170
16111,823,17180
16112,471,19806
16113,414,3020
16114,1154,13092
16115,630,9039
16116,741,1640
16117,124,11764
16118,894,19289
16119,657,16306
16120,59,8909
16121,1255,7667
16122,849,17900
16123,244,13115
16124,316,9447
16125,1821,3723
16126,874,19286
16127,1274,15049
16128,965,19910
16129,68,6715
16130,625,2904
16131,1511,15321
16132,1292,14252
16133,1487,12070
16134,1619,10610
16135,1490,15476
16136,1296,8446
16137,1836,644
16138,330,15891
16139,1640,4742
16140,415,1441
16141,1457,14322
16142,1365,19468
16143,1320,19881
16144,431,18331
16145,569,1906
16146,1328,5138
16147,713,17555
16148,1609,7
16149,268,13312
16150,876,414
16151,913,5173
16152,1465,17279
16153,1714,17486
16154,939,6032
16155,1430,6488
16156,418,12748
16157,4,14345
16158,845,10858
16159,455,1094
16160,778,17621
16161,1135,10002
16162,301,13808
16163,545,15350
16164,642,8064
16165,964,17723
16166,145,2420
16167,616,5058
16168,1407,10262
16169,1849,16469
16170,1419,10497
16171,1446,16616
16172,1100,17436
16173,1109,19201
16174,651,4891
16175,1037,3286
16176,1946,6420
16177,1313,17095
16178,1480,19564
16179,997,5596
16180,304,2862
16181,600,16792
16182,416,6807
16183,1127,4112
16184,676,13997
16185,1185,11312
16186,470,19560
16187,736,2621
16188,297,3966
16189,710,7212
16190,1314,16016
16191,1326,15884
16192,1691,5251
16193,1354,3952
16194,1509,18448
16195,767,16548
16196,1890,16900
16197,562,12199
16198,1024,18568
16199,199,2317
16200,1186,2788
16201,1988,4960
16202,1905,9495
16203,670,963
16204,1121,14211
16205,1949,14682
16206,864,13628
16207,1078,51
16208,1186,14177
16209,716,9338
16210,766,19039
16211,1400,4618
16212,1441,6353
16213,644,19399
16214,493,2862
16215,1288,8484
16216,1077,1132
16217,1700,11295
16218,1169,17144
16219,985,17323
16220,789,1365
16221,1964,390
16222,1339,4319
16223,480,17665
16224,198,17442
16225,360,19768
16226,1503,17215
16227,85,8804
16228,1353,11323
16229,163,6664
16230,1913,16308
16231,1046,3189
16232,1243,10880
16233,1185,15652
16234,1749,3662
16235,1938,13226
16236,725,14078
16237,757,19106
16238,911,4611
16239,1010,1251
16240,1801,19791
16241,1213,5441
16242,730,6481
16243,381,11370
16244,248,10319
16245,1838,14092
16246,1531,19271
16247,271,11334
16248,416,19486
16249,1353,11337
16250,672,13736
16251,165,10958
16252,1778,7876
16253,91,1584
16254,1668,17162
16255,1993,17737
16256,873,13052
16257,492,15390
16258,1623,12633
16259,750,16617
16260,958,7236
16261,899,1545
16262,677,5639
16263,207,5313
16264,1813,1439
16265,1596,6253
16266,1694,11413
16267,627,15264
16268,131,16610
16269,1407,7159
16270,82,10033
16271,1976,16698
16272,384,344
16273,1038,10511
16274,113,17293
16275,1063,9367
16276,73,1684
16277,1532,19831
16278,600,10033
16279,1116,2763
16280,1367,11025
16281,1575,12912
16282,1485,3217
16283,609,9250
16284,897,15153
16285,610,15469
16286,816,4252
16287,793,17954
16288,1705,10955
16289,1610,13009
16290,1969,13880
16291,1134,344
16292,186,17892
16293,583,7840
16294,28,252
16295,775,8062
16296,1277,18621
16297,1487,9669
16298,506,8152
16299,1743,1005
16300,1945,3398
16301,96,11781
16302,1949,2678
16303,1338,8580
16304,1201,15564
16305,1314,16480
16306,467,3581
16307,140,9723
16308,886,5936
16309,641,4478
16310,1719,11228
16311,1110,6865
16312,349,19933
16313,1791,4551
16314,282,1042
16315,1803,14919
16316,1884,1812
16317,689,8581
16318,300,8448
16319,50,13038
16320,1388,6636
16321,787,3693
16322,282,19323
16323,1865,8341
16324,1448,16200
16325,1097,12762
16326,987,17226
16327,1862,19107
16328,1688,6355
16329,821,5049
16330,38,178
16331,1997,11995
16332,67,8920
16333,497,7239
16334,1165,3912
16335,1191,9885
16336,1846,13936
16337,14,19283
16338,260,16074
16339,776,14766
16340,89,8907
16341,1191,16422
16342,1042,1467
16343,1747,951
16344,687,8622
16345,20,12450
16346,118,4228
16347,1924,19727
16348,1892,12473
16349,368,678
16350,1690,6197
16351,1475,5684
16352,1306,9882
16353,1235,17991
16354,161,2746
16355,965,9534
16356,220,1083
16357,640,12919
16358,944,5782
16359,379,4328
16360,1926,7577
16361,414,9590
16362,241,9942
16363,1691,2439
16364,1321,11545
16365,110,5781
16366,1828,13788
16367,1048,16278
16368,421,13770
16369,74,19489
16370,1396,12080
16371,1486,15766
16372,1739,4942
16373,1737,17209
16374,181,3879
16375,1888,8952
16376,1750,3829
16377,1627,5702
16378,1661,15173
16379,1431,10409
16380,354,674
16381,385,13731
16382,951,14240
16383,1537,11558
16384,1070,19683
16385,1575,15238
16386,767,14584
16387,1790,787
16388,557,1004
16389,563,15377
16390,809,14193
16391,487,14283
16392,1717,9831
16393,1022,7392
16394,249,12353
16395,1190,17922
16396,1803,3411
16397,1018,14278
16398,702,6858
16399,1395,6868
16400,1889,1579
16401,436,10762
16402,619,10244
16403,580,15830
16404,1392,3136
16405,1232,6002
16406,1636,19610
16407,1833,16808
16408,1650,9902
16409,1128,11186
16410,986,8012
16411,396,14844
16412,625,12763
16413,1594,12234
16414,1511,7744
16415,495,12135
16416,1610,11725
16417,1038,17216
16418,1274,15680
16419,891,491
16420,489,8250
16421,1997,16197
16422,1680,6847
16423,1024,16000
16424,1480,2075
16425,224,7026
16426,795,6254
16427,496,2817
16428,16,491
16429,170,17520
16430,675,506
16431,515,1080
16432,1915,17752
16433,1939,13696
16434,449,597
16435,82,11737
16436,416,19888
16437,1645,11649
16438,334,14665
16439,108,7786
16440,672,915
16441,1193,9961
16442,881,10232
16443,604,10476
16444,1905,16660
16445,523,12797
16446,668,1054
16447,481,12701
16448,1567,12891
16449,21,9792
16450,939,16367
16451,451,16333
16452,1574,7679
16453,720,15721
16454,1312,5844
16455,1613,10393
16456,581,1403
16457,1695,18206
16458,1510,3531
16459,253,502
16460,891,19616
16461,1881,11415
16462,855,16895
16463,580,4926
16464,880,14812
16465,513,4398
16466,755,2188
16467,741,539
16468,1881,8898
16469,126,9976
16470,553,5743
16471,248,7583
16472,1232,196
16473,1435,18315
16474,127,173
16475,256,13308
16476,1364,19169
16477,1119,9891
16478,970,12713
16479,1922,18791
16480,1443,17041
16481,1845,13457
16482,13,5291
16483,301,18967
16484,569,6540
16485,685,13888
16486,532,18003
16487,492,12792
16488,1297,11377
16489,453,6499
16490,658,757
16491,1781,13211
16492,1099,11927
16493,657,13604
16494,1734,1691
16495,1589,9791
16496,733,14662
16497,950,13351
16498,1117,16752
16499,815,12405
16500,1004,17805
16501,245,3589
16502,1437,19532
16503,514,19530
16504,1828,19980
16505,1076,3850
16506,1245,5884
16507,493,16728
16508,967,19563
16509,871,19123
16510,1397,783
16511,1433,973
16512,423,14427
16513,1730,14268
16514,1773,16788
16515,93,13137
16516,1484,2312
16517,1928,2517
16518,872,15846
16519,1528,18975
16520,963,9560
16521,1066,1806
16522,420,2945
16523,444,14739
16524,123,3358
16525,347,2228
16526,1323,11011
16527,661,80
16528,1549,9098
16529,237,7575
16530,1857,174
16531,1752,6065
16532,1049,17973
16533,1685,997
16534,300,711
16535,927,6415
16536,1764,14517
16537,1468,4517
16538,1900,13542
16539,1484,13158
16540,1058,9774
16541,729,7302
16542,828,1954
16543,682,9292
16544,877,6795
16545,1063,15358
16546,466,11614
16547,597,12956
16548,1947,1853
16549,1671,15688
16550,312,2032
16551,137,12688
16552,300,15169
16553,751,14774
16554,1536,6191
16555,621,3511
16556,955,19432
16557,350,17869
16558,711,11863
16559,1268,19534
16560,725,9579
16561,409,1282
16562,319,858
16563,1442,10416
16564,1223,8935
16565,325,8736
16566,879,10634
16567,772,6154
16568,420,12387
16569,186,10641
16570,258,15633
16571,1071,12241
16572,1910,9930
16573,1513,4727
16574,1561,7033
16575,356,4996
16576,939,1184
16577,412,3755
16578,979,14788
16579,1956,7755
16580,1640,710
16581,69,13199
16582,1875,11998
16583,1760,3134
16584,749,19784
16585,311,962
16586,273,6399
16587,80,16452
16588,1479,15812
16589,425,14190
16590,746,6498
16591,1836,11765
16592,674,10115
16593,1291,13423
16594,323,19175
16595,286,1945
16596,1497,18632
16597,326,8756
16598,459,12096
16599,1304,15700
16600,1522,2529
16601,914,575
16602,1376,11924
16603,1877,14707
16604,956,5756
16605,156,4753
16606,1179,1135
16607,1036,13625
16608,1747,7225
16609,1578,4716
16610,1566,7769
16611,533,14638
16612,696,14871
16613,1020,6078
16614,1941,16526
16615,1212,1233
16616,388,4231
16617,1866,8902
16618,1815,17095
16619,1025,6303
16620,739,4091
16621,64,12492
16622,1764,6044
16623,952,15926
16624,713,8637
16625,200,6010
16626,597,10204
16627,1477,15691
16628,485,13992
16629,905,3815
16630,66,7687
16631,386,1379
16632,555,8692
16633,1676,11195
16634,1449,12380
16635,236,2630
16636,115,13909
16637,1036,3314
16638,1080,13583
16639,1589,914
16640,222,15550
16641,571,4594
16642,215,8398
16643,1762,1320
16644,1215,11051
16645,957,19196
16646,325,16536
16647,1825,15189
16648,1651,12344
16649,1072,8083
16650,1374,3326
16651,541,16885
16652,1027,6913
16653,943,2884
16654,1011,13028
16655,393,9612
16656,1562,19854
16657,1640,10965
16658,648,3340
16659,439,12705
16660,1774,839
16661,415,7169
16662,1037,19952
16663,155,996
16664,173,2717
16665,471,11628
16666,590,12910
16667,868,12629
16668,817,8874
16669,1824,19463
16670,1169,19769
16671,412,16371
16672,689,14655
16673,276,14844
16674,1453,5090
16675,1651,8328
16676,664,1535
16677,1913,16761
16678,396,6255
16679,1120,2054
16680,1773,8802
16681,1569,10184
16682,1646,12370
16683,648,8854
16684,1624,12858
16685,75,17719
16686,1481,4446
16687,190,3128
16688,1580,6189
16689,665,10280
16690,1509,8582
16691,1418,6200
16692,1975,2368
16693,163,9311
16694,1092,14785
16695,1542,5297
16696,1401,4196
16697,91,16049
16698,906,17420
16699,1406,16539
16700,1580,18973
16701,577,19490
16702,956,9823
16703,892,1539
16704,1816,18784
16705,1226,16526
16706,1577,7758
16707,50,14856
16708,1534,4081
16709,418,13674
16710,958,4949
16711,1107,10786
16712,350,14600
16713,930,9155
16714,1650,10750
16715,391,16009
16716,813,17928
16717,1956,3376
16718,967,16003
16719,1346,4101
16720,1480,3455
16721,228,17490
16722,1296,14694
16723,1560,4146
16724,1978,6520
16725,77,13669
16726,1004,6606
16727,1269,16383
16728,1806,14789
16729,839,9192
16730,301,7179
16731,1390,8947
16732,1495,19539
16733,726,19898
16734,260,5626
16735,1207,16576
16736,926,9661
16737,1468,8766
16738,637,6277
16739,398,6153
16740,858,8641
16741,1765,165
16742,723,10241
16743,1280,16962
16744,26,7661
16745,154,6475
16746,397,16463
16747,148,7471
16748,1395,838
16749,1735,15663
16750,1517,16220
16751,887,13222
16752,1476,14090
16753,339,2032
16754,85,156
16755,1558,17633
16756,419,15398
16757,205,16147
16758,1787,3948
16759,1762,8820
16760,396,4881
16761,150,5588
16762,672,13014
16763,1995,15240
16764,1785,17897
16765,559,9745
16766,982,11068
16767,1731,15351
16768,1289,7853
16769,135,5280
16770,1618,16133
16771,681,3647
16772,531,1445
16773,694,163
16774,1867,14349
16775,616,4265
16776,428,16879
16777,1755,15337
16778,4,18643
16779,1642,4826
16780,1357,7298
16781,1521,8243
16782,1819,18496
16783,159,10162
16784,1181,14268
16785,405,16564
16786,730,1021
16787,322,4410
16788,1234,13446
16789,976,17804
16790,711,17831
16791,518,2564
16792,1998,1886
16793,993,6391
16794,1662,7997
16795,887,5200
16796,220,10091
16797,1496,2619
16798,1242,18930
16799,951,1643
16800,901,14456
16801,1032,10019
16802,1069,14998
16803,860,12116
16804,1137,8610
16805,1828,13477
16806,1909,10869
16807,1501,1456
16808,429,8859
16809,477,8231
16810,69,7847
16811,623,15909
16812,1172,19726
16813,1490,13555
16814,1567,11376
16815,117,4978
16816,282,17790
16817,848,12187
16818,1876,15824
16819,72,18658
16820,643,5383
16821,795,16162
16822,1439,13462
16823,717,16188
16824,1573,2865
16825,1268,16640
16826,383,14439
16827,207,11474
16828,893,2349
16829,1959,8435
16830,1318,15058
16831,1192,5965
16832,1108,791
16833,495,17689
16834,571,3383
16835,516,339
16836,1418,18678
16837,1340,18140
16838,1882,19628
16839,44,3646
16840,1654,8743
16841,1483,3372
16842,1105,14840
16843,1442,6454
16844,203,17779
16845,433,11711
16846,223,8674
16847,994,17157
16848,1907,9956
16849,1004,12902
16850,1273,19224
16851,556,16692
16852,1856,18900
16853,924,4484
16854,726,9868
16855,948,14505
16856,1520,18992
16857,1198,13672
16858,1608,3189
16859,867,17030
16860,95,2857
16861,292,447
16862,1737,2042
16863,736,3512
16864,1283,17354
16865,1239,15960
16866,1513,7735
16867,1099,8173
16868,1978,14943
16869,579,3384
16870,1323,14211
16871,146,3141
16872,1526,14186
16873,415,2627
16874,1844,9132
16875,1708,18027
16876,1647,4365
16877,714,13623
16878,1724,14813
16879,921,18268
16880,1805,10643
16881,919,18217
16882,1352,6593
16883,275,6025
16884,440,17594
16885,1171,13696
16886,1068,13209
16887,1590,8126
16888,1385,5131
16889,249,9884
16890,370,19934
16891,211,1677
16892,86,2777
16893,1948,10361
16894,1709,9587
16895,681,14465
16896,1838,8061
16897,1786,12557
16898,1289,18491
16899,221,12939
16900,1676,8522
16901,1067,4306
16902,400,16402
16903,1208,14400
16904,1913,13338
16905,796,8365
16906,197,2356
16907,1058,2752
16908,1510,19639
16909,92,5540
16910,1582,8970
16911,459,12350
16912,233,9868
16913,1838,1254
16914,452,14689
16915,84,181
16916,1867,430
16917,1335,16927
16918,1657,2419
16919,1026,3240
16920,153,11857
16921,154,11174
16922,124,11406
16923,1262,15903
16924,1758,9773
16925,1031,5464
16926,1116,1453
16927,51,6141
16928,1266,10228
16929,1996,4863
16930,559,11916
16931,33,7753
16932,1889,4726
16933,1292,18120
16934,1246,4397
16935,1138,1086
16936,302,12583
16937,249,15906
16938,1372,10645
16939,725,15469
16940,878,10300
16941,1827,10864
16942,1852,11673
16943,1111,11637
16944,1760,5718
16945,1245,5642
16946,445,16373
16947,562,14647
16948,1171,2276
16949,1822,18210
16950,1970,10980
16951,1075,7516
16952,1504,3573
16953,1862,12521
16954,347,1238
16955,1737,11905
16956,1289,18002
16957,1652,6677
16958,1231,9023
16959,1163,12887
16960,1356,18201
16961,1702,2287
16962,964,3759
16963,1747,14438
16964,563,2526
16965,227,10903
16966,835,10757
16967,221,15612
16968,1977,3105
16969,35,1487
16970,213,5183
16971,1176,13276
16972,1691,7465
16973,700,13246
16974,1980,19738
16975,1185,1867
16976,162,6815
16977,1700,1481
16978,1928,1796
16979,119,13540
16980,694,16391
16981,867,15248
16982,717,8303
16983,546,3965
16984,980,3927
16985,1016,4763
16986,1821,18041
16987,633,7230
16988,218,5157
16989,745,13519
16990,614,4793
16991,1330,7750
16992,42,10889
16993,445,6549
16994,1922,12371
16995,54,10777
16996,858,17648
16997,873,10076
16998,158,14249
16999,541,7667
17000,706,13715
17001,746,13707
17002,1545,15981
17003,1648,8969
17004,1641,9065
17005,1067,16954
17006,333,17072
17007,723,14230
17008,1386,1390
17009,649,16733
17010,819,13738
17011,1443,18565
17012,1940,4307
17013,1434,17455
17014,803,3505
17015,481,10353
17016,1089,5634
17017,1453,5113
17018,1899,15761
17019,1631,17970
17020,1730,17064
17021,818,5125
17022,512,9278
17023,1165,13396
17024,1198,16911
17025,1410,15717
17026,1513,12309
17027,1111,4848
17028,200,17307
17029,1470,9092
17030,590,938
17031,415,12983
17032,483,4296
17033,1307,10979
17034,349,11908
17035,1362,15476
17036,1042,5193
17037,1712,14532
17038,580,14287
17039,811,19460
17040,184,12803
17041,529,3742
17042,1384,14223
17043,1809,16744
17044,1956,19166
17045,1822,17054
17046,1449,5022
17047,874,6196
17048,86,19562
17049,807,8443
17050,1645,2465
17051,1971,19627
17052,603,4669
17053,1775,3265
17054,1586,5404
17055,1471,18302
17056,33,8735
17057,97,294
17058,895,16538
17059,1658,9605
17060,1722,10143
17061,668,14477
17062,304,18229
17063,1749,9936
17064,1409,6724
17065,1433,14044
17066,1436,13625
17067,121,18492
17068,107,10726
17069,397,12851
17070,316,12645
17071,758,16541
17072,1830,7491
17073,1075,8097
17074,1565,278
17075,1979,8454
17076,1540,12969
17077,1041,10523
17078,925,16521
17079,145,5209
17080,1638,5844
17081,49,5367
17082,326,16767
17083,428,6748
17084,1145,13104
17085,1566,10671
17086,1872,14663
17087,646,9964
17088,518,16220
17089,770,5193
17090,1853,5263
17091,1382,5825
17092,1441,17181
17093,916,15698
17094,439,19986
17095,1659,251
17096,194,3668
17097,1681,2520
17098,597,19197
17099,436,9419
17100,447,791
17101,1289,17927
17102,595,17289
17103,1545,971
17104,1458,6542
17105,1691,6412
17106,977,16561
17107,1285,7914
17108,936,8959
17109,1996,9569
17110,352,6972
17111,1214,19418
17112,1260,4600
17113,1328,16718
17114,855,13875
17115,1619,13407
17116,509,4289
17117,635,15469
17118,1711,1777
17119,1285,9554
17120,655,13299
17121,1806,1337
17122,1109,4248
17123,588,1610
17124,1175,1086
17125,527,14289
17126,531,2318
17127,1604,12253
17128,1572,5767
17129,1269,11978
17130,1301,4324
17131,1957,367
17132,891,14305
17133,1481,6494
17134,1846,13227
17135,329,10382
17136,1672,12181
17137,229,16837
17138,1687,2226
17139,1552,18993
17140,293,3248
17141,1131,612
17142,671,5736
17143,203,19298
17144,1509,721
17145,289,8746
17146,458,12171
17147,1338,8228
17148,1075,16552
17149,1311,16395
17150,937,6756
17151,1131,4686
17152,765,17904
17153,144,3766
17154,584,6783
17155,1211,18692
17156,1161,18546
17157,321,14651
17158,1815,35
17159,1021,9107
17160,1268,18245
17161,480,19909
17162,512,7840
17163,1108,7416
17164,1431,10308
17165,1942,2039
17166,1935,8551
17167,1188,4994
17168,527,8720
17169,1388,5213
17170,1313,2038
17171,459,10290
17172,45,18642
17173,428,10642
17174,718,8706
17175,413,16636
17176,860,6963
17177,853,1587
17178,591,7629
17179,320,14410
17180,1727,19257
17181,1242,15805
17182,1760,12159
17183,245,4074
17184,1119,19820
17185,909,9749
17186,760,16435
17187,926,2851
17188,961,11092
17189,201,5990
17190,1166,6232
17191,1997,18551
17192,1998,2348
17193,1999,11272
17194,934,6515
17195,1116,15624
17196,1523,12612
17197,1998,17390
17198,1901,18105
17199,1475,19500
17200,319,16954
17201,486,18099
17202,1224,6354
17203,660,10534
17204,1012,12939
17205,197,10412
17206,1529,18501
17207,624,4515
17208,1507,17894
17209,876,9803
17210,1211,12979
17211,288,15367
17212,546,14045
17213,98,17115
17214,416,5545
17215,1514,10386
17216,1976,19435
17217,1085,9700
17218,1205,12160
17219,1078,17943
17220,1669,3417
17221,153,6559
17222,1280,12024
17223,1140,19322
17224,182,15694
17225,1372,13079
17226,620,14545
17227,406,1809
17228,468,6588
17229,586,19253
17230,707,997
17231,854,1477
17232,1,10711
17233,680,18571
17234,1903,19720
17235,1157,126
17236,31,13251
17237,6,6737
17238,1385,1305
17239,747,397
17240,1699,4113
17241,231,12599
17242,1957,18277
17243,311,15312
17244,1821,5680
17245,880,18857
17246,684,6985
17247,690,17468
17248,299,9854
17249,76,8675
17250,1658,15964
17251,237,8496
17252,537,7718
17253,1339,2877
17254,559,4458
17255,1611,17627
17256,294,4818
17257,1514,18382
17258,1419,1852
17259,1851,1532
17260,1462,14907
17261,1435,2145
17262,1723,17201
17263,1068,8495
17264,234,2972
17265,1035,6196
17266,897,422
17267,711,14200
17268,233,17987
17269,627,17272
17270,1822,14788
17271,1409,9714
17272,1954,19670
17273,1920,1408
17274,603,4596
17275,1592,8508
17276,292,10285
17277,907,3496
17278,1310,700
17279,1925,12312
17280,1646,12321
17281,373,2709
17282,274,11948
17283,730,12482
17284,813,601
17285,1595,15584
17286,1039,9712
17287,481,9567
17288,1696,12469
17289,698,1290
17290,1784,7941
17291,352,15548
17292,1731,18673
17293,1881,14711
17294,1709,10511
17295,188,15081
17296,238,5605
17297,1666,3063
17298,1742,19169
17299,1441,12456
17300,796,10834
17301,136,11180
17302,653,773
17303,1167,1777
17304,1377,13905
17305,1193,8371
17306,917,13595
17307,1551,8486
17308,566,5495
17309,658,10841
17310,553,17886
17311,1208,9845
17312,54,16565
17313,781,6197
17314,1726,16409
17315,1718,17756
17316,181,2292
17317,1180,12002
17318,340,3241
17319,1519,10434
17320,1331,14821
17321,677,13796
17322,602,2782
17323,1986,13709
17324,48,10540
17325,943,7330
17326,840,18288
17327,366,6146
17328,1064,8786
17329,1377,8070
17330,1917,10081
17331,549,17507
17332,1954,19552
17333,821,3471
17334,1515,3356
17335,688,3269
17336,367,14328
17337,1387,4962
17338,1562,965
17339,154,1880
17340,1898,11162
17341,1411,2011
17342,637,17542
17343,1894,11335
17344,1433,1957
17345,896,16937
17346,773,9192
17347,207,6602
17348,1780,10536
17349,1424,12220
17350,45,9205
17351,1881,16714
17352,1910,6322
17353,1552,4400
17354,438,5797
17355,1790,2196
17356,205,8259
17357,1092,12540
17358,277,10979
17359,678,12623
17360,1369,3286
17361,1127,18970
17362,1212,16309
17363,1475,17324
17364,881,2800
17365,774,19563
17366,854,16142
17367,1240,10842
17368,738,3637
17369,1917,681
17370,1720,4934
17371,1358,4056
17372,678,1622
17373,87,8198
17374,936,11299
17375,1002,19977
17376,1429,8783
17377,1869,8598
17378,1528,12096
17379,1519,19259
17380,459,14687
17381,226,10890
17382,1868,3749
17383,313,12803
17384,1366,17735
17385,1600,6970
17386,802,4444
17387,1488,6727
17388,178,13108
17389,1046,19503
17390,180,16468
17391,421,2254
17392,525,8827
17393,1766,10901
17394,1310,16699
17395,1745,18963
17396,1221,14359
17397,652,11342
17398,1549,9606
17399,272,3285
17400,1653,5662
17401,754,1563
17402,1593,14573
17403,889,12358
17404,997,18426
17405,415,9649
17406,518,5606
17407,1796,789
17408,732,2088
17409,857,1168
17410,1543,14199
17411,620,15009
17412,1154,1305
17413,474,12109
17414,34,920
17415,1408,11473
17416,565,13506
17417,359,3003
17418,1356,15375
17419,713,10272
17420,961,5646
17421,1304,558
17422,803,14434
17423,811,16370
17424,1333,7347
17425,525,10717
17426,73,2749
17427,2000,14995
17428,401,6754
17429,570,12627
17430,1593,2499
17431,1435,349
17432,807,18116
17433,1972,4716
17434,1446,5005
17435,1112,18021
17436,237,6038
17437,1120,11498
17438,1468,16462
17439,1594,10516
17440,833,17623
17441,639,14448
17442,1637,18823
17443,735,10115
17444,682,4229
17445,1702,17787
17446,1169,11403
17447,1330,5626
17448,1276,8216
17449,523,4505
17450,1689,15245
17451,1316,19925
17452,310,8908
17453,1142,6596
17454,1133,10224
17455,846,3383
17456,511,17852
17457,495,17042
17458,8,460
17459,361,17716
17460,756,10774
17461,891,2581
17462,1656,5664
17463,282,15095
17464,1121,18679
17465,1857,15600
17466,1054,15414
17467,311,2177
17468,1872,12377
17469,1326,5367
17470,1320,5110
17471,1963,14781
17472,993,9111
17473,559,6115
17474,1010,12901
17475,784,11421
17476,1112,3479
17477,907,14853
17478,49,1965
17479,1221,17346
17480,1745,13829
17481,1619,19821
17482,163,8960
17483,693,13115
17484,1131,2441
17485,331,17918
17486,1313,9181
17487,1836,17467
17488,1480,12948
17489,617,8968
17490,1236,7610
17491,287,7246
17492,688,3499
17493,1853,8385
17494,1210,17303
17495,318,9511
17496,966,10285
17497,900,12239
17498,1393,15163
17499,1906,1675
17500,1986,9618
17501,341,2682
17502,169,19829
17503,8,5824
17504,1504,11011
17505,507,7968
17506,420,4406
17507,1645,10651
17508,1201,13241
17509,1756,11340
17510,553,8109
17511,755,15025
17512,1895,11432
17513,412,16579
17514,799,18776
17515,937,13482
17516,1320,6371
17517,235,10179
17518,1281,3036
17519,77,18656
17520,1064,17684
17521,1324,17595
17522,397,18256
17523,434,10071
17524,82,19166
17525,203,10073
17526,1516,4499
17527,1880,4203
17528,1067,34
17529,1439,10929
17530,962,15279
17531,410,6536
17532,1792,9886
17533,1855,9238
17534,548,10973
17535,941,3488
17536,1596,1818
17537,1403,13135
17538,220,2666
17539,783,644
17540,490,1758
17541,1884,17717
17542,785,5345
17543,1630,13850
17544,936,2590
17545,1086,17297
17546,640,13799
17547,443,11540
17548,357,6028
17549,1375,1878
17550,1115,7698
17551,876,4944
17552,1092,1564
17553,315,3352
17554,634,10426
17555,505,17369
17556,1860,1320
17557,782,6990
17558,1698,18664
17559,1281,2422
17560,1549,3187
17561,1039,12108
17562,1476,8610
17563,1783,10376
17564,293,18719
17565,711,697
17566,324,12839
17567,1883,10776
17568,360,3189
17569,1080,7804
17570,684,338
17571,591,19184
17572,60,5509
17573,1543,11001
17574,756,3950
17575,601,18473
17576,1992,3654
17577,5,5269
17578,493,19600
17579,409,11616
17580,2,17304
17581,168,3437
17582,295,18962
17583,1958,1222
17584,1398,6341
17585,153,8871
17586,776,13145
17587,919,11616
17588,529,6352
17589,749,5170
17590,1608,9310
17591,88,9557
17592,574,19152
17593,148,19568
17594,806,9349
17595,472,4671
17596,528,11870
17597,882,13331
17598,116,2861
17599,1568,18066
17600,1142,8216
17601,496,246
17602,1788,12271
17603,1825,10123
17604,241,3851
17605,671,897
17606,537,17375
17607,1931,14161
17608,1842,19364
17609,67,10197
17610,1661,1116
17611,1990,2314
17612,774,4819
17613,1774,8755
17614,580,9276
17615,263,470
17616,966,8127
17617,698,19261
17618,1666,15487
17619,181,19883
17620,1954,6490
17621,744,2636
17622,369,17592
17623,608,7598
17624,22,10549
17625,628,19811
17626,877,824
17627,1539,9167
17628,1711,969
17629,1469,13951
17630,1817,1922
17631,1344,6792
17632,303,18641
17633,1698,12983
17634,392,63
17635,1514,18954
17636,993,14199
17637,1213,9550
17638,1374,5556
17639,1750,12491
17640,1353,11670
17641,1407,9362
17642,711,13130
17643,1923,19006
17644,892,14914
17645,962,10852
17646,1533,16824
17647,556,7738
17648,824,17465
17649,820,10029
17650,1971,3087
17651,1134,8085
17652,198,4351
17653,773,5417
17654,1923,4921
17655,194,16359
17656,918,4577
17657,293,18618
17658,856,10458
17659,1370,7791
17660,307,9824
17661,233,16684
17662,1388,1428
17663,635,9264
17664,1200,10260
17665,899,4634
17666,102,17374
17667,393,1127
17668,923,5253
17669,487,14349
17670,385,4059
17671,446,2292
17672,270,15665
17673,1169,14250
17674,400,2029
17675,249,19974
17676,1526,861
17677,1569,11228
17678,352,674
17679,1412,18157
17680,1626,17770
17681,333,10008
17682,301,2317
17683,957,8071
17684,1856,15987
17685,1815,3780
17686,1369,12302
17687,448,11781
17688,642,7047
17689,1195,17557
17690,1476,19822
17691,795,3825
17692,124,19955
17693,1281,19712
17694,177,1075
17695,429,396
17696,1210,8801
17697,1344,4884
17698,800,6616
17699,1490,10914
17700,1402,8526
17701,944,10649
17702,1384,12342
17703,1805,8486
17704,1541,17904
17705,1254,14036
17706,1530,257
17707,959,11155
17708,1465,396
17709,725,2945
17710,1470,64
17711,687,15265
17712,1292,18377
17713,1095,6712
17714,69,3175
17715,1388,17276
17716,1944,4195
17717,466,8657
17718,1991,16381
17719,1971,4348
17720,1616,6641
17721,1141,10719
17722,1488,3127
17723,533,2166
17724,1731,18389
17725,8,3913
17726,1045,885
17727,1344,7884
17728,1597,11283
17729,1076,2732
17730,717,17203
17731,1259,6409
17732,1354,14131
17733,1370,10970
17734,1039,1029
17735,1668,11977
17736,248,12340
17737,260,8482
17738,14,4589
17739,843,15799
17740,628,2432
17741,1847,5677
17742,1123,8201
17743,130,12931
17744,1171,3616
17745,1046,17006
17746,1021,4455
17747,147,16075
17748,1959,8561
17749,564,14998
17750,1270,12364
17751,650,2592
17752,1418,6145
17753,957,4460
17754,1128,12362
17755,1317,16869
17756,1006,13186
17757,148,1478
17758,952,4959
17759,1933,4481
17760,1993,19626
17761,925,10897
17762,1297,15467
17763,276,6814
17764,1081,14356
17765,578,17616
17766,496,10367
17767,1801,9998
17768,441,18947
17769,1606,10395
17770,759,6085
17771,1231,10602
17772,1306,17933
17773,1505,3291
17774,670,18986
17775,1625,16115
17776,1501,7740
17777,1434,11297
17778,54,10355
17779,1759,2649
17780,1280,5159
17781,1040,5171
17782,214,4559
17783,1893,15859
17784,1249,4469
17785,584,11887
17786,273,3549
17787,1365,9873
17788,276,13112
17789,995,4470
17790,1001,739
17791,1850,8693
17792,492,13781
17793,895,8444
17794,655,19730
17795,761,9280
17796,1688,6357
17797,1423,5494
17798,674,12980
17799,388,4909
17800,1352,7903
17801,1679,19539
17802,741,18599
17803,672,4894
17804,1266,8478
17805,1679,5497
17806,1866,9485
17807,211,16030
17808,980,10968
17809,267,7923
17810,552,13811
17811,1383,19014
17812,646,4097
17813,1803,8345
17814,274,17013
17815,68,8002
17816,1794,6979
17817,662,17406
17818,1641,19309
17819,1216,2550
17820,1760,5956
17821,1345,6690
17822,766,849
17823,1705,2338
17824,431,1827
17825,873,6185
17826,1043,6686
17827,1093,10064
17828,1837,4441
17829,293,11276
17830,1633,19428
17831,1216,18218
17832,1649,13791
17833,915,9570
17834,1249,14753
17835,1491,15306
17836,1015,18265
17837,953,16417
17838,957,867
17839,884,17795
17840,713,2298
17841,216,15793
17842,248,18037
17843,1918,10771
17844,271,7336
17845,355,900
17846,1874,1857
17847,1874,18360
17848,1332,12054
17849,1069,5571
17850,1908,606
17851,1130,5505
17852,231,528
17853,773,4987
17854,177,16865
17855,1863,3404
17856,195,19129
17857,177,16246
17858,1150,3157
17859,806,6674
17860,1324,21
17861,1531,13422
17862,120,14143
17863,327,5895
17864,715,11933
17865,1890,17191
17866,729,11175
17867,262,2182
17868,1837,18083
17869,997,10051
17870,1570,7425
17871,984,17587
17872,356,19887
17873,1300,14610
17874,880,10055
17875,1765,5812
17876,343,19755
17877,271,4695
17878,1149,15591
17879,472,12137
17880,1499,18381
17881,1890,1369
17882,1215,8629
17883,515,19711
17884,622,12217
17885,679,13130
17886,1313,11232
17887,1306,13984
17888,1563,16549
17889,1485,13707
17890,1893,17123
17891,1730,16322
17892,18,6750
17893,235,1300
17894,1051,6501
17895,1743,7212
17896,1916,11360
17897,788,9663
17898,1009,10524
17899,1757,622
17900,563,11423
17901,801,19120
17902,969,19069
17903,954,14772
17904,1621,20000
17905,1314,7163
17906,1490,3726
17907,948,17089
17908,1049,136
17909,127,1292
17910,1851,5956
17911,370,1987
17912,445,9209
17913,1956,18429
17914,157,11489
17915,468,9183
17916,1839,2638
17917,1015,1481
17918,1821,18085
17919,1384,12186
17920,186,18556
17921,1997,15578
17922,1682,4962
17923,698,19699
17924,1334,8354
17925,1697,17038
17926,199,7789
17927,1684,18487
17928,1293,3982
17929,480,3768
17930,19,8414
17931,1785,13939
17932,1444,13320
17933,749,17449
17934,888,6751
17935,1609,9999
17936,493,19431
17937,1047,4645
17938,1879,18549
17939,663,11934
17940,589,17240
17941,1077,8612
17942,636,241
17943,843,3035
17944,838,13073
17945,1093,6728
17946,175,1945
17947,1324,12927
17948,1467,1292
17949,832,3465
17950,248,2258
17951,518,16559
17952,1259,17193
17953,1903,4457
17954,416,18013
17955,250,9303
17956,654,12230
17957,187,18763
17958,1460,11806
17959,1249,6315
17960,961,5430
17961,88,12007
17962,549,4771
17963,809,3292
17964,643,586
17965,1589,926
17966,1021,18029
17967,212,8188
17968,1244,9810
17969,1752,4287
17970,1649,8281
17971,452,19549
17972,132,6479
17973,1477,17423
17974,1529,7202
17975,1495,15748
17976,712,93
17977,1021,19226
17978,1848,18420
17979,1329,13749
17980,1418,4114
17981,37,4148
17982,272,7183
17983,1668,2016
17984,1670,2775
17985,8,5497
17986,1544,16260
17987,1617,18848
17988,1604,13034
17989,595,8159
17990,1650,13646
17991,1298,6715
17992,1989,12446
17993,839,4461
17994,1474,18273
17995,1905,362
17996,198,14533
17997,1593,9139
17998,1873,12838
17999,530,18313
18000,507,14060
18001,61,11350
18002,1720,15030
18003,1581,4470
18004,1630,1545
18005,1247,1453
18006,1800,12721
18007,1935,7246
18008,337,7985
18009,668,4812
18010,510,17303
18011,241,14970
18012,1693,1333
18013,919,19672
18014,878,17853
18015,1899,13160
18016,990,15106
18017,1838,6714
18018,789,8699
18019,97,19975
18020,790,2419
18021,628,13028
18022,1761,2833
18023,831,19626
18024,1060,6662
18025,356,8274
18026,1388,13452
18027,1438,12068
18028,1588,19639
18029,1020,4971
18030,1144,3917
18031,999,10791
18032,1545,3093
18033,573,18993
18034,170,13775
18035,208,7046
18036,880,17576
18037,599,10462
18038,1437,4000
18039,276,12344
18040,1511,7306
18041,1420,15105
18042,305,15963
18043,441,8757
18044,1335,10827
18045,1083,3255
18046,1803,9102
18047,1931,15154
18048,1428,14435
18049,12,1935
18050,1954,17640
18051,1855,17939
18052,1912,6657
18053,783,5807
18054,1185,10479
18055,1334,5690
18056,1442,2775
18057,1586,7184
18058,589,16025
18059,236,15081
18060,287,3696
18061,428,2235
18062,1413,6491
18063,618,10401
18064,388,18897
18065,1258,840
18066,1281,4639
18067,708,7658
18068,1681,3219
18069,57,14073
18070,656,7864
18071,458,18294
18072,1448,15142
18073,1221,1518
18074,6,7891
18075,1466,15266
18076,998,6410
18077,574,7601
18078,104,5619
18079,679,17594
18080,464,19525
18081,954,8600
18082,589,14891
18083,252,9588
18084,466,1974
18085,130,5362
18086,1376,8929
18087,315,15036
18088,1548,5439
18089,349,5816
18090,1323,7202
18091,917,13393
18092,488,18638
18093,1934,12153
18094,1266,4429
18095,1036,14094
18096,311,1046
18097,396,5183
18098,830,1676
18099,118,16436
18100,523,3095
18101,1190,9208
18102,101,14454
18103,1988,4081
18104,476,19584
18105,1959,18004
18106,111,14942
18107,814,18650
18108,1001,13623
18109,1682,5459
18110,219,7268
18111,55,1711
18112,1667,14276
18113,1367,11083
18114,700,9511
18115,302,16079
18116,38,18534
18117,140,9379
18118,434,7346
18119,1874,19404
18120,1835,13350
18121,637,7219
18122,1495,14085
18123,1692,14379
18124,627,4693
18125,952,19394
18126,729,12070
18127,397,842
18128,835,6832
18129,1089,12461
18130,1516,5261
18131,1969,81
18132,135,13960
18133,1137,9018
18134,850,1598
18135,1082,2078
18136,1748,9817
18137,1493,12091
18138,78,7631
18139,790,869
18140,1682,3868
18141,362,681
18142,1526,3211
18143,1540,18210
18144,192,3200
18145,35,8934
18146,1086,15951
18147,1500,14967
18148,1554,11855
18149,43,2228
18150,820,14598
18151,128,14373
18152,1686,294
18153,1193,13820
18154,1271,4043
18155,1125,496
18156,755,2684
18157,1826,2591
18158,991,4722
18159,876,1152
18160,291,8625
18161,154,1916
18162,744,17478
18163,998,14789
18164,794,3369
18165,1818,4910
18166,604,8372
18167,1796,12053
18168,1780,17053
18169,368,18697
18170,35,18265
18171,1580,15694
18172,429,5648
18173,1511,18819
18174,1829,13553
18175,1362,13558
18176,171,9366
18177,472,16194
18178,927,10264
18179,1991,5062
18180,1534,19674
18181,1060,8789
18182,1034,435
18183,628,18223
18184,1685,12656
18185,1526,7889
18186,1319,8030
18187,1226,9240
18188,1767,14345
18189,476,13176
18190,656,18417
18191,1457,8040
18192,1235,8852
18193,54,7302
18194,1445,9106
18195,1264,13944
18196,773,10741
18197,357,10618
18198,879,1636
18199,915,2094
18200,21,13841
18201,1412,11336
18202,188,5165
18203,839,19241
18204,568,18068
18205,1129,9468
18206,373,2959
18207,1151,6352
18208,1628,13713
18209,1180,14930
18210,321,10631
18211,1868,1390
18212,629,17349
18213,951,5448
18214,1735,19681
18215,1532,426
18216,1569,18195
18217,201,18062
18218,428,11107
18219,603,8926
18220,1708,784
18221,1294,13098
18222,420,17303
18223,701,3584
18224,1127,222
18225,812,15747
18226,135,14047
18227,131,4676
18228,1956,15117
18229,708,17977
18230,1893,17601
18231,1128,18987
18232,110,16852
18233,522,1053
18234,352,15703
18235,476,13441
18236,396,14540
18237,1882,5909
18238,1300,9641
18239,1210,14980
18240,1645,12532
18241,1187,4045
18242,672,3907
18243,527,3210
18244,78,18843
18245,1681,5673
18246,372,7036
18247,822,19355
18248,1708,13722
18249,910,11908
18250,682,18561
18251,877,18463
18252,2,16325
18253,833,5108
18254,1266,9573
18255,1602,18786
18256,791,19073
18257,1386,1011
18258,1966,9387
18259,862,1021
18260,790,8887
18261,701,14862
18262,662,13609
18263,494,11692
18264,1411,2630
18265,1132,19163
18266,1078,14283
18267,1030,8814
18268,47,19450
18269,69,10810
18270,1148,18755
18271,320,4583
18272,1986,6999
18273,1511,11264
18274,1746,2880
18275,72,3729
18276,225,16241
18277,1358,13811
18278,400,17792
18279,1079,18274
18280,807,8836
18281,432,11780
18282,1123,18690
18283,1274,13071
18284,362,7990
18285,1067,11969
18286,145,5964
18287,91,11145
18288,597,19878
18289,1016,12099
18290,1411,6574
18291,161,13998
18292,679,1257
18293,880,15898
18294,1565,13442
18295,1089,19598
18296,1024,10552
18297,502,10518
18298,1999,6964
18299,756,17478
18300,518,3491
18301,1136,19293
18302,1279,50
18303,637,5362
18304,1335,11520
18305,861,1132
18306,391,1295
18307,707,5500
18308,874,7655
18309,496,6616
18310,1030,17396
18311,1974,13773
18312,1883,13873
18313,262,9668
18314,989,3627
18315,1443,992
18316,1778,3686
18317,490,12561
18318,786,2072
18319,1034,3067
18320,684,19373
18321,660,7247
18322,582,10257
18323,495,10235
18324,741,9213
18325,1226,2626
18326,1831,9415
18327,890,8879
18328,1242,7327
18329,1586,17289
18330,1655,3407
18331,127,10327
18332,1768,12597
18333,1726,19827
18334,1465,7943
18335,1450,12096
18336,1412,335
18337,1605,18752
18338,1511,7040
18339,454,14310
18340,221,1890
18341,1520,18419
18342,1327,17183
18343,719,12110
18344,827,4511
18345,1557,13689
18346,19,11747
18347,1852,4160
18348,303,13411
18349,1822,9704
18350,644,13701
18351,744,5688
18352,139,858
18353,1915,19377
18354,1028,9608
18355,65,10142
18356,1403,1383
18357,1214,4456
18358,1104,9455
18359,1879,619
18360,1922,12262
18361,215,6097
18362,1927,5723
18363,1614,6975
18364,31,8915
18365,841,13416
18366,1463,14198
18367,1568,4948
18368,1704,8843
18369,1240,12473
18370,243,10862
18371,4,11748
18372,196,12293
18373,1146,8041
18374,1072,16623
18375,636,19566
18376,884,18206
18377,1262,6712
18378,1279,19504
18379,1438,6545
18380,404,6320
18381,1976,16164
18382,1744,589
18383,1496,9313
18384,1711,16450
18385,1410,1157
18386,1932,19577
18387,1262,1514
18388,227,7744
18389,733,13942
18390,383,6340
18391,1666,13476
18392,25,10914
18393,289,19250
18394,550,11019
18395,1211,17529
18396,324,10899
18397,1488,11035
18398,262,12180
18399,1524,19440
18400,1804,3045
18401,1505,11890
18402,1952,14045
18403,1934,5291
18404,520,9846
18405,384,7992
18406,35,3929
18407,1271,8475
18408,1462,11366
18409,1577,12245
18410,352,5723
18411,1615,4237
18412,752,15909
18413,1857,14302
18414,1013,14478
18415,861,16571
18416,719,17493
18417,1178,15075
18418,1785,10772
18419,1218,1655
18420,81,11805
18421,145,12140
18422,293,18738
18423,1895,3333
18424,1294,9778
18425,1961,959
18426,1676,6503
18427,1177,11798
18428,1187,14664
18429,1389,10817
18430,1657,5410
18431,274,8917
18432,310,2550
18433,201,12260
18434,637,4498
18435,234,1360
18436,183,18467
18437,779,17169
18438,1797,786
18439,1162,4315
18440,1438,3078
18441,1372,6504
18442,1106,5545
18443,201,18878
18444,889,18946
18445,998,6005
18446,545,8813
18447,927,14298
18448,94,1213
18449,652,5631
18450,1957,9172
18451,919,4504
18452,1792,8915
18453,647,14186
18454,169,14771
18455,1904,12046
18456,894,13670
18457,1978,5259
18458,1017,1066
18459,1721,8602
18460,1826,17869
18461,1956,13199
18462,840,2730
18463,1122,18607
18464,1169,12016
18465,1242,7988
18466,1107,8255
18467,453,7371
18468,1292,11015
18469,608,15265
18470,544,5806
18471,1961,1218
18472,1436,19302
18473,743,10503
18474,508,4253
18475,1208,460
18476,137,4314
18477,638,16981
18478,1270,2400
18479,662,15855
18480,98,14405
18481,197,9692
18482,1226,14842
18483,1711,7012
18484,1928,2016
18485,1690,17887
18486,845,1495
18487,1665,6498
18488,639,1115
18489,673,16859
18490,501,18226
18491,661,2636
18492,1927,8914
18493,1966,306
18494,884,13629
18495,1856,9230
18496,280,9021
18497,980,14440
18498,705,71
18499,201,12858
18500,1459,1345
18501,1365,15723
18502,839,1221
18503,723,14359
18504,1087,6982
18505,965,11066
18506,1617,4837
18507,1706,5630
18508,88,5502
18509,1643,6061
18510,1897,18480
18511,314,8321
18512,1909,4440
18513,1690,7722
18514,1955,2288
18515,954,10460
18516,1676,11044
18517,1479,12509
18518,658,4917
18519,1488,9511
18520,249,17091
18521,1234,8402
18522,1795,11744
18523,1883,2642
18524,232,11086
18525,1851,5423
18526,985,7375
18527,494,7136
18528,1155,11586
18529,527,16055
18530,1377,13593
18531,1845,4003
18532,486,15883
18533,1691,18328
18534,1014,788
18535,399,19246
18536,383,3867
18537,1064,15607
18538,73,13097
18539,1042,4174
18540,456,15638
18541,1630,6348
18542,1105,6731
18543,1033,18863
18544,968,16940
18545,925,14786
18546,760,1355
18547,653,2868
18548,43,8053
18549,1263,14110
18550,1560,15732
18551,1415,14111
18552,1213,19246
18553,68,13724
18554,1451,1050
18555,1841,8720
18556,1486,252
18557,740,2548
18558,452,5311
18559,873,13601
18560,1477,6249
18561,838,18866
18562,932,9495
18563,191,6985
18564,345,14070
18565,1042,384
18566,783,17921
18567,190,4358
18568,253,19716
18569,65,1030
18570,333,18801
18571,1557,590
18572,718,780
18573,1242,2174
18574,472,10867
18575,178,3817
18576,1403,9631
18577,587,16121
18578,1319,11515
18579,1790,3600
18580,1384,13792
18581,95,5529
18582,1541,9498
18583,1643,17098
18584,1710,748
18585,1104,19771
18586,1368,7216
18587,1730,11958
18588,1575,18966
18589,1593,18983
18590,1128,15421
18591,423,13316
18592,1325,2268
18593,70,16892
18594,1564,12524
18595,321,477
18596,1993,13595
18597,1808,10369
18598,684,12843
18599,786,6329
18600,1104,11516
18601,1459,907
18602,605,17288
18603,567,18765
18604,550,10744
18605,1148,4545
18606,1080,19645
18607,93,15036
18608,1205,9059
18609,1600,6275
18610,226,11958
18611,1293,3947
18612,1949,4642
18613,421,16711
18614,1637,599
18615,1845,15290
18616,426,4566
18617,6,7712
18618,1421,18721
18619,726,15797
18620,916,19368
18621,1264,10309
18622,1782,16952
18623,145,5427
18624,852,19771
18625,1021,5347
18626,1307,11413
18627,1376,18467
18628,986,3276
18629,818,10514
18630,1110,639
18631,1669,13708
18632,1808,10425
18633,1632,4383
18634,1103,12459
18635,1476,6345
18636,180,6034
18637,741,8155
18638,1891,18548
18639,499,19187
18640,1261,4737
18641,1166,15307
18642,488,4534
18643,1615,14480
18644,1011,18254
18645,1095,9911
18646,442,4541
18647,670,5863
18648,200,7780
18649,1802,6314
18650,881,1212
18651,790,17097
18652,1868,7738
18653,497,2856
18654,1001,9689
18655,1567,4684
18656,1437,10041
18657,1921,14209
18658,43,10144
18659,741,11098
18660,1645,3290
18661,1985,8287
18662,914,10347
18663,426,298
18664,419,19783
18665,1345,14536
18666,1562,4879
18667,619,3959
18668,767,5962
18669,744,19251
18670,847,10698
18671,1393,4748
18672,910,16387
18673,1254,19906
18674,1635,6447
18675,964,10170
18676,63,14902
18677,1730,17437
18678,269,11268
18679,1055,11564
18680,1124,11543
18681,675,1746
18682,1807,2796
18683,1807,17255
18684,642,4841
18685,365,12495
18686,464,11001
18687,468,6693
18688,509,9186
18689,1795,1037
18690,706,10946
18691,1979,13292
18692,1608,9248
18693,1486,6241
18694,652,1716
18695,314,10888
18696,766,10481
18697,711,5982
18698,1472,13989
18699,203,814
18700,1537,6028
18701,1216,4112
18702,322,10726
18703,39,8607
18704,1873,11836
18705,1110,15831
18706,136,11951
18707,470,17824
18708,1576,7220
18709,1799,8493
18710,1225,3747
18711,59,3291
18712,724,3114
18713,1490,10714
18714,807,17155
18715,1547,3925
18716,1364,7847
18717,734,17025
18718,670,9929
18719,1378,14852
18720,1672,14270
18721,539,15356
18722,321,142
18723,446,14286
18724,1210,6206
18725,1028,13186
18726,1061,3028
18727,735,18835
18728,1432,6418
18729,591,8226
18730,212,8421
18731,1972,17882
18732,829,6681
18733,1961,10951
18734,193,6949
18735,1764,694
18736,1667,1638
18737,968,19058
18738,76,6906
18739,54,4787
18740,682,14076
18741,1568,10895
18742,1989,13364
18743,507,2300
18744,623,16421
18745,1198,9752
18746,1511,2108
18747,48,13454
18748,246,4575
18749,320,1806
18750,1398,15546
18751,1683,18867
18752,1464,121
18753,676,3482
18754,1039,190
18755,1381,6222
18756,1117,2131
18757,1960,9705
18758,533,11750
18759,1775,9190
18760,461,11210
18761,902,5555
18762,200,19600
18763,924,17227
18764,1567,4703
18765,969,11510
18766,110,5387
18767,23,16472
18768,530,19435
18769,1817,2759
18770,749,520
18771,50,9345
18772,446,1396
18773,1618,3269
18774,862,15646
18775,1231,3790
18776,460,10744
18777,1556,17418
18778,1129,17898
18779,1355,9940
18780,1693,8657
18781,1102,6248
18782,890,17904
18783,1037,17328
18784,1624,9736
18785,1670,11813
18786,1762,2591
18787,545,17154
18788,1730,2277
18789,1004,11818
18790,638,5298
18791,257,12619
18792,869,14428
18793,1271,14752
18794,1892,12160
18795,430,7283
18796,874,10990
18797,790,6150
18798,1731,10390
18799,2,5379
18800,3,128
18801,206,13321
18802,1050,903
18803,1205,15071
18804,183,18777
18805,319,11092
18806,22,4324
18807,1916,107
18808,142,17981
18809,1009,14776
18810,264,6592
18811,332,9377
18812,141,4209
18813,22,13587
18814,700,8587
18815,177,2108
18816,463,16823
18817,1067,18048
18818,1943,15197
18819,250,17355
18820,1991,13566
18821,1373,19458
18822,1091,1716
18823,1157,4014
18824,617,6826
18825,125,10912
18826,394,8009
18827,1084,13813
18828,534,2494
18829,1325,19651
18830,955,7647
18831,631,2591
18832,601,14255
18833,681,13624
18834,1470,13327
18835,452,15817
18836,403,6694
18837,688,13717
18838,131,17825
18839,1251,8118
18840,1404,14942
18841,1067,16831
18842,426,1353
18843,1111,14909
18844,1142,2557
18845,1931,11639
18846,1988,7433
18847,45,14188
18848,1792,9948
18849,374,10547
18850,1678,6912
18851,1980,2566
18852,1133,11819
18853,1779,16164
18854,35,7897
18855,1977,15559
18856,430,11153
18857,1205,13780
18858,581,4304
18859,1759,7602
18860,1570,6599
18861,1908,17076
18862,345,8596
18863,1483,8743
18864,1568,4456
18865,1353,15619
18866,1165,1811
18867,338,15469
18868,125,2604
18869,1535,2360
18870,445,49
18871,1577,3430
18872,1468,7787
18873,915,19544
18874,674,17881
18875,1298,7615
18876,823,588
18877,1455,2081
18878,994,6359
18879,1984,6638
18880,87,13143
18881,752,16678
18882,1310,15282
18883,1784,14069
18884,854,19803
18885,43,6676
18886,1744,14796
18887,410,6329
18888,1714,2657
18889,167,5435
18890,1678,17150
18891,67,17174
18892,1021,14513
18893,523,12102
18894,1769,17028
18895,565,17095
18896,185,10820
18897,292,16207
18898,112,5075
18899,1151,10890
18900,1854,11259
18901,1428,11325
18902,1892,19522
18903,1533,16649
18904,438,9852
18905,1396,12424
18906,1950,353
18907,1515,12223
18908,977,17080
18909,1890,18983
18910,1739,17528
18911,242,18672
18912,1888,13406
18913,1730,14726
18914,756,5533
18915,173,4407
18916,109,2733
18917,49,7204
18918,477,4859
18919,1330,14108
18920,1181,12590
18921,1893,11305
18922,409,5022
18923,1716,10775
18924,22,13345
18925,216,16341
18926,384,14834
18927,1980,10785
18928,909,6225
18929,1731,4623
18930,628,5362
18931,1855,14498
18932,1332,14915
18933,579,2033
18934,481,4169
18935,1657,12394
18936,700,11173
18937,1552,19293
18938,1628,3592
18939,1638,9618
18940,1517,14930
18941,228,5261
18942,675,8671
18943,846,9571
18944,1533,5578
18945,1338,4518
18946,559,10709
18947,342,19660
18948,577,10038
18949,1795,6618
18950,1306,8569
18951,1870,19431
18952,129,10057
18953,1947,11266
18954,1473,4812
18955,931,5139
18956,1345,19137
18957,603,3494
18958,375,2118
18959,921,8104
18960,929,18867
18961,1058,5436
18962,1924,10808
18963,1349,19989
18964,385,8573
18965,404,12013
18966,349,19077
18967,778,16658
18968,40,9229
18969,1090,17733
18970,1903,134
18971,69,15611
18972,1650,18467
18973,1747,10960
18974,798,2082
18975,1344,896
18976,210,16795
18977,999,7380
18978,714,779
18979,1767,16234
18980,1752,6842
18981,362,7540
18982,1837,15118
18983,300,19238
18984,1757,6487
18985,1822,2350
18986,1537,2981
18987,311,9661
18988,1640,7338
18989,1587,12022
18990,760,12804
18991,1819,18562
18992,1620,1836
18993,1863,70
18994,423,6120
18995,280,10911
18996,1075,5662
18997,1251,13057
18998,1528,14596
18999,95,6714
19000,1106,9067
19001,283,16672
19002,1951,15270
19003,600,18773
19004,457,10183
19005,1518,2060
19006,893,3667
19007,1090,3624
19008,363,8044
19009,971,5182
19010,1460,13929
19011,842,13192
19012,1964,3173
19013,535,18459
19014,1963,11771
19015,373,15974
19016,1874,14939
19017,1494,7093
19018,1955,14013
19019,1090,14288
19020,1680,4608
19021,1197,16122
19022,583,9918
19023,1218,13251
19024,298,14674
19025,929,17987
19026,794,1666
19027,272,3054
19028,1575,1211
19029,1828,779
19030,1118,7537
19031,1571,16803
19032,1381,1745
19033,119,10200
19034,1912,17387
19035,1420,7259
19036,273,4958
19037,1124,2294
19038,1119,18685
19039,654,3362
19040,1388,4851
19041,478,19344
19042,334,3996
19043,1647,18855
19044,156,16632
19045,1162,7632
19046,442,10424
19047,539,16221
19048,592,19122
19049,703,17765
19050,1834,176
19051,1324,19146
19052,424,3160
19053,1080,19708
19054,790,8197
19055,1331,3084
19056,1553,6706
19057,974,5077
19058,975,5154
19059,1151,1810
19060,317,5351
19061,354,3553
19062,1926,10364
19063,528,6026
19064,755,9000
19065,1647,1189
19066,336,10235
19067,439,569
19068,765,7349
19069,409,17034
19070,50,58
19071,748,13540
19072,1598,19999
19073,407,13901
19074,892,18963
19075,1708,13157
19076,1584,18416
19077,895,10758
19078,506,7189
19079,1503,14344
19080,483,4178
19081,266,5156
19082,1792,6452
19083,1390,6261
19084,1585,12835
19085,1339,12038
19086,1693,9887
19087,177,17085
19088,965,14888
19089,888,4838
19090,388,13093
19091,1273,19439
19092,808,2001
19093,1367,15311
19094,1088,1147
19095,512,188
19096,1246,14191
19097,1388,13861
19098,622,16746
19099,1646,17804
19100,1627,13502
19101,1077,3111
19102,312,1672
19103,415,19458
19104,1130,17622
19105,509,6812
19106,178,8688
19107,836,4331
19108,1173,9119
19109,321,9764
19110,1096,15900
19111,1671,19683
19112,21,10278
19113,902,13565
19114,1469,2262
19115,1183,17041
19116,315,14471
19117,1783,7884
19118,537,3462
19119,242,8435
19120,233,13061
19121,328,19323
19122,1303,15768
19123,652,6186
19124,345,1405
19125,1573,16059
19126,1270,10693
19127,418,19177
19128,688,14489
19129,709,6479
19130,1403,12839
19131,633,3561
19132,260,12932
19133,251,18073
19134,702,14112
19135,1129,19733
19136,946,5754
19137,387,6827
19138,1846,16904
19139,1732,4944
19140,618,15724
19141,172,11608
19142,850,2016
19143,333,2106
19144,1614,5432
19145,1700,14353
19146,1168,7525
19147,1026,15507
19148,1918,11705
19149,712,8977
19150,1298,8740
19151,904,6109
19152,572,12875
19153,672,16030
19154,1683,17255
19155,235,2695
19156,538,12945
19157,842,17174
19158,403,11316
19159,199,8045
19160,38,9641
19161,1629,15344
19162,114,4091
19163,48,13328
19164,82,5522
19165,500,3342
19166,1589,10988
19167,500,4357
19168,637,13960
19169,487,5674
19170,1244,16913
19171,273,8153
19172,1180,5588
19173,1576,10030
19174,571,1100
19175,359,16779
19176,1655,8510
19177,1328,12399
19178,485,15852
19179,1172,9853
19180,288,12303
19181,849,2805
19182,1235,14744
19183,1426,19544
19184,1110,5569
19185,286,10341
19186,1286,16250
19187,1103,15221
19188,1426,11951
19189,1900,15515
19190,1883,2426
19191,1192,2174
19192,1886,15747
19193,1170,7409
19194,258,1470
19195,475,10565
19196,1961,10810
19197,1810,5099
19198,687,4646
19199,672,16528
19200,1978,15123
19201,1566,5908
19202,1437,9479
19203,818,6374
19204,1268,16072
19205,1671,11965
19206,1993,12274
19207,1256,426
19208,837,8491
19209,731,5947
19210,429,11877
19211,1152,6719
19212,486,17823
19213,1110,13247
19214,1418,19657
19215,1244,5607
19216,833,5339
19217,1901,14109
19218,1437,2750
19219,1580,7489
19220,353,5425
19221,670,11433
19222,569,2114
19223,1824,7608
19224,656,1340
19225,1363,33
19226,76,15270
19227,379,11715
19228,784,16833
19229,794,16870
19230,268,16997
19231,1116,11406
19232,548,15950
19233,1185,606
19234,587,3061
19235,1185,7714
19236,592,4319
19237,77,3050
19238,630,3369
19239,99,15211
19240,1866,6842
19241,1102,8492
19242,1185,19343
19243,160,2372
19244,393,16967
19245,1461,8394
19246,1925,18035
19247,1054,14520
19248,1007,5845
19249,372,18470
19250,257,17436
19251,678,5293
19252,1353,15925
19253,458,3262
19254,148,18604
19255,1271,3057
19256,1609,8521
19257,1653,12796
19258,1209,12714
19259,1092,3517
19260,1917,11635
19261,1123,17998
19262,1318,2933
19263,1516,2538
19264,1633,18912
19265,1820,1028
19266,773,5995
19267,566,3922
19268,323,19859
19269,1270,10369
19270,267,15526
19271,749,9671
19272,728,380
19273,1733,11438
19274,593,5549
19275,1379,17454
19276,75,15224
19277,142,8444
19278,686,18295
19279,1404,12506
19280,771,639
19281,983,3705
19282,780,18317
19283,1823,13462
19284,67,16869
19285,818,6129
19286,950,8707
19287,248,16406
19288,81,14887
19289,1124,18335
19290,272,9561
19291,1297,4909
19292,470,17905
19293,1057,12690
19294,1409,19699
19295,727,15027
19296,52,16704
19297,165,13613
19298,1863,644
19299,820,17063
19300,969,11219
19301,685,18770
19302,1733,12339
19303,792,16817
19304,1863,8865
19305,427,19375
19306,1628,16450
19307,357,4817
19308,1485,6356
19309,1529,2799
19310,510,18048
19311,741,7243
19312,1910,8536
19313,229,14919
19314,402,16183
19315,132,1276
19316,107,9649
19317,1917,13838
19318,1023,16502
19319,592,5170
19320,1510,12104
19321,112,5929
19322,733,9615
19323,308,11361
19324,665,5641
19325,220,19138
19326,1158,14092
19327,430,12968
19328,1534,3082
19329,1161,6653
19330,1608,8593
19331,931,1162
19332,1697,13233
19333,82,1874
19334,1561,14778
19335,1467,9838
19336,1166,7921
19337,1278,4547
19338,777,7770
19339,13,1425
19340,373,8867
19341,1867,9229
19342,377,6180
19343,834,18512
19344,790,8293
19345,598,1069
19346,358,6499
19347,1906,11013
19348,221,180
19349,233,4635
19350,1111,15953
19351,799,4111
19352,1823,9091
19353,45,11009
19354,1121,18451
19355,1151,17706
19356,1184,17502
19357,254,2680
19358,746,11149
19359,858,9694
19360,925,13457
19361,623,10873
19362,914,8087
19363,1582,17858
19364,156,11244
19365,897,14560
19366,330,3197
19367,748,3030
19368,170,19018
19369,9,12834
19370,1716,7725
19371,30,8403
19372,153,492
19373,1272,18908
19374,1905,6145
19375,1618,17154
19376,556,10594
19377,707,11865
19378,1122,3596
19379,1392,961
19380,538,10885
19381,1928,13392
19382,1838,4846
19383,649,5365
19384,480,4110
19385,81,10518
19386,668,18593
19387,1902,2821
19388,1559,15287
19389,1556,10371
19390,1205,4242
19391,1036,11501
19392,1016,2884
19393,144,6533
19394,1413,5109
19395,103,13946
19396,532,2664
19397,522,4017
19398,971,17509
19399,1814,1336
19400,966,7246
19401,1836,5845
19402,1849,4846
19403,197,6127
19404,1266,19252
19405,1535,10900
19406,122,4954
19407,1194,12522
19408,159,7248
19409,401,8517
19410,641,3740
19411,1613,12467
19412,1437,10912
19413,1217,15822
19414,1002,53
19415,1342,5761
19416,576,7859
19417,1614,3000
19418,260,3952
19419,941,3730
19420,1291,12913
19421,1793,4830
19422,99,12618
19423,1836,3880
19424,1516,9204
19425,1740,9321
19426,1694,5565
19427,1043,15985
19428,504,3765
19429,958,6855
19430,1144,2866
19431,1269,1145
19432,1761,13584
19433,1961,4106
19434,1197,15425
19435,1196,12365
19436,1034,1608
19437,837,12513
19438,131,9602
19439,1997,5950
19440,835,2070
19441,1503,3908
19442,823,13089
19443,585,14692
19444,1593,13364
19445,504,7365
19446,1149,15908
19447,1278,9172
19448,961,17362
19449,306,15865
19450,706,3385
19451,229,6869
19452,1956,12816
19453,315,14289
19454,1262,14032
19455,1220,4038
19456,421,4187
19457,1218,3124
19458,98,12813
19459,456,582
19460,1299,11554
19461,1401,12280
19462,1815,17573
19463,1817,15440
19464,1215,2846
19465,344,10048
19466,701,17420
19467,1614,17816
19468,1110,1154
19469,1978,13036
19470,1887,3522
19471,1227,8508
19472,840,19120
19473,1886,2054
19474,1953,2923
19475,1486,196
19476,149,10718
19477,954,13707
19478,1491,4270
19479,842,6149
19480,102,7390
19481,1789,12127
19482,53,18338
19483,1046,18357
19484,91,13913
19485,1917,9127
19486,1215,14974
19487,1317,8055
19488,677,8807
19489,1881,11245
19490,481,9220
19491,628,1507
19492,975,2957
19493,422,12681
19494,200,6517
19495,4,10909
19496,1960,6341
19497,1666,863
19498,903,9565
19499,1705,166
19500,855,18160
19501,1807,10628
19502,659,12948
19503,1938,17357
19504,1038,8363
19505,415,16441
19506,1207,12874
19507,1314,13487
19508,1824,14308
19509,1774,7913
19510,1023,4329
19511,1228,7891
19512,1593,989
19513,1384,14087
19514,1961,1874
19515,1521,14970
19516,836,18258
19517,1741,8989
19518,1978,13854
19519,1675,11160
19520,1045,17124
19521,1549,9920
19522,10,17553
19523,590,14462
19524,367,9978
19525,1894,9077
19526,843,4439
19527,1640,18168
19528,1063,1131
19529,675,11754
19530,57,7488
19531,1190,3445
19532,1063,7231
19533,1201,6045
19534,430,3618
19535,1390,13231
19536,211,18710
19537,618,5015
19538,515,17921
19539,1222,19265
19540,725,6582
19541,1063,19779
19542,1037,194
19543,1583,5891
19544,968,7267
19545,920,7763
19546,1453,9431
19547,1626,1581
19548,145,2100
19549,162,5082
19550,1863,16449
19551,1987,11866
19552,1637,8754
19553,1308,6796
19554,1414,6545
19555,1005,12655
19556,329,5612
19557,1189,3297
19558,22,16601
19559,1770,15481
19560,1800,5551
19561,690,9126
19562,643,16325
19563,1426,11357
19564,1801,6707
19565,1050,19821
19566,895,3511
19567,287,15832
19568,1048,8337
19569,1146,14975
19570,419,17619
19571,878,16330
19572,209,14514
19573,863,13103
19574,465,11030
19575,887,3623
19576,522,12485
19577,1463,8907
19578,773,2481
19579,1965,16021
19580,1433,4683
19581,92,11594
19582,1712,6146
19583,1831,13093
19584,908,4138
19585,1901,18676
19586,1459,1862
19587,250,10328
19588,1597,14156
19589,732,17470
19590,952,778
19591,1927,17147
19592,827,17889
19593,1557,18471
19594,469,9734
19595,562,15695
19596,579,1978
19597,118,9516
19598,1475,17344
19599,583,2595
19600,564,334
19601,730,16638
19602,524,14947
19603,1136,14735
19604,973,9087
19605,959,13429
19606,25,9459
19607,1462,14520
19608,2,19960
19609,1517,19558
19610,326,3417
19611,1155,19350
19612,1869,2793
19613,93,7984
19614,233,14868
19615,820,17844
19616,1786,7134
19617,1931,16463
19618,1223,6244
19619,1864,10388
19620,510,7132
19621,749,15650
19622,261,4836
19623,773,13933
19624,745,6314
19625,253,15621
19626,1683,9988
19627,1841,8095
19628,573,14471
19629,1479,192
19630,735,4516
19631,1584,15356
19632,1680,10625
19633,194,12901
19634,1104,11591
19635,592,6634
19636,108,5407
19637,1070,10506
19638,507,4935
19639,1398,4157
19640,1736,10107
19641,1346,10880
19642,1610,2351
19643,1959,14348
19644,200,15427
19645,574,17239
19646,900,2109
19647,712,11370
19648,1693,10833
19649,1104,11322
19650,1129,19240
19651,705,18503
19652,1755,18375
19653,1674,15584
19654,605,10472
19655,219,18948
19656,1109,10585
19657,1035,9727
19658,1837,15396
19659,828,4817
19660,588,19875
19661,382,1823
19662,1428,12435
19663,45,13666
19664,1542,14598
19665,482,7925
19666,1147,2527
19667,1579,3634
19668,33,3629
19669,1024,11450
19670,1871,10141
19671,1445,10077
19672,1814,11759
19673,1074,17706
19674,1911,14416
19675,372,10453
19676,705,9099
19677,517,17168
19678,297,18289
19679,362,7209
19680,1472,10798
19681,977,7486
19682,274,11393
19683,817,11139
19684,1560,231
19685,804,17967
19686,19,6286
19687,127,5071
19688,837,16080
19689,1895,5202
19690,1959,12181
19691,275,10751
19692,1616,11667
19693,1873,8814
19694,734,17221
19695,75,11980
19696,1792,5895
19697,193,16999
19698,1809,14698
19699,1267,15951
19700,1895,514
19701,116,4296
19702,1119,1598
19703,1637,14379
19704,786,18586
19705,1872,771
19706,686,17978
19707,1959,9591
19708,1910,2138
19709,1085,8142
19710,391,1249
19711,297,12348
19712,873,17166
19713,1173,19474
19714,896,11865
19715,1583,8786
19716,264,17758
19717,765,1770
19718,683,3239
19719,760,8423
19720,1976,15466
19721,1242,5035
19722,1077,10419
19723,1714,11423
19724,1529,6393
19725,218,10607
19726,529,18396
19727,1836,16580
19728,878,10752
19729,686,6582
19730,975,7485
19731,1336,18517
19732,1059,10565
19733,344,6250
19734,1473,14281
19735,1680,15726
19736,377,12123
19737,747,8793
19738,53,6976
19739,1183,6487
19740,1776,1924
19741,1274,2409
19742,1004,11045
19743,941,4012
19744,1334,1226
19745,1030,13756
19746,103,10800
19747,653,19989
19748,1710,19090
19749,1748,1839
19750,571,12182
19751,1224,19557
19752,1869,9047
19753,199,2888
19754,1006,3065
19755,777,415
19756,1033,10406
19757,1278,5718
19758,1726,18264
19759,43,6995
19760,124,6824
19761,1859,15989
19762,1368,1699
19763,758,6077
19764,693,12257
19765,1771,14249
19766,334,5225
19767,316,3920
19768,982,7111
19769,1152,2128
19770,743,6413
19771,1155,2615
19772,989,13367
19773,572,1051
19774,202,11888
19775,975,1612
19776,328,19544
19777,436,11668
19778,1395,13374
19779,1137,16731
19780,1663,741
19781,258,2098
19782,817,11218
19783,1938,17825
19784,260,297
19785,1215,19078
19786,1782,19829
19787,385,11803
19788,397,11626
19789,1091,9599
19790,1991,13383
19791,317,15395
19792,801,9876
19793,1714,12751
19794,1265,17411
19795,1480,7259
19796,426,14150
19797,1822,3458
19798,1750,8756
19799,874,5195
19800,1428,14798
19801,1245,16312
19802,745,568
19803,949,16455
19804,1389,3501
19805,923,14599
19806,394,12166
19807,361,8823
19808,1078,16488
19809,410,16739
19810,1885,8915
19811,1145,3672
19812,1334,3803
19813,138,7347
19814,749,2835
19815,1422,10400
19816,501,15574
19817,448,6117
19818,1979,8900
19819,1583,11155
19820,616,11367
19821,1523,9403
19822,1488,902
19823,425,7712
19824,279,12788
19825,1172,19077
19826,1166,18069
19827,508,3931
19828,1202,1387
19829,1438,8548
19830,1797,10380
19831,692,9209
19832,1823,3708
19833,768,8665
19834,1638,12606
19835,690,9242
19836,1747,964
19837,1940,15930
19838,717,18666
19839,1640,3621
19840,838,4124
19841,488,242
19842,1772,4902
19843,482,4899
19844,417,18219
19845,1330,2361
19846,243,9415
19847,1790,7002
19848,1527,3716
19849,1396,1771
19850,511,15610
19851,1674,5519
19852,1158,16557
19853,1970,13502
19854,1776,2687
19855,1147,11882
19856,858,4139
19857,1165,1275
19858,1464,14132
19859,206,18319
19860,1099,9733
19861,265,2136
19862,958,7139
19863,1323,4659
19864,1594,11424
19865,1351,12409
19866,1200,17938
19867,538,2616
19868,791,18358
19869,2000,12363
19870,80,12749
19871,111,2943
19872,1532,18629
19873,1631,16496
19874,1407,1804
19875,218,4295
19876,601,18994
19877,1854,15727
19878,1759,15585
19879,1138,5703
19880,1043,9500
19881,736,5098
19882,1667,8762
19883,1007,660
19884,1694,12722
19885,270,4148
19886,1736,7008
19887,1359,16009
19888,1538,4778
19889,2000,4349
19890,156,14414
19891,439,10648
19892,605,3154
19893,393,8608
19894,1733,2852
19895,35,13560
19896,1704,14421
19897,271,7633
19898,1869,12941
19899,824,6409
19900,178,19151
19901,644,18083
19902,1903,14727
19903,1521,2948
19904,565,13131
19905,1940,3849
19906,1530,10763
19907,1786,10036
19908,410,1611
19909,1086,12674
19910,36,18719
19911,335,8231
19912,510,3370
19913,1370,18397
19914,1197,9970
19915,295,362
19916,1753,11169
19917,1043,18738
19918,1370,7396
19919,774,17221
19920,529,12064
19921,1091,13022
19922,1620,6015
19923,241,4779
19924,924,3690
19925,1313,8949
19926,948,7665
19927,1030,4885
19928,878,16084
19929,1083,13588
19930,569,5983
19931,9,15831
19932,1251,1454
19933,88,10624
19934,520,11222
19935,1184,8677
19936,1445,7315
19937,25,3960
19938,1970,9281
19939,1141,15888
19940,1319,7234
19941,776,18126
19942,1927,3037
19943,470,2240
19944,306,1685
19945,852,17043
19946,1991,14269
19947,1045,5510
19948,832,2719
19949,941,11402
19950,595,16598
19951,899,13359
19952,1365,12672
19953,1281,17386
19954,34,19465
19955,29,507
19956,1903,16035
19957,370,18431
19958,316,12436
19959,1681,16832
19960,629,18384
19961,29,10253
19962,935,6932
19963,1069,4831
19964,1294,11794
19965,1878,6273
19966,1211,1218
19967,799,13825
19968,333,17718
19969,1482,16927
19970,823,946
19971,1026,15361
19972,167,2093
19973,1477,1486
19974,1444,10366
19975,1526,18667
19976,873,19096
19977,489,165
19978,1155,17330
19979,328,5405
19980,1365,15526
19981,304,17911
19982,642,13843
19983,971,5969
19984,958,6009
19985,1278,16787
19986,1532,15985
19987,1305,3077
19988,1753,9106
19989,1973,13048
19990,1270,5611
19991,1002,3587
19992,110,13208
19993,1728,10748
19994,71,6457
19995,159,15980
19996,517,16767
19997,1719,18202
19998,880,4245
19999,1994,17670
20000,836,7477
20001,521,5673
20002,1699,19674
20003,1523,4908
20004,1684,5839
20005,1464,14574
20006,590,9828
20007,1592,16912
20008,1027,7935
20009,1970,17122
20010,426,15566
20011,542,7591
20012,67,25
20013,304,1381
20014,1672,15529
20015,1452,19811
20016,302,2201
20017,1816,8576
20018,1475,10483
20019,1275,611
20020,898,15168
20021,256,19841
20022,1440,11446
20023,530,18758
20024,1911,6109
20025,604,3429
20026,1448,9031
20027,775,13505
20028,329,12802
20029,1831,14932
20030,1745,17313
20031,1891,10214
20032,1138,5956
20033,1711,13480
20034,1803,17502
20035,10,7412
20036,1133,7113
20037,1905,15418
20038,1746,15868
20039,1632,15489
20040,1276,13605
20041,1161,15794
20042,1799,16099
20043,202,4273
20044,1641,11982
20045,202,9045
20046,431,18002
20047,1074,11779
20048,872,14731
20049,1859,9087
20050,1295,13595
20051,548,7846
20052,49,9926
20053,1769,15487
20054,1576,4585
20055,388,7154
20056,1006,7979
20057,1829,19481
20058,152,16056
20059,1350,11108
20060,936,2916
20061,227,10464
20062,388,15995
20063,251,9866
20064,856,391
20065,978,5556
20066,1196,17967
20067,670,18087
20068,802,6280
20069,416,506
20070,224,18154
20071,1769,8877
20072,1201,3684
20073,1681,4651
20074,1059,17444
20075,674,4230
20076,979,5224
20077,1605,5232
20078,1539,359
20079,1240,8154
20080,412,1878
20081,1300,12910
20082,1444,5544
20083,1671,18192
20084,1523,13471
20085,636,11427
20086,289,17096
20087,933,1635
20088,874,19046
20089,1105,1652
20090,113,2492
20091,1209,9140
20092,1929,14509
20093,494,493
20094,1421,15745
20095,1124,16482
20096,589,18578
20097,1473,17364
20098,27,16076
20099,764,15655
20100,604,13110
20101,870,1015
20102,246,6337
20103,1064,2915
20104,964,3679
20105,767,8637
20106,206,17113
20107,1016,15118
20108,119,9827
20109,1611,11036
20110,352,16215
20111,1837,4496
20112,1295,8850
20113,1645,15398
20114,157,19639
20115,878,10953
20116,602,10864
20117,1658,8642
20118,1873,14402
20119,955,2515
20120,1516,15312
20121,937,13126
20122,1829,17650
20123,1258,10151
20124,1212,5546
20125,387,9531
20126,1821,18157
20127,373,19098
20128,139,17973
20129,334,3237
20130,917,6006
20131,838,15839
20132,1431,492
20133,1294,88
20134,226,10528
20135,149,16069
20136,1743,8523
20137,578,18637
20138,1974,775
20139,809,2095
20140,37,1555
20141,74,16755
20142,1011,9435
20143,9,19406
20144,1746,15274
20145,556,6669
20146,43,3864
20147,1349,14847
20148,641,10888
20149,586,18144
20150,1439,17607
20151,743,10675
20152,1922,3160
20153,192,8831
20154,1585,3111
20155,704,18605
20156,1018,5687
20157,1383,12314
20158,1427,10770
20159,1181,11672
20160,1276,9647
20161,231,1788
20162,1280,19863
20163,1641,18279
20164,1118,7842
20165,1961,19336
20166,1650,15578
20167,445,17485
20168,1422,4720
20169,857,9028
20170,936,19958
20171,1606,11890
20172,303,2676
20173,1146,6544
20174,120,15283
20175,673,8603
20176,235,15668
20177,1425,14395
20178,1784,11557
20179,1380,14382
20180,861,16780
20181,1544,15025
20182,1627,18894
20183,1098,10306
20184,94,8604
20185,935,10603
20186,247,18685
20187,1036,399
20188,1857,9050
20189,1040,13006
20190,545,1038
20191,1428,8639
20192,6,707
20193,1158,571
20194,733,9395
20195,1208,6274
20196,1856,13766
20197,1393,7043
20198,594,13093
20199,913,9141
20200,274,7948
20201,1654,5858
20202,1732,12282
20203,1386,12016
20204,1288,7032
20205,542,15077
20206,480,15002
20207,1342,6933
20208,1254,17022
20209,1472,11667
20210,763,9243
20211,98,7146
20212,1669,10642
20213,545,4883
20214,1075,6302
20215,1249,7789
20216,1839,16874
20217,381,2534
20218,723,2536
20219,558,18172
20220,90,10779
20221,1990,5041
20222,867,6061
20223,548,69
20224,368,16072
20225,970,16504
20226,1837,15007
20227,1374,19752
20228,485,2516
20229,435,11759
20230,346,19714
20231,1816,9904
20232,1884,425
20233,1582,3976
20234,1457,17462
20235,232,14185
20236,785,10171
20237,824,2589
20238,1495,13611
20239,1610,5968
20240,1385,8334
20241,1132,6771
20242,1951,2436
20243,1190,12312
20244,1177,16148
20245,777,17159
20246,1247,15212
20247,442,17409
20248,594,17261
20249,1828,9095
20250,1472,13298
20251,155,4638
20252,1905,9156
20253,63,17681
20254,1939,4672
20255,1256,13231
20256,995,122
20257,1163,13603
20258,171,3395
20259,467,17918
20260,1509,19996
20261,1470,544
20262,37,17135
20263,240,4444
20264,1055,6548
20265,827,16504
20266,625,2981
20267,744,83
20268,294,4203
20269,476,4845
20270,1831,1263
20271,253,8399
20272,1821,8133
20273,313,15314
20274,1040,19030
20275,1930,14005
20276,981,14220
20277,362,10597
20278,215,15432
20279,84,17726
20280,1628,15213
20281,1638,15644
20282,339,5909
20283,1964,19078
20284,346,14284
20285,1300,11946
20286,1902,15788
20287,629,16527
20288,881,19212
20289,152,19943
20290,1955,18405
20291,885,710
20292,1290,1295
20293,86,4628
20294,1938,16057
20295,1426,8538
20296,455,19761
20297,1635,9403
20298,1393,1233
20299,34,2280
20300,182,4595
20301,22,15681
20302,937,11410
20303,1393,7260
20304,312,4662
20305,551,3839
20306,485,8092
20307,111,14205
20308,922,16077
20309,1104,2762
20310,1495,177
20311,1325,15678
20312,1943,2038
20313,856,773
20314,233,3787
20315,769,13776
20316,1219,4066
20317,752,16870
20318,527,18800
20319,412,2142
20320,1012,437
20321,1497,12468
20322,176,1957
20323,1075,3385
20324,1094,12621
20325,24,13690
20326,158,8867
20327,1849,9253
20328,439,3892
20329,1284,11364
20330,1120,226
20331,4,17879
20332,597,1803
20333,431,3158
20334,175,18217
20335,1202,4250
20336,1692,6534
20337,37,15482
20338,1083,13863
20339,1531,9469
20340,823,9170
20341,1403,16906
20342,1260,13161
20343,1433,12421
20344,1426,6251
20345,564,8670
20346,827,8867
20347,1213,4560
20348,890,17219
20349,1523,12619
20350,1940,13958
20351,1919,18405
20352,264,14011
20353,1560,16059
20354,181,12345
20355,1920,16967
20356,588,18924
20357,1102,5918
20358,1953,18751
20359,468,1417
20360,1567,7705
20361,856,10800
20362,473,16211
20363,793,11522
20364,746,17945
20365,537,12682
20366,341,13830
20367,1727,8370
20368,1838,5770
20369,1415,12360
20370,927,5568
20371,545,8067
20372,218,1128
20373,1681,16943
20374,859,262
20375,645,600
20376,529,14457
20377,1785,13051
20378,332,13972
20379,846,15914
20380,467,12168
20381,1826,6020
20382,798,8653
20383,1555,703
20384,964,6668
20385,576,11274
20386,328,14478
20387,702,15867
20388,89,17814
20389,91,445
20390,100,15884
20391,1630,16611
20392,1896,11752
20393,285,9302
20394,438,13222
20395,1623,7208
20396,1307,14288
20397,570,11674
20398,1737,5533
20399,312,13439
20400,1417,10705
20401,1170,15626
20402,651,12563
20403,1987,17062
20404,1342,46
20405,1823,18468
20406,849,9660
20407,74,2235
20408,1426,14902
20409,191,9045
20410,1700,16580
20411,31,5843
20412,1479,6842
20413,1926,8751
20414,1136,11665
20415,1243,8085
20416,166,12319
20417,419,146
20418,931,17012
20419,793,5655
20420,696,8483
20421,762,13553
20422,1106,14282
20423,63,4333
20424,1049,16065
20425,1280,1307
20426,937,17710
20427,1071,6957
20428,624,6194
20429,795,470
20430,1187,9692
20431,129,3936
20432,985,12207
20433,1969,9099
20434,722,10967
20435,146,4375
20436,1696,16598
20437,114,14128
20438,693,8947
20439,1405,7713
20440,606,1849
20441,1357,3151
20442,1875,139
20443,299,7971
20444,373,7334
20445,1658,9608
20446,1909,14629
20447,404,14489
20448,632,11324
20449,1795,10172
20450,623,16077
20451,944,15183
20452,534,16888
20453,1369,17088
20454,190,943
20455,98,11421
20456,563,13361
20457,825,16673
20458,781,12235
20459,1949,7518
20460,1889,6888
20461,913,6843
20462,991,12207
20463,1560,11671
20464,313,2114
20465,698,7387
20466,92,17323
20467,1275,18906
20468,1018,5426
20469,203,11923
20470,1475,6013
20471,603,11763
20472,1793,8477
20473,1910,19476
20474,1404,7616
20475,1673,8777
20476,400,5366
20477,1410,16989
20478,910,17598
20479,1163,11904
20480,1585,2811
20481,707,9118
20482,676,8555
20483,1724,17909
20484,1005,7671
20485,527,16864
20486,641,19669
20487,120,12380
20488,865,6829
20489,1469,5187
20490,477,7289
20491,437,12697
20492,1108,11235
20493,1131,19759
20494,1705,18489
20495,204,7002
20496,816,17494
20497,1637,3819
20498,156,9997
20499,1439,17159
20500,1210,13570
20501,46,12466
20502,246,5062
20503,1504,14355
20504,286,7927
20505,947,15510
20506,1385,19099
20507,169,18502
20508,131,18706
20509,1564,16406
20510,1456,14670
20511,1550,16425
20512,353,3474
20513,1833,1236
20514,63,584
20515,1904,239
20516,1013,16459
20517,219,13188
20518,1104,4846
20519,117,4366
20520,465,10633
20521,432,5954
20522,768,6083
20523,1390,1012
20524,134,55
20525,1145,8996
20526,1947,295
20527,1563,8119
20528,900,11106
20529,546,15712
20530,1661,9283
20531,1614,15653
20532,518,18304
20533,65,4865
20534,1974,1261
20535,1273,10178
20536,593,8885
20537,1957,18001
20538,1480,16574
20539,1346,14081
20540,875,16945
20541,1005,12267
20542,951,8601
20543,1329,7340
20544,459,6869
20545,1581,15867
20546,375,19510
20547,1111,10012
20548,219,4330
20549,1356,3458
20550,1693,9378
20551,60,2382
20552,460,17188
20553,982,1492
20554,256,11331
20555,327,9684
20556,581,16827
20557,1833,9919
20558,1421,10500
20559,1090,18131
20560,884,5048
20561,153,865
20562,1407,14019
20563,540,3229
20564,733,13929
20565,963,2726
20566,1203,13195
20567,390,697
20568,374,8225
20569,1555,11927
20570,1412,578
20571,1946,7013
20572,862,18517
20573,1691,2507
20574,1197,5000
20575,1366,19643
20576,1100,3653
20577,1454,13107
20578,692,1222
20579,1513,19974
20580,979,3340
20581,273,9279
20582,1845,1919
20583,1389,7022
20584,140,17042
20585,454,11823
20586,1703,16542
20587,60,3425
20588,218,17771
20589,478,6690
20590,1533,7201
20591,1969,566
20592,977,17181
20593,405,14325
20594,617,18911
20595,1835,4371
20596,1461,5225
20597,1092,12109
20598,1867,8023
20599,703,14701
20600,1755,6492
20601,125,2260
20602,1948,9391
20603,123,852
20604,727,18928
20605,1147,7551
20606,1154,264
20607,1733,2371
20608,286,6625
20609,1783,3577
20610,1171,17935
20611,1917,8790
20612,235,2022
20613,1465,18561
20614,893,17082
20615,1453,14783
20616,1121,7224
20617,567,10372
20618,1951,12473
20619,629,14050
20620,808,991
20621,32,11887
20622,1784,7911
20623,171,16084
20624,115,15685
20625,1934,2836
20626,147,8844
20627,417,3776
20628,965,1086
20629,308,2613
20630,1156,4616
20631,1767,8657
20632,1420,6605
20633,476,10549
20634,1561,19107
20635,719,6433
20636,1827,11153
20637,1966,10520
20638,1933,5603
20639,1017,1505
20640,1844,16239
20641,432,8023
20642,224,5236
20643,1866,8364
20644,344,15041
20645,483,4285
20646,365,3031
20647,1554,17293
20648,1791,12005
20649,1192,16242
20650,1551,12295
20651,18,12544
20652,678,9666
20653,256,4744
20654,17,12798
20655,1769,16514
20656,602,4826
20657,1315,16781
20658,489,1001
20659,1346,11995
20660,675,12196
20661,1111,3701
20662,545,14834
20663,1869,8539
20664,764,11482
20665,484,14167
20666,1561,2641
20667,519,2607
20668,1689,19749
20669,1754,6956
20670,766,8120
20671,153,825
20672,1540,18340
20673,1343,1436
20674,1393,5648
20675,1664,11401
20676,239,5201
20677,1943,11005
20678,1588,2944
20679,488,17983
20680,1153,13233
20681,1733,4648
20682,1856,18314
20683,1981,18205
20684,143,11893
20685,1025,5620
20686,1528,4252
20687,837,6712
20688,822,3006
20689,1225,18084
20690,1478,11657
20691,1212,2339
20692,623,6274
20693,1024,19941
20694,1064,14082
20695,263,13595
20696,153,12759
20697,1374,6241
20698,1284,12411
20699,1908,12964
20700,982,10270
20701,187,13912
20702,383,1268
20703,449,19118
20704,1811,13476
20705,1269,761
20706,1439,3733
20707,690,16417
20708,1504,16868
20709,1965,6250
20710,1941,8481
20711,987,17051
20712,877,2542
20713,351,17430
20714,1178,12728
20715,1214,11447
20716,1555,14495
20717,1726,8955
20718,526,7857
20719,1478,14566
20720,1372,19224
20721,631,7089
20722,753,3689
20723,997,5002
20724,1539,16959
20725,5,19199
20726,199,11584
20727,1251,11415
20728,211,5849
20729,910,4525
20730,427,2704
20731,1266,14660
20732,1139,12736
20733,401,11746
20734,572,13863
20735,1437,19902
20736,1915,18472
20737,1648,18946
20738,509,14515
20739,332,7037
20740,1530,17154
20741,635,8292
20742,1784,16716
20743,995,12788
20744,1846,13125
20745,1469,3454
20746,833,17473
20747,1392,8834
20748,101,6300
20749,1415,13293
20750,1632,12129
20751,1543,2414
20752,653,3049
20753,1314,4452
20754,1523,318
20755,1643,17830
20756,850,17664
20757,1696,17347
20758,1258,11183
20759,1155,1965
20760,1888,13494
20761,648,17983
20762,1075,19490
20763,1798,6753
20764,150,875
20765,1029,10839
20766,1228,10743
20767,535,3880
20768,1306,16929
20769,616,11431
20770,899,19847
20771,315,19698
20772,893,2097
20773,1823,6555
20774,1336,7236
20775,263,11500
20776,1878,15295
20777,535,16796
20778,725,11830
20779,446,16151
20780,1121,9382
20781,1892,14272
20782,994,6902
20783,765,18697
20784,1982,6329
20785,522,17098
20786,1653,12773
20787,947,8716
20788,702,4422
20789,557,58
20790,235,18700
20791,280,2380
20792,490,10631
20793,1390,14833
20794,1552,13176
20795,728,9401
20796,852,13511
20797,831,15192
20798,1149,619
20799,119,9141
20800,656,468
20801,1388,17061
20802,1369,16882
20803,1616,12315
20804,1882,4650
20805,1239,19013
20806,737,15421
20807,1909,2977
20808,839,10716
20809,1011,17560
20810,158,3480
20811,1434,10206
20812,653,6032
20813,108,15892
20814,1641,9830
20815,53,18442
20816,889,5414
20817,1610,17110
20818,1128,1693
20819,1429,3582
20820,1616,13836
20821,1162,14254
20822,295,4098
20823,1883,13632
20824,1096,15444
20825,1228,2330
20826,1874,11480
20827,952,3319
20828,1208,1023
20829,1390,16604
20830,295,3572
20831,637,5276
20832,83,3165
20833,88,18618
20834,961,16030
20835,1872,9953
20836,128,13968
20837,237,12239
20838,55,8321
20839,426,3321
20840,1388,9604
20841,1291,16245
20842,1468,4156
20843,1523,7898
20844,702,6440
20845,968,18840
20846,1331,8287
20847,736,11121
20848,1149,12876
20849,1097,12349
20850,220,4848
20851,1184,16771
20852,1801,16107
20853,722,1591
20854,1520,9484
20855,1654,18191
20856,1423,12830
20857,533,18408
20858,1314,17648
20859,1833,3462
20860,1395,4332
20861,1772,1033
20862,1173,19457
20863,684,11702
20864,371,12583
20865,760,19644
20866,374,519
20867,886,15530
20868,1128,10105
20869,858,10283
20870,1197,7955
20871,777,10307
20872,1725,12445
20873,1244,18295
20874,1085,8623
20875,316,19416
20876,1967,2063
20877,196,2153
20878,22,18523
20879,353,18664
20880,853,7133
20881,1953,19895
20882,1751,2973
20883,599,19844
20884,645,14304
20885,680,19603
20886,1459,465
20887,94,4824
20888,1623,18092
20889,308,12174
20890,300,10693
20891,230,16870
20892,1289,7168
20893,1065,12451
20894,1207,5374
20895,332,11989
20896,442,3155
20897,613,9590
20898,1170,19556
20899,714,16638
20900,407,18555
20901,260,10391
20902,852,1541
20903,613,903
20904,1794,14112
20905,92,13561
20906,1009,3371
20907,1723,16252
20908,1473,15318
20909,416,7513
20910,434,9409
20911,893,6104
20912,226,10836
20913,1177,16277
20914,1315,10876
20915,385,643
20916,1880,10029
20917,936,15494
20918,232,13156
20919,1032,9754
20920,1546,2537
20921,1646,14979
20922,824,1433
20923,1264,9097
20924,685,469
20925,635,13833
20926,831,6464
20927,1507,9953
20928,1010,7283
20929,1733,6263
20930,1905,9183
20931,1662,1750
20932,981,8638
20933,1567,15389
20934,853,11581
20935,1120,482
20936,886,9703
20937,307,7110
20938,791,3533
20939,726,8845
20940,18,14632
20941,210,11086
20942,1116,9615
20943,452,18469
20944,1853,1134
20945,1801,2409
20946,946,14604
20947,1728,9233
20948,1574,14261
20949,1659,9480
20950,1108,15124
20951,1109,18177
20952,579,14730
20953,382,10596
20954,1703,13480
20955,538,6107
20956,411,2672
20957,880,17914
20958,807,12606
20959,1860,17345
20960,1591,6875
20961,553,18352
20962,1376,14237
20963,88,19567
20964,895,12816
20965,1844,5692
20966,1277,16613
20967,1685,39
20968,1645,11071
20969,200,8478
20970,1849,15953
20971,578,10833
20972,1067,16699
20973,1842,16865
20974,1244,18574
20975,1920,15986
20976,1468,6383
20977,1420,6060
20978,1787,7453
20979,999,13143
20980,621,2783
20981,501,14473
20982,1333,14038
20983,1789,8513
20984,1209,12013
20985,132,5348
20986,445,5044
20987,660,9516
20988,105,17516
20989,1568,8578
20990,1379,1485
20991,1136,12944
20992,1270,494
20993,475,17654
20994,1426,12148
20995,671,6949
20996,1049,10261
20997,504,16706
20998,1610,4869
20999,1314,14732
21000,1756,5330
21001,1633,12485
21002,1050,13424
21003,398,9629
21004,1080,7784
21005,514,17116
21006,1636,3779
21007,1592,3200
21008,400,19840
21009,843,10365
21010,366,19992
21011,1530,8242
21012,895,2312
21013,13,7967
21014,1118,11410
21015,669,15643
21016,1991,6787
21017,634,7175
21018,1886,6746
21019,871,15979
21020,1088,1686
21021,1521,14448
21022,1034,8547
21023,50,2494
21024,1417,19752
21025,647,18340
21026,1748,4928
21027,951,16607
21028,1700,11962
21029,1353,4566
21030,248,9927
21031,1483,13304
21032,297,1538
21033,42,9406
21034,1565,16917
21035,1430,18831
21036,256,4061
21037,1434,18614
21038,972,3245
21039,464,1116
21040,318,16413
21041,1367,8347
21042,150,2137
21043,1500,18634
21044,596,449
21045,553,15749
21046,1257,14272
21047,1961,17617
21048,1019,3875
21049,1717,1450
21050,1868,4673
21051,1920,5981
21052,1437,18483
21053,411,10609
21054,1607,13710
21055,1868,19992
21056,1448,3481
21057,647,17486
21058,1116,1178
21059,582,16769
21060,319,10842
21061,1855,13268
21062,1502,2315
21063,574,10416
21064,1432,13047
21065,779,5328
21066,549,11292
21067,168,7942
21068,480,6529
21069,914,4975
21070,428,186
21071,1996,11525
21072,768,19862
21073,360,12183
21074,1521,7240
21075,1864,7657
21076,851,11398
21077,490,9798
21078,168,16882
21079,159,16875
21080,1181,19503
21081,308,2568
21082,639,12481
21083,1917,5086
21084,314,5412
21085,1547,13145
21086,1091,14863
21087,1504,9116
21088,1421,7913
21089,54,17237
21090,293,4388
21091,720,13676
21092,405,3205
21093,1599,209
21094,440,9207
21095,300,16249
21096,227,3600
21097,647,5649
21098,154,202
21099,112,5425
21100,596,3333
21101,470,1193
21102,1605,13262
21103,420,6587
21104,1978,5542
21105,1558,17420
21106,1456,18426
21107,969,9048
21108,1761,7127
21109,17,15349
21110,1765,15622
21111,186,11969
21112,1932,2273
21113,588,5230
21114,1736,16180
21115,1509,4619
21116,153,14776
21117,1361,7704
21118,1731,12841
21119,1523,18704
21120,630,5434
21121,359,18663
21122,748,10207
21123,581,12577
21124,151,15676
21125,1112,1712
21126,684,8175
21127,1417,11350
21128,1587,9396
21129,949,6793
21130,186,12650
21131,806,17332
21132,1579,2306
21133,1212,147
21134,1108,9484
21135,589,9561
21136,960,4413
21137,86,18084
21138,1562,4563
21139,1101,3525
21140,1706,13527
21141,928,14209
21142,1331,1550
21143,448,1775
21144,461,5831
21145,105,10566
21146,1740,5176
21147,1162,14651
21148,1431,4603
21149,424,7714
21150,1789,7358
21151,1404,17548
21152,1938,13621
21153,613,19838
21154,175,18548
21155,922,9968
21156,1489,15984
21157,1866,7066
21158,1914,6306
21159,171,7710
21160,23,2652
21161,1775,15157
21162,1756,14752
21163,1061,6262
21164,386,19524
21165,1842,17990
21166,1158,4631
21167,1917,8288
21168,1680,18601
21169,1424,9640
21170,1565,15510
21171,1936,10434
21172,1032,7824
21173,704,3961
21174,1110,9402
21175,1694,9938
21176,810,18827
21177,153,13105
21178,868,17035
21179,923,4603
21180,1147,3305
21181,1211,14408
21182,421,17740
21183,1520,2988
21184,86,11994
21185,793,16224
21186,72,10669
21187,1872,9825
21188,372,8015
21189,1023,18047
21190,1027,13063
21191,140,16268
21192,1087,14212
21193,982,3415
21194,1913,5546
21195,1443,4521
21196,353,17518
21197,1380,19812
21198,1261,2093
21199,143,6227
21200,111,1272
21201,1893,532
21202,249,12090
21203,572,5179
21204,1357,12527
21205,1639,4249
21206,358,7240
21207,694,4030
21208,1436,15402
21209,1334,11408
21210,198,10884
21211,864,1455
21212,103,15129
21213,26,5696
21214,1062,13383
21215,633,9179
21216,1989,4275
21217,872,1804
21218,262,9381
21219,1639,11067
21220,99,8063
21221,1941,14313
21222,665,7973
21223,1707,4386
21224,819,8583
21225,1413,12133
21226,1064,13644
21227,1088,9995
21228,1663,8458
21229,964,13484
21230,1538,8489
21231,880,18529
21232,768,945
21233,991,6025
21234,258,18161
21235,877,1784
21236,1906,5017
21237,1243,18633
21238,60,6445
21239,54,14981
21240,1701,7183
21241,1284,15453
21242,4,16001
21243,474,18897
21244,16,16031
21245,58,3953
21246,1406,16647
21247,622,295
21248,661,762
21249,1711,535
21250,1313,17399
21251,658,18975
21252,413,3303
21253,1679,10141
21254,528,4880
21255,177,17690
21256,250,10868
21257,1073,8996
21258,874,8532
21259,383,11507
21260,1400,15402
21261,1490,19046
21262,1037,17065
21263,1132,17821
21264,561,630
21265,264,8672
21266,1124,742
21267,790,2983
21268,1151,15293
21269,1480,17613
21270,1430,462
21271,1101,15314
21272,1789,7716
21273,1062,6018
21274,1322,3099
21275,1583,3862
21276,868,2068
21277,1866,15717
21278,283,5314
21279,699,15443
21280,1625,6080
21281,1117,11921
21282,393,15654
21283,1693,14724
21284,582,17606
21285,1779,17649
21286,911,1979
21287,1091,17727
21288,242,5757
21289,174,1712
21290,537,18064
21291,650,16132
21292,1685,10379
21293,1363,1977
21294,271,19677
21295,225,6753
21296,1213,10323
21297,889,17419
21298,1682,7552
21299,151,13217
21300,1683,5541
21301,499,18736
21302,395,12009
21303,1612,8993
21304,1768,17184
21305,1781,472
21306,643,1442
21307,32,5127
21308,550,1793
21309,1019,8385
21310,726,5424
21311,1601,7325
21312,855,16746
21313,1179,45
21314,413,6425
21315,1948,19458
21316,37,9334
21317,1158,7329
21318,1532,3782
21319,1230,5029
21320,1595,3113
21321,1187,5567
21322,429,4568
21323,910,5445
21324,1934,17366
21325,1891,7766
21326,914,2505
21327,109,9410
21328,433,18624
21329,549,5315
21330,1450,11443
21331,1551,4383
21332,296,6273
21333,19,2721
21334,1078,2561
21335,511,19922
21336,726,10083
21337,877,642
21338,938,18866
21339,1541,16324
21340,1350,18850
21341,1328,11422
21342,667,19060
21343,1103,8806
21344,1791,15444
21345,818,1084
21346,1993,1998
21347,1484,4248
21348,902,12435
21349,1143,2330
21350,1025,11558
21351,127,7716
21352,1597,1890
21353,1520,4584
21354,1633,6043
21355,269,7047
21356,1816,18063
21357,624,6429
21358,862,17335
21359,1434,12947
21360,1230,10291
21361,315,7736
21362,805,5763
21363,1156,17870
21364,703,13880
21365,1622,10429
21366,829,3327
21367,1790,9731
21368,345,19600
21369,1704,16516
21370,166,12672
21371,1439,12803
21372,307,11609
21373,1530,11401
21374,548,12143
21375,806,5826
21376,186,15853
21377,1884,19832
21378,994,18431
21379,1630,8192
21380,489,4604
21381,144,8793
21382,822,14979
21383,472,12203
21384,914,8352
21385,320,3924
21386,395,19684
21387,1646,12344
21388,1125,17737
21389,1861,3323
21390,175,3027
21391,667,15676
21392,1732,16155
21393,1122,15221
21394,305,2467
21395,954,16489
21396,1228,12227
21397,1462,19365
21398,1697,5001
21399,1728,11993
21400,56,18801
21401,1969,14512
21402,526,4834
21403,31,5977
21404,821,7500
21405,106,1178
21406,1453,12253
21407,1055,18319
21408,1932,7117
21409,329,1092
21410,451,5767
21411,1068,11268
21412,1781,4347
21413,1359,3294
21414,1289,762
21415,1928,14665
21416,1371,11537
21417,652,6412
21418,864,11708
21419,142,16532
21420,1511,5853
21421,1354,6229
21422,212,1918
21423,283,13459
21424,311,18379
21425,784,14027
21426,1704,19992
21427,577,924
21428,1189,19289
21429,651,11798
21430,204,19550
21431,1061,12290
21432,1611,16429
21433,475,1180
21434,868,19584
21435,1471,4150
21436,135,6080
21437,75,15766
21438,549,18061
21439,631,16770
21440,1160,19139
21441,1019,4298
21442,581,6286
21443,725,9988
21444,258,14164
21445,534,17750
21446,230,12487
21447,1626,11954
21448,1694,7101
21449,1954,12208
21450,872,3292
21451,537,2652
21452,1945,904
21453,1564,1514
21454,664,2311
21455,913,5679
21456,313,10312
21457,689,6750
21458,469,3246
21459,835,6974
21460,1451,3831
21461,1035,3561
21462,1051,9336
21463,1491,5557
21464,1036,14326
21465,837,8484
21466,1556,19426
21467,1540,8882
21468,280,17656
21469,1385,6312
21470,816,8530
21471,1250,17213
21472,1797,9626
21473,14,5848
21474,1074,12500
21475,492,6636
21476,674,16463
21477,619,6664
21478,1899,7171
21479,1016,16813
21480,437,2182
21481,1021,15710
21482,137,11038
21483,1297,1530
21484,1869,18942
21485,267,2639
21486,1571,3240
21487,1177,17240
21488,1550,13489
21489,1817,4636
21490,1412,10553
21491,203,18364
21492,247,4898
21493,881,12136
21494,1617,758
21495,868,3384
21496,296,19324
21497,487,9791
21498,1176,3236
21499,1941,11478
21500,646,12495
21501,1807,16719
21502,1842,18796
21503,398,9312
21504,1942,7582
21505,969,14877
21506,1480,18743
21507,1664,18696
21508,264,19490
21509,177,12868
21510,664,14219
21511,1220,3189
21512,347,8287
21513,1976,15053
21514,1860,12381
21515,87,9153
21516,1494,2262
21517,1917,7293
21518,1721,4216
21519,242,15897
21520,245,14735
21521,1631,5611
21522,225,12534
21523,466,17825
21524,450,1674
21525,1363,14434
21526,1200,19087
21527,1223,7273
21528,612,7766
21529,605,3486
21530,232,16312
21531,83,11435
21532,1585,8576
21533,1798,9867
21534,1796,15941
21535,752,11095
21536,82,5532
21537,568,19995
21538,1306,13663
21539,423,16168
21540,1075,10110
21541,1891,11637
21542,130,18808
21543,492,9364
21544,623,19241
21545,720,18338
21546,530,14084
21547,1609,3915
21548,601,13377
21549,402,3032
21550,1420,19752
21551,1194,16901
21552,859,4441
21553,1975,2134
21554,1041,7694
21555,714,6781
21556,1039,11791
21557,326,8634
21558,715,6265
21559,542,19826
21560,1160,15226
21561,206,1872
21562,1515,15797
21563,1594,49
21564,1433,446
21565,106,19965
21566,638,3437
21567,1670,7165
21568,259,1579
21569,1639,9364
21570,868,5593
21571,1533,8005
21572,1674,18228
21573,1066,2594
21574,1077,3652
21575,401,14396
21576,1994,6897
21577,1250,780
21578,1709,9423
21579,155,8371
21580,1347,1487
21581,1015,5620
21582,87,253
21583,8,18613
21584,665,7655
21585,438,1399
21586,1064,17223
21587,1242,2109
21588,1426,10027
21589,1001,1663
21590,1803,1155
21591,450,13335
21592,1029,14256
21593,1529,19963
21594,756,17837
21595,596,14789
21596,1926,16509
21597,1126,16824
21598,1736,6858
21599,722,15231
21600,1375,12534
21601,1983,19098
21602,215,17875
21603,679,3427
21604,1595,11131
21605,112,9009
21606,1322,7159
21607,422,19135
21608,1963,15001
21609,650,9198
21610,1105,16376
21611,1084,19757
21612,1308,7777
21613,575,13555
21614,476,1108
21615,1235,10066
21616,1288,10581
21617,1438,18994
21618,710,8482
21619,1542,7138
21620,927,5708
21621,1011,6997
21622,813,7385
21623,277,8248
21624,1425,12851
21625,1223,8161
21626,734,3454
21627,1424,2910
21628,1719,8212
21629,858,772
21630,1567,2823
21631,1576,6393
21632,836,19987
21633,1395,13241
21634,1131,12698
21635,581,15566
21636,58,6192
21637,1623,18345
21638,1422,3420
21639,1537,18504
21640,1123,4539
21641,342,2938
21642,89,17441
21643,311,18597
21644,413,17756
21645,1867,19880
21646,1658,15355
21647,509,16577
21648,817,376
21649,734,19245
21650,880,9311
21651,725,1480
21652,1277,16068
21653,789,17410
21654,1470,9307
21655,503,1262
21656,1175,8143
21657,380,9065
21658,1841,16473
21659,1226,15781
21660,1755,10397
21661,508,8165
21662,172,16434
21663,669,996
21664,1012,18539
21665,1931,1455
21666,185,7950
21667,1726,2369
21668,1406,16794
21669,1422,8069
21670,991,17396
21671,552,8554
21672,1896,15642
21673,255,13770
21674,1323,3252
21675,1892,10834
21676,1944,5156
21677,757,4177
21678,730,17692
21679,1253,5993
21680,1712,3423
21681,703,8014
21682,1535,16343
21683,292,16604
21684,1383,16662
21685,1562,13146
21686,1014,4546
21687,272,2823
21688,349,13239
21689,459,11309
21690,1411,2610
21691,791,17203
21692,1252,3918
21693,82,7656
21694,1624,4256
21695,1279,18018
21696,449,2208
21697,861,16935
21698,352,6178
21699,953,6307
21700,991,8885
21701,1311,15270
21702,1858,2492
21703,1389,8577
21704,961,18181
21705,104,9918
21706,774,7350
21707,1007,18896
21708,645,19964
21709,1117,1237
21710,392,9390
21711,905,19031
21712,986,17169
21713,1769,686
21714,1840,9429
21715,408,2668
21716,1390,13688
21717,747,18507
21718,1390,16324
21719,1651,17373
21720,17,6411
21721,943,14696
21722,669,6741
21723,1182,9629
21724,606,11500
21725,281,8427
21726,704,7331
21727,1228,1600
21728,719,14646
21729,1808,14172
21730,1020,7726
21731,832,18011
21732,1874,10277
21733,1431,10161
21734,215,15452
21735,987,8819
21736,351,10133
21737,1975,4504
21738,898,1937
21739,1567,8387
21740,1865,15207
21741,1174,14590
21742,1209,10813
21743,300,16055
21744,1395,6493
21745,1286,7468
21746,87,18997
21747,687,17569
21748,72,7055
21749,658,5268
21750,476,9695
21751,411,16818
21752,116,16940
21753,1463,9529
21754,805,19769
21755,743,14463
21756,1322,2231
21757,1235,2730
21758,106,759
21759,1581,16147
21760,736,4027
21761,336,369
21762,244,5987
21763,1835,15750
21764,439,11639
21765,1709,6113
21766,1104,4269
21767,907,1302
21768,1759,12154
21769,79,16416
21770,950,7949
21771,1996,12000
21772,856,14189
21773,56,4705
21774,1088,4374
21775,978,4586
21776,371,2839
21777,518,12620
21778,1432,9112
21779,1188,9219
21780,1124,12322
21781,168,13009
21782,1659,17423
21783,215,11738
21784,852,16535
21785,1767,17344
21786,1482,10029
21787,288,2018
21788,1638,17091
21789,1456,3714
21790,101,1242
21791,116,4810
21792,881,894
21793,1824,7528
21794,955,5832
21795,1370,7404
21796,1687,11908
21797,1148,6559
21798,1639,8435
21799,1098,10592
21800,1169,18701
21801,1699,9007
21802,1228,13537
21803,743,450
21804,1223,7965
21805,530,6979
21806,166,2747
21807,1669,7062
21808,1520,15039
21809,1237,5608
21810,227,12729
21811,1429,2306
21812,1153,3578
21813,1391,8609
21814,106,18160
21815,1934,19877
21816,1775,11554
21817,1646,9242
21818,860,4246
21819,750,10506
21820,1140,3912
21821,1876,9285
21822,1034,9416
21823,1741,1113
21824,1673,13294
21825,451,10228
21826,997,8099
21827,1383,7819
21828,1111,13437
21829,1136,14337
21830,117,15159
21831,1149,2521
21832,1000,8015
21833,631,10494
21834,231,3427
21835,1173,14206
21836,289,9505
21837,321,9380
21838,155,566
21839,1216,19268
21840,1882,16947
21841,718,11830
21842,20,2438
21843,1997,6038
21844,1948,628
21845,1980,18876
21846,1163,19525
21847,633,10133
21848,1909,3233
21849,207,2433
21850,1699,15825
21851,788,2439
21852,1562,97
21853,1863,5864
21854,1240,14508
21855,663,18460
21856,1060,11709
21857,1657,13734
21858,1263,14571
21859,1518,8435
21860,1264,17720
21861,717,17137
21862,1241,9004
21863,897,4450
21864,729,12459
21865,792,3132
21866,687,11562
21867,209,17844
21868,295,4735
21869,1240,9796
21870,1327,6386
21871,1060,12720
21872,1074,2113
21873,1554,13963
21874,1048,5543
21875,149,7536
21876,1796,15458
21877,1209,19468
21878,276,15173
21879,139,12921
21880,1039,12776
21881,333,1150
21882,1988,11873
21883,226,19147
21884,1235,5444
21885,1103,32
21886,1764,7941
21887,572,11990
21888,953,5161
21889,1314,12146
21890,449,12840
21891,1544,4534
21892,1138,8141
21893,498,874
21894,531,4860
21895,1594,8496
21896,972,14720
21897,1516,3274
21898,1386,9823
21899,1951,11652
21900,463,1861
21901,1939,8336
21902,1918,5714
21903,502,9326
21904,1108,1111
21905,1062,11740
21906,838,15291
21907,425,10726
21908,1001,14899
21909,681,5433
21910,985,12015
21911,1569,3944
21912,44,9153
21913,939,8132
21914,1566,648
21915,1700,2484
21916,1322,14690
21917,1095,1696
21918,454,10571
21919,1122,426
21920,1118,6962
21921,1928,19075
21922,378,8133
21923,24,15342
21924,1122,18860
21925,304,1813
21926,1493,11720
21927,1381,18920
21928,1866,10723
21929,1114,13490
21930,1258,2150
21931,1692,11314
21932,1557,9814
21933,1486,5294
21934,1911,16113
21935,114,7094
21936,495,7470
21937,1698,10557
21938,1705,2365
21939,1550,13881
21940,1578,7359
21941,1729,9226
21942,288,19443
21943,566,2430
21944,1049,7877
21945,1872,17876
21946,1279,15957
21947,1358,18121
21948,584,13778
21949,1423,16501
21950,1701,2920
21951,1665,17501
21952,367,10243
21953,516,8695
21954,1549,11156
21955,1900,7040
21956,922,3066
21957,957,11702
21958,348,13268
21959,897,15323
21960,912,13666
21961,1251,5027
21962,383,8950
21963,1764,8089
21964,564,1014
21965,1644,6706
21966,264,1249
21967,1084,11382
21968,590,6781
21969,1696,8778
21970,406,6568
21971,1996,12427
21972,464,7496
21973,861,13845
21974,260,19703
21975,1195,10634
21976,1844,15291
21977,1678,11801
21978,1588,16624
21979,945,6965
21980,1176,14695
21981,642,6079
21982,1158,2914
21983,1937,4273
21984,1782,18175
21985,1738,5325
21986,8,10347
21987,1326,8468
21988,1508,7511
21989,1203,6033
21990,768,17346
21991,1378,6979
21992,1225,18154
21993,1905,6448
21994,589,15759
21995,247,11724
21996,1792,18774
21997,775,4030
21998,571,14571
21999,1312,10284
22000,1599,15561
22001,203,2601
22002,175,1274
22003,1945,17678
22004,1361,3921
22005,1831,8760
22006,1575,1020
22007,1593,11548
22008,420,1862
22009,962,8164
22010,1817,14442
22011,481,5281
22012,790,13635
22013,582,3908
22014,1817,8066
22015,1126,2003
22016,799,18992
22017,1668,8857
22018,746,11898
22019,1400,5083
22020,172,1083
22021,1479,18102
22022,444,6324
22023,1805,103
22024,772,14822
22025,582,15982
22026,1228,8353
22027,569,19721
22028,1534,7036
22029,87,3590
22030,231,15039
22031,1361,17284
22032,1016,13307
22033,1526,10120
22034,89,13871
22035,1403,19264
22036,836,11485
22037,61,8543
22038,778,7086
22039,1747,137
22040,911,11900
22041,653,13030
22042,780,1247
22043,1958,4483
22044,204,13796
22045,653,10127
22046,1424,4311
22047,1747,13956
22048,1744,19110
22049,337,18672
22050,941,2455
22051,415,13571
22052,1734,1128
22053,523,12477
22054,145,2588
22055,1860,2561
22056,1522,10777
22057,452,12048
22058,1287,1767
22059,359,5447
22060,101,9291
22061,1722,15273
22062,1649,536
22063,1050,4676
22064,954,19853
22065,206,14788
22066,1232,17529
22067,848,11481
22068,437,17301
22069,1084,2967
22070,1407,6082
22071,162,19046
22072,1649,10026
22073,1179,13512
22074,1233,2012
22075,760,433
22076,1316,10634
22077,1058,11168
22078,951,10943
22079,1683,3949
22080,1676,118
22081,441,13875
22082,993,18373
22083,1910,14486
22084,1741,18187
22085,1994,16945
22086,1805,7838
22087,261,4137
22088,1531,18164
22089,853,11130
22090,1050,12760
22091,909,4824
22092,797,5611
22093,1567,18429
22094,1688,1843
22095,171,5016
22096,429,135
22097,1684,8689
22098,416,499
22099,1941,9536
22100,179,19299
22101,1840,1454
22102,255,16897
22103,169,15008
22104,371,6761
22105,1786,14246
22106,1441,3784
22107,1073,681
22108,1857,11053
22109,92,4535
22110,589,1826
22111,1959,7019
22112,1522,9872
22113,235,19054
22114,1545,876
22115,1841,19062
22116,1419,10375
22117,1101,3800
22118,1418,6574
22119,467,1591
22120,1619,7896
22121,126,15104
22122,584,1462
22123,288,13993
22124,1084,8458
22125,1735,11580
22126,1677,8929
22127,960,19238
22128,122,19061
22129,19,3175
22130,341,13303
22131,722,10157
22132,221,486
22133,1150,6080
22134,579,7406
22135,936,8626
22136,686,10302
22137,1851,8259
22138,677,11681
22139,1442,16939
22140,361,659
22141,1125,19534
22142,1185,7540
22143,1702,10292
22144,1693,15966
22145,520,6500
22146,555,7347
22147,165,13611
22148,1792,12747
22149,1824,4819
22150,976,15351
22151,168,18831
22152,1586,17638
22153,1446,8793
22154,816,7063
22155,1817,5946
22156,613,11613
22157,488,4230
22158,1533,14148
22159,1109,8633
22160,244,5604
22161,1294,16130
22162,1378,13014
22163,1060,17990
22164,241,10340
22165,1863,16038
22166,969,9724
22167,1630,17019
22168,1951,7362
22169,1068,4051
22170,961,741
22171,83,18849
22172,1259,11844
22173,606,13003
22174,352,15580
22175,37,15891
22176,289,5064
22177,1319,13253
22178,961,14927
22179,155,9036
22180,1696,7278
22181,1163,18143
22182,1211,5762
22183,1741,7793
22184,1091,16283
22185,520,2227
22186,783,3750
22187,1048,18597
22188,1868,18280
22189,1110,7557
22190,428,10260
22191,1494,10225
22192,363,19445
22193,1532,10136
22194,1594,9589
22195,181,5474
22196,217,6225
22197,362,11878
22198,205,5108
22199,728,18816
22200,582,4958
22201,1775,14599
22202,697,11032
22203,1980,4656
22204,694,12105
22205,1637,11225
22206,212,14389
22207,1262,6794
22208,296,9394
22209,797,8019
22210,1847,5891
22211,975,13229
22212,520,6953
22213,1800,8145
22214,1828,7558
22215,1894,4728
22216,69,6858
22217,1290,2943
22218,1867,10674
22219,1200,7089
22220,1003,6144
22221,1838,3787
22222,1314,6542
22223,673,12440
22224,125,3564
22225,1801,9573
22226,108,4022
22227,849,12646
22228,671,2284
22229,711,16679
22230,649,14897
22231,882,6107
22232,1743,7221
22233,543,7927
22234,1596,1415
22235,1768,8112
22236,233,14640
22237,738,15892
22238,1198,7384
22239,929,3661
22240,1950,9299
22241,1389,17933
22242,282,5071
22243,406,1337
22244,1176,18413
22245,73,4632
22246,1241,7042
22247,1507,4386
22248,1256,6503
22249,1423,12137
22250,816,2614
22251,1738,9751
22252,1080,17086
22253,497,14349
22254,1871,14355
22255,1819,15584
22256,513,8041
22257,104,16593
22258,855,16642
22259,1914,4575
22260,1724,18178
22261,887,541
22262,733,3608
22263,1067,3808
22264,1277,15686
22265,806,12726
22266,1663,12057
22267,653,19114
22268,1089,8822
22269,421,5242
22270,1035,18586
22271,772,13725
22272,81,9034
22273,955,8890
22274,791,13724
22275,1011,8878
22276,1285,17310
22277,1175,4019
22278,357,10337
22279,1058,8016
22280,1108,19190
22281,469,14653
22282,1876,17919
22283,1225,12760
22284,1917,2005
22285,1700,5893
22286,902,729
22287,864,5863
22288,884,9302
22289,752,3384
22290,142,17394
22291,980,4934
22292,1726,11726
22293,1114,13544
22294,385,9800
22295,686,13407
22296,294,6540
22297,313,16455
22298,46,19162
22299,236,4183
22300,1013,14568
22301,73,15080
22302,296,14570
22303,605,9522
22304,1993,5154
22305,858,2682
22306,806,8740
22307,769,1443
22308,1509,1383
22309,858,13256
22310,1592,17022
22311,1973,6599
22312,1095,11284
22313,1334,1071
22314,334,13465
22315,1551,1803
22316,71,12808
22317,529,4448
22318,1184,23
22319,1563,17367
22320,1229,16357
22321,822,6746
22322,518,9332
22323,830,1316
22324,727,8727
22325,1054,119
22326,1123,5752
22327,606,7926
22328,999,18199
22329,1375,3425
22330,1243,6688
22331,293,10477
22332,307,7332
22333,1020,14441
22334,1090,6450
22335,1196,12442
22336,166,14989
22337,945,14598
22338,312,9955
22339,778,7055
22340,289,13338
22341,1212,7709
22342,356,14070
22343,1281,18718
22344,923,4111
22345,169,18549
22346,130,11845
22347,117,14398
22348,372,2143
22349,1446,8160
22350,851,7859
22351,498,15711
22352,73,5239
22353,1283,19177
22354,1160,4758
22355,562,7007
22356,1218,4819
22357,391,10122
22358,475,7168
22359,877,389
22360,1177,458
22361,638,12700
22362,1329,9674
22363,978,9753
22364,1227,16872
22365,1015,18599
22366,1733,13003
22367,899,4570
22368,1287,17277
22369,977,1359
22370,339,17629
22371,1842,15178
22372,889,493
22373,195,1211
22374,1444,8496
22375,1935,7696
22376,19,5307
22377,1335,3284
22378,226,2329
22379,1212,6254
22380,705,2609
22381,140,2119
22382,1920,13488
22383,147,12476
22384,957,12750
22385,130,14391
22386,799,16441
22387,1015,13156
22388,367,8147
22389,1901,3509
22390,1732,12457
22391,1561,8719
22392,1665,16852
22393,1271,11535
22394,1979,12558
22395,869,7178
22396,994,633
22397,1977,4162
22398,952,17375
22399,651,16806
22400,1814,14891
22401,1451,11165
22402,1632,11479
22403,1576,19752
22404,404,2511
22405,1959,8178
22406,610,10074
22407,848,11527
22408,711,543
22409,1928,2078
22410,1018,5020
22411,969,18762
22412,1108,17851
22413,964,10649
22414,69,6065
22415,386,14624
22416,61,18122
22417,1321,19526
22418,1902,3886
22419,759,810
22420,222,3958
22421,1139,12528
22422,380,10454
22423,252,3354
22424,596,371
22425,874,7300
22426,1123,15719
22427,1115,17897
22428,1753,16117
22429,1348,8626
22430,1988,4706
22431,1914,14494
22432,1090,14189
22433,11,13927
22434,981,17435
22435,1958,6733
22436,1405,19247
22437,1029,2010
22438,533,7953
22439,1876,105
22440,449,8308
22441,839,17002
22442,1798,8421
22443,959,18640
22444,485,2796
22445,673,1160
22446,666,9590
22447,1537,5572
22448,1657,9834
22449,977,19160
22450,1895,4563
22451,1478,11927
22452,1553,8911
22453,1084,15763
22454,1421,11674
22455,890,8815
22456,720,3199
22457,403,19749
22458,1280,1180
22459,1166,15688
22460,1303,18689
22461,1353,11651
22462,647,6042
22463,381,176
22464,1275,13593
22465,1272,2063
22466,1522,8209
22467,1022,6730
22468,935,11722
22469,478,7871
22470,642,8947
22471,168,19050
22472,1153,8997
22473,182,3854
22474,1465,5529
22475,139,634
22476,1254,18105
22477,24,4782
22478,1113,7683
22479,423,494
22480,1035,15997
22481,464,19533
22482,1424,9977
22483,1452,16694
22484,851,5464
22485,1176,16470
22486,1713,3958
22487,229,10567
22488,167,9713
22489,375,5366
22490,1528,18138
22491,525,19724
22492,672,14609
22493,1541,11241
22494,1182,3036
22495,298,14091
22496,756,10380
22497,1413,14137
22498,1653,5589
22499,1631,14873
22500,1864,12763
22501,712,2527
22502,1097,12438
22503,1104,5288
22504,1994,7979
22505,479,2654
22506,336,11541
22507,948,9341
22508,664,1741
22509,1687,11412
22510,1143,8508
22511,899,13061
22512,584,17122
22513,181,2060
22514,1146,751
22515,1099,18621
22516,1408,10233
22517,1476,5803
22518,1727,4272
22519,110,14390
22520,1690,7510
22521,1896,14432
22522,1285,18305
22523,94,9561
22524,1750,10049
22525,164,571
22526,804,1864
22527,131,14070
22528,42,18391
22529,763,11215
22530,1833,3971
22531,39,19529
22532,1540,5972
22533,1722,12168
22534,1370,3342
22535,881,6092
22536,1628,15498
22537,890,13924
22538,409,10111
22539,1721,16018
22540,738,9862
22541,1178,15579
22542,1439,8733
22543,723,2216
22544,627,13865
22545,1018,9752
22546,1928,2907
22547,1700,16999
22548,1164,14562
22549,978,2629
22550,66,4074
22551,1832,5010
22552,1929,14731
22553,827,14587
22554,1989,10287
22555,1454,7931
22556,1157,18533
22557,74,19243
22558,1628,12511
22559,371,3156
22560,767,17680
22561,533,3073
22562,335,11800
22563,541,13120
22564,810,19944
22565,1785,14199
22566,1884,8396
22567,1128,17627
22568,701,7757
22569,976,5788
22570,14,16977
22571,1710,18620
22572,1242,1639
22573,1116,16080
22574,785,17585
22575,211,8711
22576,898,10987
22577,1388,15506
22578,1112,5042
22579,591,17214
22580,1348,3954
22581,189,8967
22582,344,1568
22583,171,10941
22584,1125,17521
22585,892,16888
22586,1126,6288
22587,1654,1076
22588,508,17572
22589,176,16903
22590,634,274
22591,665,1117
22592,1343,16159
22593,848,2161
22594,910,9803
22595,1605,3907
22596,118,2366
22597,1526,10571
22598,1409,5728
22599,1085,634
22600,811,17939
22601,80,4174
22602,424,16481
22603,1138,13026
22604,135,542
22605,1926,2070
22606,84,14081
22607,1857,7441
22608,1535,8088
22609,1795,7911
22610,411,16492
22611,428,568
22612,875,7080
22613,188,237
22614,1334,1882
22615,1755,4145
22616,817,6590
22617,1512,13547
22618,1490,19660
22619,964,6098
22620,772,17530
22621,302,5259
22622,1982,32
22623,1925,12535
22624,482,3987
22625,962,8054
22626,1186,10423
22627,234,13114
22628,405,11316
22629,1902,5383
22630,1357,8562
22631,733,18312
22632,334,19138
22633,1809,16677
22634,1062,13755
22635,407,18393
22636,1107,3763
22637,901,659
22638,559,10302
22639,297,9274
22640,487,4775
22641,1971,9845
22642,1114,12762
22643,1564,14995
22644,1464,17337
22645,1275,11477
22646,888,7017
22647,1331,7664
22648,531,8843
22649,1022,19631
22650,1927,154
22651,1008,18343
22652,1086,14854
22653,1357,9873
22654,332,3141
22655,447,7604
22656,1800,18470
22657,686,14431
22658,467,1038
22659,288,13965
22660,144,16350
22661,23,16265
22662,1404,14200
22663,342,19705
22664,1023,14755
22665,1188,10930
22666,1210,12791
22667,585,12458
22668,1244,16577
22669,128,3023
22670,743,16909
22671,426,10171
22672,70,13812
22673,1537,10067
22674,1390,10859
22675,1398,18300
22676,1358,6778
22677,25,3954
22678,1895,12093
22679,23,10506
22680,1517,3184
22681,575,17960
22682,1945,8674
22683,1883,3667
22684,1617,13437
22685,285,15547
22686,484,10621
22687,353,4119
22688,1092,6064
22689,156,5009
22690,1251,16001
22691,1559,18397
22692,1774,4397
22693,1822,18612
22694,1179,323
22695,1809,8278
22696,420,1021
22697,1710,1496
22698,958,6603
22699,1942,19201
22700,1101,12221
22701,313,14890
22702,132,4392
22703,694,16958
22704,1447,16016
22705,828,3683
22706,1591,14270
22707,1455,784
22708,313,12044
22709,1299,15480
22710,1542,19210
22711,1100,2886
22712,1987,19448
22713,512,851
22714,232,5459
22715,768,15341
22716,1631,4712
22717,1087,2752
22718,1390,12535
22719,1317,11624
22720,980,3963
22721,1142,9498
22722,1549,14332
22723,578,14265
22724,921,18007
22725,1052,3885
22726,742,1498
22727,547,19088
22728,1326,8326
22729,855,5187
22730,1550,7620
22731,577,5118
22732,112,15961
22733,1832,2176
22734,1270,16767
22735,733,7367
22736,650,9898
22737,868,5978
22738,348,7184
22739,599,14716
22740,1530,8727
22741,1750,5818
22742,565,12320
22743,605,1033
22744,740,11875
22745,1988,3337
22746,880,8174
22747,583,15205
22748,1554,7715
22749,1713,4135
22750,1039,7359
22751,157,19294
22752,396,15710
22753,1220,15544
22754,1858,7295
22755,947,2613
22756,1634,14806
22757,502,4432
22758,1367,4322
22759,606,16193
22760,1905,13610
22761,300,17746
22762,789,13170
22763,1764,10723
22764,1374,3762
22765,1326,12028
22766,138,4037
22767,1450,4853
22768,1986,16258
22769,1158,14745
22770,1491,12681
22771,786,7975
22772,543,10521
22773,1890,6526
22774,1932,10336
22775,1063,7656
22776,281,500
22777,1201,15779
22778,1138,12130
22779,1255,19807
22780,971,14297
22781,1986,5583
22782,1469,274
22783,864,13654
22784,698,15356
22785,1893,3006
22786,486,14010
22787,57,5660
22788,301,2753
22789,1497,19076
22790,1585,4670
22791,433,10665
22792,751,5624
22793,1105,15717
22794,21,14593
22795,1661,1110
22796,1505,13561
22797,1311,959
22798,1021,10203
22799,150,18059
22800,1285,6298
22801,697,17671
22802,206,1649
22803,1041,10230
22804,1700,5468
22805,888,15007
22806,634,2183
22807,975,19458
22808,1551,8242
22809,1231,12903
22810,580,10282
22811,1947,15004
22812,446,18627
22813,1465,15866
22814,1434,2933
22815,333,11073
22816,1457,12083
22817,1741,12947
22818,939,9244
22819,1277,12895
22820,1128,16728
22821,446,19777
22822,1964,5887
22823,1759,9067
22824,1604,4726
22825,729,18366
22826,125,258
22827,1403,18072
22828,253,315
22829,157,6232
22830,935,17293
22831,637,7280
22832,892,14456
22833,1120,18930
22834,1257,12839
22835,605,3388
22836,322,5465
22837,1294,12206
22838,582,608
22839,1299,13817
22840,97,12751
22841,1662,12281
22842,791,2157
22843,1795,9395
22844,1445,7664
22845,216,7861
22846,1172,17069
22847,1242,10145
22848,791,6685
22849,1166,13066
22850,478,12238
22851,1814,11883
22852,946,8730
22853,1859,6521
22854,984,5494
22855,693,17656
22856,1433,624
22857,429,9593
22858,1746,59
22859,677,581
22860,772,13644
22861,1453,4357
22862,1384,11486
22863,277,17005
22864,1482,18290
22865,80,12703
22866,1821,7416
22867,44,10277
22868,697,7025
22869,1846,5348
22870,1723,12626
22871,1771,1805
22872,715,14663
22873,118,3983
22874,1527,7969
22875,220,1341
22876,1839,16757
22877,1915,1840
22878,438,19872
22879,1614,11683
22880,1171,13374
22881,1876,19577
22882,876,17272
22883,1833,11879
22884,955,12862
22885,1245,2217
22886,644,3237
22887,891,8804
22888,1086,6146
22889,1080,16994
22890,1348,5642
22891,455,6523
22892,1590,9520
22893,1949,4852
22894,843,7663
22895,795,4608
22896,1681,457
22897,1118,10662
22898,1484,6293
22899,685,12005
22900,802,12901
22901,1189,18186
22902,1350,19505
22903,1197,6951
22904,1147,16781
22905,865,5285
22906,525,4583
22907,1427,17343
22908,1512,6624
22909,1402,7899
22910,1920,12283
22911,1850,6531
22912,668,19708
22913,1208,14461
22914,1216,16079
22915,1262,10504
22916,292,4622
22917,690,4187
22918,1180,17837
22919,6,13430
22920,850,10630
22921,1843,6269
22922,41,18205
22923,466,10695
22924,1806,4183
22925,607,11476
22926,1773,354
22927,1197,10811
22928,1198,13795
22929,1670,19287
22930,1232,5290
22931,1075,13950
22932,698,13314
22933,1464,6153
22934,1466,11261
22935,1373,3332
22936,1503,5179
22937,1247,16732
22938,1511,19188
22939,159,8256
22940,989,415
22941,1529,2654
22942,1242,12100
22943,916,4838
22944,210,3625
22945,804,19579
22946,63,11405
22947,1401,9072
22948,90,11238
22949,199,11330
22950,280,7737
22951,1460,2210
22952,705,12510
22953,1396,13712
22954,912,6244
22955,1682,7838
22956,157,17219
22957,1625,21
22958,753,1131
22959,1665,9529
22960,836,14659
22961,873,16856
22962,3,19987
22963,246,17727
22964,1794,5719
22965,32,7097
22966,1982,18652
22967,1238,1537
22968,1082,18641
22969,915,1320
22970,761,8365
22971,338,10808
22972,123,14765
22973,30,10677
22974,1782,19280
22975,773,19536
22976,1668,3123
22977,644,993
22978,960,15425
22979,1777,3391
22980,1209,12575
22981,333,6809
22982,1439,3525
22983,1954,17816
22984,1978,10363
22985,1924,4246
22986,116,9745
22987,987,19634
22988,988,8511
22989,607,4705
22990,600,3741
22991,262,6710
22992,373,8700
22993,1119,9987
22994,617,8983
22995,1382,615
22996,1784,2826
22997,1293,1637
22998,1745,15058
22999,187,18703
23000,154,1211
23001,340,547
23002,1365,11281
23003,1734,18934
23004,935,9123
23005,758,14496
23006,823,9628
23007,1148,13690
23008,237,3670
23009,927,565
23010,1332,9476
23011,1010,16799
23012,1024,9817
23013,489,5842
23014,1058,5374
23015,1780,13656
23016,632,19718
23017,1349,8554
23018,1522,4406
23019,69,7065
23020,1951,12311
23021,1166,9637
23022,514,19638
23023,602,15323
23024,1902,17838
23025,371,8014
23026,1328,11899
23027,889,19994
23028,31,12687
23029,921,10484
23030,384,18263
23031,1377,5329
23032,73,2152
23033,974,4824
23034,347,447
23035,1334,17564
23036,1556,19941
23037,487,9293
23038,100,4591
23039,52,4886
23040,96,6026
23041,285,11522
23042,1449,19721
23043,712,19622
23044,5,18183
23045,279,505
23046,146,19748
23047,814,10138
23048,1694,7428
23049,323,6994
23050,1443,9289
23051,386,3965
23052,1698,4174
23053,345,1361
23054,781,16806
23055,125,9479
23056,4,8505
23057,909,3629
23058,528,13966
23059,747,18531
23060,425,4147
23061,1811,8846
23062,1725,7681
23063,1878,11883
23064,1754,17072
23065,1343,12493
23066,1168,11046
23067,1401,897
23068,707,6714
23069,1458,16982
23070,536,16655
23071,1650,5604
23072,1353,15942
23073,762,7180
23074,1158,10927
23075,721,8043
23076,1536,13687
23077,85,8773
23078,1480,1541
23079,1731,13903
23080,1399,11559
23081,150,8350
23082,158,17538
23083,1466,9483
23084,859,1257
23085,1415,7263
23086,343,17113
23087,424,5162
23088,1990,248
23089,1610,13829
23090,1182,15465
23091,1626,11438
23092,3,3503
23093,1114,14403
23094,862,14095
23095,707,2680
23096,334,15945
23097,1881,11221
23098,783,12957
23099,1298,6862
23100,166,5650
23101,178,17357
23102,755,12729
23103,1812,11730
23104,1486,14859
23105,1863,18659
23106,934,2253
23107,842,17305
23108,1831,8295
23109,79,10969
23110,1452,14772
23111,1201,3738
23112,587,8276
23113,1016,16919
23114,372,13718
23115,1140,7874
23116,939,19408
23117,1600,3506
23118,1690,9908
23119,1350,6479
23120,1478,15224
23121,1990,825
23122,1522,6966
23123,1024,19365
23124,1537,8161
23125,1491,15613
23126,342,11730
23127,637,6593
23128,909,4544
23129,586,12643
23130,592,17657
23131,1565,9732
23132,8,14457
23133,1128,8652
23134,37,20
23135,1151,18324
23136,1092,5809
23137,982,4716
23138,1589,11095
23139,1081,392
23140,1495,5331
23141,958,15352
23142,901,2404
23143,1484,17042
23144,1158,5818
23145,1474,11806
23146,451,11557
23147,1961,14367
23148,1444,16035
23149,466,17015
23150,1339,16560
23151,215,9457
23152,1396,11556
23153,1495,11354
23154,1015,19906
23155,696,2355
23156,1466,10141
23157,634,16300
23158,1711,5035
23159,1767,9982
23160,1963,14081
23161,1577,5857
23162,796,336
23163,1625,13041
23164,1756,9497
23165,379,7274
23166,21,9842
23167,487,439
23168,1445,14936
23169,432,15632
23170,1482,8193
23171,881,17091
23172,440,18681
23173,377,13775
23174,538,12855
23175,1941,6668
23176,1751,16914
23177,1271,16684
23178,528,1231
23179,914,7292
23180,771,17649
23181,427,5607
23182,1059,2189
23183,914,8863
23184,1656,5020
23185,1367,19684
23186,1329,14482
23187,260,3052
23188,1352,8045
23189,1077,3666
23190,90,685
23191,1867,12991
23192,614,5764
23193,35,18107
23194,1643,12836
23195,673,18698
23196,1791,6838
23197,1499,19387
23198,465,14074
23199,1411,3214
23200,1704,4864
23201,492,2038
23202,984,15610
23203,857,5335
23204,962,19916
23205,872,462
23206,162,8148
23207,1292,13436
23208,1860,8370
23209,97,3866
23210,840,13556
23211,1037,10182
23212,940,4347
23213,197,2187
23214,1466,19766
23215,1606,8026
23216,1549,10198
23217,1441,7427
23218,229,12355
23219,520,7672
23220,752,16257
23221,1490,4367
23222,1970,19133
23223,702,6457
23224,203,6146
23225,1047,727
23226,527,19281
23227,562,15876
23228,312,367
23229,727,6610
23230,1961,7190
23231,1215,5926
23232,1858,11242
23233,1426,14803
23234,1732,11521
23235,1740,1750
23236,1859,6321
23237,728,17748
23238,921,17326
23239,579,10829
23240,1232,10499
23241,286,12529
23242,75,18168
23243,1601,16112
23244,1931,6100
23245,1103,5625
23246,1827,3038
23247,720,4188
23248,1638,6069
23249,1833,19015
23250,1681,12918
23251,729,5305
23252,116,819
23253,806,7002
23254,1573,6424
23255,1387,450
23256,1870,18501
23257,865,16678
23258,359,15388
23259,1453,335
23260,35,11011
23261,1248,5609
23262,1940,2655
23263,1,1482
23264,1570,16713
23265,1325,14851
23266,1151,516
23267,1156,6301
23268,1770,17351
23269,1504,5966
23270,803,16346
23271,1907,19183
23272,445,19794
23273,1819,15089
23274,120,4067
23275,1598,7974
23276,1831,18116
23277,837,18360
23278,1791,13446
23279,1401,18533
23280,383,14802
23281,1383,5295
23282,374,7363
23283,1477,9056
23284,192,5190
23285,723,6960
23286,358,19901
23287,181,5239
23288,812,18942
23289,599,14184
23290,1279,244
23291,620,12068
23292,576,1775
23293,1221,1444
23294,1300,529
23295,1814,10679
23296,781,10971
23297,1807,14026
23298,672,5642
23299,88,118
23300,143,6170
23301,1099,15010
23302,798,14653
23303,540,11037
23304,1303,11779
23305,737,5051
23306,1371,8430
23307,1517,17644
23308,1151,17152
23309,423,10996
23310,651,19074
23311,1743,8915
23312,1632,17765
23313,1586,12167
23314,962,9660
23315,125,4719
23316,1081,3161
23317,85,15170
23318,1618,18133
23319,1341,9352
23320,22,12390
23321,1369,8968
23322,1140,5807
23323,1506,11989
23324,346,15488
23325,1581,19350
23326,1312,6838
23327,820,14642
23328,493,11512
23329,231,15812
23330,766,7162
23331,642,5735
23332,273,479
23333,746,529
23334,1342,243
23335,445,13764
23336,184,12887
23337,1365,15666
23338,893,15841
23339,885,9933
23340,1348,4211
23341,722,15063
23342,1736,7214
23343,1926,12901
23344,870,4176
23345,1259,11187
23346,1812,7583
23347,541,6401
23348,1515,13241
23349,729,8416
23350,203,5569
23351,1349,17884
23352,301,13105
23353,1902,7495
23354,1604,17501
23355,1167,6804
23356,919,18928
23357,308,7971
23358,301,8342
23359,1721,9334
23360,1916,16313
23361,101,19578
23362,1830,3297
23363,500,19431
23364,1371,7784
23365,214,19771
23366,1294,19001
23367,78,16356
23368,334,19650
23369,1394,9496
23370,117,10444
23371,1659,14727
23372,623,19169
23373,1924,4086
23374,1430,6037
23375,1835,10587
23376,1015,9996
23377,1530,19997
23378,1372,3135
23379,123,16503
23380,1012,18018
23381,1280,17600
23382,1139,14444
23383,1720,9865
23384,1345,16010
23385,1259,10515
23386,1333,19542
23387,382,12556
23388,1323,13334
23389,1132,4718
23390,581,9619
23391,1738,19632
23392,1424,9643
23393,1065,9435
23394,481,14264
23395,956,12515
23396,443,18267
23397,907,15346
23398,1900,17237
23399,622,11586
23400,1455,18114
23401,94,10513
23402,33,4440
23403,820,16960
23404,1864,2921
23405,1491,624
23406,1160,8260
23407,496,13977
23408,434,10310
23409,1629,18007
23410,431,18237
23411,84,4392
23412,1381,4633
23413,1871,11251
23414,13,11535
23415,641,14979
23416,1386,18302
23417,959,8711
23418,801,4013
23419,1995,5574
23420,926,16578
23421,1552,15439
23422,1787,16015
23423,1139,18272
23424,1377,16393
23425,1567,18463
23426,136,18945
23427,1225,17876
23428,1033,13729
23429,1188,3854
23430,1536,5771
23431,1917,9359
23432,891,9353
23433,232,9366
23434,1562,8417
23435,913,7090
23436,1584,3719
23437,1533,15512
23438,886,12254
23439,562,17473
23440,1666,15283
23441,223,1253
23442,1932,18662
23443,1469,18166
23444,221,2014
23445,412,14147
23446,1740,16331
23447,570,940
23448,652,10057
23449,1510,12223
23450,1310,1934
23451,705,3774
23452,1851,15588
23453,896,19226
23454,284,10679
23455,734,10601
23456,324,9932
23457,743,2873
23458,1066,3684
23459,1339,18713
23460,1128,14070
23461,910,10806
23462,1258,11318
23463,1926,16175
23464,1399,14787
23465,457,6514
23466,1964,14109
23467,1603,2042
23468,727,16973
23469,653,3194
23470,708,7804
23471,88,3735
23472,1889,3732
23473,664,9754
23474,785,7166
23475,1357,13499
23476,577,50
23477,1251,11514
23478,621,3435
23479,869,942
23480,450,14949
23481,276,16035
23482,1568,7039
23483,1062,17158
23484,860,181
23485,1725,12864
23486,1024,17546
23487,1118,16268
23488,415,12290
23489,1567,16122
23490,333,13518
23491,188,15473
23492,1069,6703
23493,421,8347
23494,4,12333
23495,660,13176
23496,1524,3988
23497,766,3462
23498,1891,18799
23499,635,16437
23500,928,9261
23501,177,6501
23502,738,938
23503,956,3582
23504,1249,16742
23505,131,19194
23506,1071,8542
23507,1994,14482
23508,46,15189
23509,1923,16471
23510,1653,19526
23511,1414,13045
23512,1762,12848
23513,1059,9474
23514,344,12478
23515,1661,12006
23516,1539,14259
23517,1055,17656
23518,1185,11864
23519,1770,13044
23520,220,10502
23521,1755,17796
23522,239,16226
23523,443,2868
23524,715,995
23525,1144,7601
23526,17,10585
23527,635,4408
23528,1518,7230
23529,1239,16678
23530,204,13945
23531,1365,3643
23532,829,1146
23533,897,4104
23534,1812,4880
23535,1161,12832
23536,630,17376
23537,538,5934
23538,1737,6290
23539,1094,18814
23540,1881,17341
23541,323,8647
23542,1745,5849
23543,690,13507
23544,1808,6547
23545,629,1476
23546,1881,19135
23547,1676,15160
23548,1755,14305
23549,523,1342
23550,1779,1010
23551,1920,15413
23552,47,11403
23553,815,4455
23554,84,4125
23555,1305,19188
23556,391,8293
23557,1748,4335
23558,221,9472
23559,606,11588
23560,583,2208
23561,403,12593
23562,1471,15107
23563,4,5711
23564,8,19975
23565,214,13582
23566,249,14736
23567,310,11890
23568,963,12318
23569,955,16437
23570,895,17997
23571,1470,16370
23572,1707,14545
23573,290,5362
23574,1815,9444
23575,422,7089
23576,922,4197
23577,174,3566
23578,1093,11197
23579,1821,11373
23580,1211,13979
23581,373,5527
23582,1560,8554
23583,157,11703
23584,1055,17675
23585,1264,982
23586,1842,10216
23587,674,15085
23588,275,14340
23589,525,3294
23590,149,15577
23591,759,5894
23592,831,10806
23593,1058,10503
23594,1866,14880
23595,502,11719
23596,15,13950
23597,1714,18684
23598,570,3977
23599,135,2737
23600,1932,9197
23601,754,5086
23602,428,15842
23603,1932,16475
23604,1551,15254
23605,1839,14049
23606,1839,3094
23607,1490,2646
23608,653,4723
23609,268,12260
23610,494,19830
23611,1440,15614
23612,308,8391
23613,1607,11263
23614,1641,944
23615,131,10602
23616,962,9235
23617,1222,6770
23618,162,9734
23619,1905,8010
23620,1230,4159
23621,528,19979
23622,455,19667
23623,503,9653
23624,1546,14929
23625,1544,13476
23626,356,5270
23627,58,14138
23628,254,13312
23629,1059,10572
23630,1957,4275
23631,1388,5003
23632,68,12009
23633,1907,17462
23634,1642,6743
23635,1162,18259
23636,1680,12698
23637,756,13682
23638,944,17832
23639,1181,6805
23640,1039,489
23641,1508,12473
23642,1841,5235
23643,1780,14541
23644,1760,19733
23645,105,15145
23646,36,8555
23647,797,18352
23648,1243,17676
23649,1439,12441
23650,1045,2770
23651,205,19076
23652,773,13177
23653,27,13279
23654,258,19992
23655,1576,688
23656,1433,142
23657,1229,10337
23658,1623,11345
23659,1140,8455
23660,841,13838
23661,765,9791
23662,807,11527
23663,670,8583
23664,983,14261
23665,922,6614
23666,1803,9542
23667,1796,525
23668,310,4395
23669,534,8456
23670,1277,2645
23671,322,9513
23672,216,1945
23673,140,12587
23674,127,550
23675,641,11429
23676,271,5497
23677,25,345
23678,616,7263
23679,1028,10880
23680,1259,16337
23681,282,11983
23682,1722,17203
23683,1599,9367
23684,1010,11980
23685,715,9144
23686,287,3352
23687,897,14570
23688,410,1638
23689,1814,489
23690,1677,9988
23691,1872,11242
23692,416,16069
23693,641,3502
23694,1896,12897
23695,902,5199
23696,270,6475
23697,411,12092
23698,1155,5198
23699,85,8414
23700,322,17429
23701,1477,9605
23702,1292,19444
23703,207,2351
23704,1747,17222
23705,1004,6785
23706,1420,19053
23707,1779,12132
23708,919,427
23709,578,5545
23710,185,11591
23711,698,10236
23712,961,8108
23713,1543,12525
23714,844,393
23715,320,3208
23716,472,11415
23717,83,17319
23718,1525,952
23719,1702,12101
23720,151,11077
23721,176,14557
23722,1877,16790
23723,1007,6514
23724,696,3668
23725,1901,4611
23726,1772,9344
23727,1870,18718
23728,1465,10571
23729,745,18798
23730,335,19903
23731,728,5622
23732,1435,16837
23733,29,3475
23734,753,7140
23735,1556,12458
23736,905,19405
23737,300,10876
23738,1341,7835
23739,606,5842
23740,1991,1827
23741,1824,6429
23742,1624,5004
23743,937,8649
23744,1975,3310
23745,1834,19201
23746,1058,10884
23747,1126,14714
23748,1895,6663
23749,1845,1437
23750,442,9123
23751,851,8772
23752,1074,5569
23753,1442,2119
23754,520,11460
23755,1333,6928
23756,1521,8875
23757,110,15410
23758,1605,19999
23759,946,18929
23760,868,6366
23761,924,9994
23762,659,670
23763,712,18617
23764,620,748
23765,495,786
23766,1271,12149
23767,701,3637
23768,1462,2665
23769,575,19172
23770,223,12149
23771,551,10211
23772,1068,10669
23773,808,11782
23774,1723,17786
23775,472,925
23776,1133,833
23777,278,8399
23778,270,18514
23779,1702,3850
23780,1608,9575
23781,584,10003
23782,543,5026
23783,886,13618
23784,269,11626
23785,562,2642
23786,930,11328
23787,3,16744
23788,607,4146
23789,116,15889
23790,1182,9903
23791,140,7953
23792,140,512
23793,219,10659
23794,1047,759
23795,892,12942
23796,1634,19329
23797,684,13751
23798,573,9100
23799,464,413
23800,1224,6626
23801,1034,15310
23802,1612,7645
23803,1612,2668
23804,1889,1048
23805,1747,4342
23806,346,18066
23807,80,14991
23808,38,17157
23809,1064,10856
23810,945,18338
23811,1435,19589
23812,513,7174
23813,1258,3181
23814,1495,18573
23815,856,19051
23816,569,6784
23817,680,17578
23818,1792,16278
23819,272,19807
23820,916,7596
23821,1439,16844
23822,1667,16503
23823,1339,12246
23824,1718,6086
23825,1108,7519
23826,980,12173
23827,1762,4816
23828,1256,924
23829,587,7832
23830,20,509
23831,1757,16688
23832,5,2780
23833,1373,4127
23834,1153,9274
23835,1566,13639
23836,72,5943
23837,1058,10208
23838,685,9645
23839,1010,19116
23840,909,149
23841,1561,11130
23842,1097,11763
23843,1907,2285
23844,1448,9713
23845,218,15042
23846,482,1797
23847,1736,6486
23848,1612,8285
23849,346,14695
23850,1517,4669
23851,107,19169
23852,404,19426
23853,1352,8830
23854,1521,12384
23855,1748,11549
23856,1909,10902
23857,598,12930
23858,1395,2790
23859,1570,13553
23860,907,5235
23861,188,5242
23862,1638,7632
23863,1986,2681
23864,1524,19976
23865,393,461
23866,1065,2410
23867,1150,13953
23868,697,11683
23869,1938,11817
23870,1380,10640
23871,355,14030
23872,764,18314
23873,738,1357
23874,922,2678
23875,1077,1693
23876,1717,17259
23877,167,19435
23878,1862,3063
23879,1208,11767
23880,530,3740
23881,19,2640
23882,485,969
23883,1915,12245
23884,539,13721
23885,478,14402
23886,1949,2341
23887,443,5703
23888,508,11645
23889,596,18462
23890,226,8496
23891,654,10879
23892,579,4967
23893,1556,798
23894,565,17605
23895,1369,3339
23896,529,519
23897,1349,15264
23898,907,15849
23899,1552,7145
23900,846,1404
23901,74,10537
23902,1103,7609
23903,793,19238
23904,1716,1639
23905,535,5708
23906,1414,7349
23907,1366,12555
23908,1472,999
23909,936,18113
23910,191,3216
23911,177,7516
23912,1221,22
23913,420,11412
23914,741,12370
23915,1361,5349
23916,596,8998
23917,1702,19357
23918,1629,14239
23919,1907,8229
23920,1929,11692
23921,228,10065
23922,1579,7631
23923,211,5401
23924,932,7991
23925,1514,8203
23926,1840,17955
23927,1032,8511
23928,917,5342
23929,176,15105
23930,209,10776
23931,1939,19047
23932,1482,8157
23933,1561,12999
23934,1453,1564
23935,1796,8339
23936,758,14433
23937,1109,17485
23938,1330,19355
23939,1345,8613
23940,523,12791
23941,1053,4710
23942,904,5065
23943,1490,3030
23944,25,8261
23945,1561,19990
23946,187,3919
23947,1551,18644
23948,1517,2043
23949,1238,455
23950,891,11539
23951,1055,7941
23952,684,18510
23953,1858,14083
23954,1638,16088
23955,427,18442
23956,1377,14123
23957,1342,1643
23958,1180,10591
23959,50,7210
23960,1937,4565
23961,1390,563
23962,1948,7526
23963,717,17031
23964,342,18680
23965,1813,7757
23966,518,19921
23967,1772,8991
23968,905,10669
23969,282,11125
23970,1757,10403
23971,497,3961
23972,1816,12630
23973,1646,2855
23974,4,6207
23975,1207,12151
23976,1108,14586
23977,222,6043
23978,917,4016
23979,1959,1479
23980,1362,14288
23981,1947,3216
23982,1045,17927
23983,1696,16489
23984,1825,4754
23985,602,4542
23986,775,2871
23987,1620,2520
23988,1156,8165
23989,244,14573
23990,1111,8598
23991,1395,18917
23992,1683,333
23993,209,16618
23994,1999,1707
23995,1689,6072
23996,1231,78
23997,1376,318
23998,637,19069
23999,1692,7780
24000,133,13877
24001,619,368
24002,798,8659
24003,1617,6985
24004,1599,14288
24005,1386,3906
24006,1121,18326
24007,1788,18562
24008,1641,11236
24009,752,6056
24010,895,17857
24011,1328,15721
24012,1752,10285
24013,998,16548
24014,968,11857
24015,199,16593
24016,1080,5323
24017,1864,11267
24018,685,11032
24019,610,16327
24020,912,8056
24021,1689,10603
24022,1488,783
24023,478,8906
24024,26,12202
24025,1513,19831
24026,175,19712
24027,302,585
24028,55,4250
24029,600,15708
24030,1453,1680
24031,944,16839
24032,1571,2084
24033,1848,3118
24034,1426,7772
24035,171,8623
24036,108,4446
24037,1062,7811
24038,1074,13299
24039,36,1420
24040,622,1194
24041,1419,6640
24042,992,17034
24043,1160,12527
24044,1421,10466
24045,1565,4725
24046,41,17568
24047,790,5397
24048,445,4552
24049,497,10088
24050,846,4646
24051,798,10551
24052,1711,10222
24053,62,5446
24054,61,6614
24055,1011,5819
24056,1009,1782
24057,843,11490
24058,6,3281
24059,43,11780
24060,563,10173
24061,1104,4485
24062,1985,18205
24063,1185,4449
24064,142,9660
24065,354,16002
24066,1344,9277
24067,1888,12372
24068,841,5423
24069,473,11180
24070,1761,7335
24071,379,900
24072,131,9744
24073,1622,7644
24074,305,10658
24075,1006,7606
24076,597,880
24077,1024,7246
24078,811,13036
24079,781,2144
24080,56,17906
24081,1190,5088
24082,1947,19907
24083,1038,10512
24084,568,12799
24085,476,8276
24086,967,8323
24087,311,1362
24088,1113,8518
24089,456,8602
24090,1154,12693
24091,1603,10594
24092,1976,2439
24093,1006,2328
24094,950,18993
24095,1773,19327
24096,269,5730
24097,43,7785
24098,355,9166
24099,1988,2727
24100,914,15046
24101,1394,15537
24102,339,16164
24103,1599,17357
24104,1817,11416
24105,1997,3164
24106,727,16083
24107,1979,17982
24108,241,15447
24109,326,12278
24110,1413,3276
24111,672,5868
24112,970,4152
24113,104,19199
24114,797,1743
24115,757,7336
24116,541,19776
24117,1909,9212
24118,968,6947
24119,1094,4558
24120,494,4810
24121,328,6310
24122,1534,4159
24123,175,16016
24124,1956,11466
24125,338,9448
24126,1809,9966
24127,329,2309
24128,726,19126
24129,1388,8342
24130,1344,5949
24131,855,4758
24132,1646,2777
24133,115,10039
24134,1238,18118
24135,597,13503
24136,1909,17518
24137,1978,4362
24138,1199,2264
24139,1361,12587
24140,197,2048
24141,1692,18315
24142,685,9727
24143,1742,8341
24144,1718,2289
24145,730,3241
24146,1124,935
24147,843,17381
24148,590,13712
24149,1930,17618
24150,44,7590
24151,1452,7914
24152,1417,19562
24153,887,82
24154,662,4123
24155,1542,13449
24156,631,16374
24157,1693,19081
24158,139,3563
24159,1318,12191
24160,752,225
24161,1094,12660
24162,247,5521
24163,462,7466
24164,1529,6541
24165,475,7085
24166,1964,12773
24167,54,10531
24168,819,17153
24169,1479,16631
24170,464,14517
24171,283,13692
24172,1696,18079
24173,860,2472
24174,269,1958
24175,828,12695
24176,180,3484
24177,210,5935
24178,1597,4900
24179,203,3193
24180,369,8665
24181,381,7724
24182,1387,18907
24183,623,6485
24184,986,8344
24185,424,9178
24186,903,3725
24187,1519,7563
24188,1437,8587
24189,991,17785
24190,1877,14970
24191,1005,12784
24192,1859,5846
24193,708,8396
24194,176,81
24195,647,10070
24196,173,10108
24197,457,4253
24198,537,2685
24199,902,11719
24200,1136,7196
24201,1814,7817
24202,372,13565
24203,790,18714
24204,279,10746
24205,1673,821
24206,367,217
24207,776,271
24208,122,18418
24209,475,13972
24210,292,4654
24211,681,17609
24212,345,8246
24213,1281,11160
24214,844,14553
24215,162,8499
24216,950,11698
24217,947,5426
24218,860,15364
24219,201,19596
24220,478,11444
24221,1833,19652
24222,785,11443
24223,968,14866
24224,1510,16622
24225,33,18585
24226,507,3508
24227,1243,8634
24228,1876,4147
24229,1059,19929
24230,1867,15616
24231,642,49
24232,584,4546
24233,526,12051
24234,223,13071
24235,68,17104
24236,1428,7982
24237,742,14579
24238,312,19247
24239,1497,5789
24240,1681,3308
24241,1254,19851
24242,91,19269
24243,1843,7083
24244,870,10730
24245,4,526
24246,219,3960
24247,1053,13477
24248,1363,423
24249,816,6775
24250,1318,15640
24251,1576,7022
24252,399,10469
24253,363,19056
24254,1898,1126
24255,1831,4874
24256,259,15576
24257,1528,1407
24258,789,4883
24259,1030,11537
24260,1000,19452
24261,447,9140
24262,1715,10596
24263,909,4951
24264,326,15039
24265,1240,3171
24266,825,4518
24267,839,16608
24268,1837,16294
24269,1928,7080
24270,1625,19248
24271,339,2193
24272,1426,292
24273,631,1130
24274,389,3776
24275,387,19959
24276,1685,7743
24277,1334,11975
24278,1869,10327
24279,788,7648
24280,790,17878
24281,364,11156
24282,1585,1934
24283,1771,16290
24284,1040,4014
24285,39,3225
24286,890,3509
24287,1165,7144
24288,509,4630
24289,1357,19001
24290,833,8958
24291,1121,17499
24292,1788,11089
24293,311,11758
24294,1524,2205
24295,459,12829
24296,138,2676
24297,378,5242
24298,940,15107
24299,1056,14429
24300,1608,13448
24301,1296,2017
24302,1601,17039
24303,678,7193
24304,336,8440
24305,605,19726
24306,876,9433
24307,1858,13421
24308,1397,852
24309,929,14737
24310,1701,11965
24311,1949,18776
24312,453,12263
24313,281,10352
24314,1142,8990
24315,1692,7923
24316,45,14852
24317,16,929
24318,1686,13450
24319,1228,11087
24320,59,11300
24321,1574,9995
24322,1824,10606
24323,899,9958
24324,175,3980
24325,909,7464
24326,1556,9360
24327,1885,5600
24328,1683,12890
24329,1381,15038
24330,806,4956
24331,209,592
24332,146,14690
24333,1543,1405
24334,1935,18403
24335,1891,19280
24336,1043,2964
24337,1416,7222
24338,1839,12019
24339,1175,1698
24340,1213,15523
24341,590,14017
24342,691,6568
24343,1923,18980
24344,688,15296
24345,256,9966
24346,691,6880
24347,1617,3728
24348,1457,19655
24349,1269,19815
24350,59,17673
24351,1583,18586
24352,173,15437
24353,669,18516
24354,376,12049
24355,1231,15036
24356,1101,11882
24357,1070,11797
24358,95,16095
24359,592,14826
24360,343,12663
24361,1816,8037
24362,762,632
24363,667,11934
24364,515,13261
24365,225,9230
24366,140,4010
24367,7,12195
24368,675,13041
24369,1411,9782
24370,1575,13401
24371,1327,11104
24372,129,17322
24373,1911,71
24374,1558,14830
24375,1077,493
24376,987,10626
24377,502,19335
24378,1,5748
24379,1178,2357
24380,1536,19455
24381,822,12590
24382,1422,12726
24383,418,5115
24384,422,12103
24385,1900,4007
24386,377,2443
24387,257,8385
24388,504,475
24389,530,6753
24390,163,18468
24391,69,16987
24392,102,6360
24393,663,18160
24394,596,10178
24395,436,1518
24396,180,8474
24397,873,3713
24398,1670,17983
24399,188,2179
24400,860,12383
24401,428,11871
24402,695,16233
24403,269,9978
24404,214,11280
24405,832,11385
24406,376,2596
24407,884,2676
24408,1799,17536
24409,1981,6565
24410,1911,11443
24411,944,12543
24412,1841,7084
24413,79,15247
24414,1248,2991
24415,510,4416
24416,1135,1118
24417,1858,5046
24418,1703,12321
24419,687,1460
24420,1756,3727
24421,818,16430
24422,756,7893
24423,345,18816
24424,772,7497
24425,1148,2779
24426,1075,14656
24427,1433,1193
24428,1406,18862
24429,1146,15953
24430,1363,9818
24431,12,3763
24432,104,329
24433,671,2662
24434,1029,18970
24435,1057,8419
24436,691,19597
24437,1877,13054
24438,1323,8044
24439,177,2896
24440,364,6735
24441,1406,17371
24442,1708,10967
24443,1466,10058
24444,181,5002
24445,1265,19034
24446,25,3259
24447,48,2956
24448,869,15397
24449,1190,18429
24450,1539,11101
24451,911,1514
24452,629,4928
24453,66,4126
24454,1015,17199
24455,727,6412
24456,1915,1676
24457,651,12125
24458,94,7763
24459,10,16696
24460,49,4880
24461,509,12212
24462,791,10691
24463,343,7714
24464,1604,16054
24465,1448,3344
24466,1528,19194
24467,681,15195
24468,804,13840
24469,1286,10573
24470,1112,17450
24471,540,1001
24472,1089,12413
24473,1155,12378
24474,831,10989
24475,84,7438
24476,1865,6098
24477,1151,656
24478,1300,9533
24479,1638,5521
24480,1571,19810
24481,1329,17154
24482,798,17053
24483,566,9157
24484,371,19421
24485,564,1266
24486,1352,13808
24487,715,4557
24488,918,1699
24489,250,15950
24490,1399,7411
24491,1598,6964
24492,1617,7302
24493,1838,7670
24494,182,11443
24495,1751,17874
24496,1048,16770
24497,1204,6367
24498,544,16170
24499,852,17940
24500,441,8351
24501,331,11920
24502,1945,2944
24503,830,15070
24504,1407,2981
24505,327,4164
24506,1034,18472
24507,1396,2818
24508,672,11528
24509,1925,19924
24510,1944,3770
24511,224,3196
24512,1779,5007
24513,1439,5748
24514,742,9762
24515,1650,3201
24516,1892,5845
24517,1799,14696
24518,963,18567
24519,1332,12905
24520,581,17951
24521,1958,16383
24522,1155,6145
24523,1925,3284
24524,396,13307
24525,1362,3787
24526,1797,11803
24527,700,19414
24528,1564,4607
24529,1345,17103
24530,200,5904
24531,821,13919
24532,421,16178
24533,438,2084
24534,226,6177
24535,1732,4574
24536,1739,2412
24537,1913,13284
24538,769,15733
24539,889,2836
24540,556,13083
24541,1540,2833
24542,1549,8669
24543,1865,4576
24544,1195,6397
24545,1200,10317
24546,662,17992
24547,1873,18263
24548,784,12503
24549,1209,12553
24550,757,2180
24551,396,15807
24552,26,18665
24553,967,2083
24554,1705,791
24555,1445,19744
24556,480,14507
24557,1244,15931
24558,1934,13881
24559,1626,6379
24560,705,8787
24561,1073,2776
24562,1570,1979
24563,1618,11422
24564,1142,9319
24565,1867,684
24566,1665,5126
24567,406,15946
24568,643,1475
24569,1298,12003
24570,1889,6081
24571,108,18471
24572,701,5409
24573,636,17424
24574,227,2086
24575,1234,301
24576,1132,2671
24577,433,19565
24578,1783,4357
24579,561,12014
24580,1345,734
24581,106,2676
24582,973,4218
24583,1401,14536
24584,487,2452
24585,1306,11246
24586,722,10105
24587,483,12104
24588,48,18943
24589,1550,5665
24590,1981,18758
24591,1309,1358
24592,1015,1917
24593,1350,9773
24594,61,11564
24595,1203,9908
24596,1833,17573
24597,1995,6616
24598,1349,17821
24599,711,12502
24600,193,2102
24601,1501,7093
24602,964,15488
24603,1084,7794
24604,1484,17890
24605,66,17111
24606,149,6752
24607,1946,3606
24608,1260,1839
24609,878,17889
24610,1604,7688
24611,53,11323
24612,593,11098
24613,490,15029
24614,431,4206
24615,635,11179
24616,59,10380
24617,1030,12779
24618,1810,8611
24619,1145,19862
24620,1019,17175
24621,1867,16184
24622,1444,11221
24623,843,13324
24624,1509,15860
24625,1570,10491
24626,1453,922
24627,992,18077
24628,1641,12950
24629,519,537
24630,1200,14772
24631,889,12965
24632,213,5696
24633,1316,11441
24634,1900,4644
24635,1860,6271
24636,1734,7004
24637,1002,6902
24638,1361,11181
24639,765,17683
24640,111,17753
24641,1330,13690
24642,1325,1183
24643,1505,4495
24644,1281,4083
24645,1997,19456
24646,709,19090
24647,957,17950
24648,6,3926
24649,1192,16623
24650,582,14394
24651,1432,14879
24652,1776,4562
24653,1887,16022
24654,488,17145
24655,429,9715
24656,744,3188
24657,1953,9402
24658,595,11693
24659,871,59
24660,1882,16939
24661,1062,17665
24662,1680,1598
24663,180,5059
24664,578,7928
24665,1096,8665
24666,1484,9869
24667,1038,4260
24668,250,19553
24669,1853,13005
24670,1023,19720
24671,151,15958
24672,1129,11311
24673,1111,14759
24674,1830,15183
24675,955,11634
24676,869,1721
24677,709,18571
24678,617,12058
24679,416,17367
24680,1695,10437
24681,1961,13187
24682,1082,3174
24683,1499,6707
24684,1885,12992
24685,358,15576
24686,938,2963
24687,106,17678
24688,1692,12573
24689,361,13370
24690,920,9259
24691,1168,1599
24692,1403,16419
24693,815,14704
24694,1541,5181
24695,22,2119
24696,1140,14478
24697,1542,3128
24698,1335,19001
24699,1329,15990
24700,1298,9622
24701,726,10604
24702,1255,12585
24703,135,19761
24704,887,11925
24705,964,17057
24706,965,19043
24707,1799,9624
24708,550,2780
24709,1962,6019
24710,111,2376
24711,665,18507
24712,146,8662
24713,1892,7605
24714,1187,5691
24715,1803,17203
24716,443,1066
24717,252,15249
24718,529,1818
24719,1741,6013
24720,1357,4780
24721,662,15651
24722,31,15793
24723,580,5968
24724,820,7689
24725,1056,18780
24726,1790,12193
24727,315,9221
24728,518,9776
24729,1978,18715
24730,42,3083
24731,1589,10771
24732,691,3717
24733,919,13093
24734,772,13196
24735,1712,7238
24736,1862,1291
24737,642,2704
24738,305,4980
24739,85,1293
24740,1789,4111
24741,1441,19367
24742,1979,12245
24743,1292,17849
24744,506,14192
24745,681,14300
24746,1975,7118
24747,1592,13394
24748,1037,2960
24749,328,19435
24750,239,12252
24751,1858,913
24752,1528,9120
24753,1861,10791
24754,861,9756
24755,1157,19359
24756,1191,9435
24757,1020,17209
24758,345,8787
24759,374,13168
24760,605,14609
24761,1966,5160
24762,1897,14974
24763,1420,14501
24764,1929,11440
24765,363,14446
24766,190,12858
24767,10,13733
24768,1561,4430
24769,760,12651
24770,702,2941
24771,1864,13639
24772,672,16766
24773,541,7048
24774,409,18270
24775,1838,19018
24776,1185,2174
24777,371,15963
24778,956,4411
24779,1838,13497
24780,1380,5767
24781,1800,15617
24782,1775,2085
24783,1022,4248
24784,1794,2160
24785,1326,3861
24786,894,18285
24787,1612,15172
24788,1847,17341
24789,821,8925
24790,1588,1991
24791,1674,7264
24792,304,17141
24793,86,19835
24794,212,17443
24795,889,7056
24796,292,17136
24797,576,9571
24798,1893,13886
24799,1403,1865
24800,1269,11513
24801,633,1144
24802,1110,8786
24803,1169,4097
24804,92,2913
24805,602,19269
24806,857,6516
24807,115,4350
24808,1149,19898
24809,699,18308
24810,605,18107
24811,910,6516
24812,1160,14353
24813,1689,7379
24814,301,11133
24815,1916,14621
24816,793,6509
24817,1903,5034
24818,1959,12560
24819,579,19893
24820,1751,14849
24821,724,2564
24822,1414,3623
24823,116,11006
24824,3,16208
24825,1820,17182
24826,60,15160
24827,422,19535
24828,189,8473
24829,656,17349
24830,1595,19382
24831,180,5359
24832,707,11616
24833,1035,5794
24834,29,18334
24835,392,4082
24836,1557,2982
24837,1936,5987
24838,1545,12651
24839,997,12848
24840,35,7264
24841,1010,2544
24842,1463,15713
24843,1466,15320
24844,343,7573
24845,1668,4216
24846,1667,15351
24847,878,8010
24848,1858,17383
24849,1225,15220
24850,1134,7747
24851,33,14476
24852,78,12973
24853,1634,12943
24854,920,4118
24855,573,13014
24856,1191,14008
24857,96,14926
24858,1051,7235
24859,113,11979
24860,1978,6827
24861,1699,8456
24862,54,5518
24863,1534,7440
24864,375,18027
24865,166,15062
24866,1098,4248
24867,709,12106
24868,1672,10607
24869,157,10388
24870,1757,14799
24871,1051,4631
24872,1621,5359
24873,1702,16465
24874,1482,12783
24875,937,2408
24876,539,9013
24877,1376,1023
24878,1485,7401
24879,219,5163
24880,1242,8474
24881,544,1976
24882,179,14886
24883,195,8711
24884,1128,4183
24885,114,15100
24886,1466,7687
24887,352,16836
24888,1670,1603
24889,188,8063
24890,1378,11558
24891,1314,18959
24892,1649,3188
24893,945,3070
24894,60,970
24895,890,16873
24896,1829,18557
24897,1798,4929
24898,1956,1052
24899,797,2555
24900,879,11329
24901,1382,4997
24902,872,391
24903,1422,16810
24904,936,1204
24905,1850,1141
24906,117,1929
24907,1999,675
24908,603,18977
24909,1356,15628
24910,661,8587
24911,78,19106
24912,1189,16655
24913,743,19149
24914,848,10454
24915,1236,12668
24916,1131,12683
24917,1882,747
24918,431,12701
24919,1378,19058
24920,938,15011
24921,120,6219
24922,166,11276
24923,805,7863
24924,880,5659
24925,1715,12534
24926,1444,6316
24927,1281,924
24928,745,14718
24929,985,17413
24930,392,6519
24931,1025,16567
24932,1436,12721
24933,1163,14124
24934,1867,10014
24935,520,18622
24936,851,4823
24937,591,19118
24938,1278,8656
24939,766,19898
24940,274,2664
24941,9,13492
24942,1938,461
24943,170,10624
24944,806,3223
24945,880,9725
24946,979,9743
24947,1495,15255
24948,1809,8822
24949,1602,19110
24950,1819,14538
24951,1878,6609
24952,316,8862
24953,175,6009
24954,1178,19704
24955,701,4444
24956,1805,15915
24957,1976,17343
24958,1662,11441
24959,1032,11300
24960,239,5356
24961,408,12175
24962,1250,13849
24963,813,9219
24964,1073,646
24965,413,16886
24966,1781,19218
24967,857,17415
24968,1174,9166
24969,948,10939
24970,209,978
24971,1837,8597
24972,467,10632
24973,1927,345
24974,1802,13012
24975,1910,10408
24976,1874,3420
24977,759,7949
24978,1430,9399
24979,880,5399
24980,1595,14687
24981,990,13992
24982,1689,123
24983,22,4464
24984,116,2462
24985,86,15849
24986,1078,6586
24987,136,7058
24988,638,1560
24989,591,15022
24990,712,6140
24991,933,13819
24992,862,11639
24993,1327,11108
24994,374,15092
24995,1327,18827
24996,337,16613
24997,722,10349
24998,1242,14959
24999,1706,16160
25000,1769,19217
25001,1050,19554
25002,711,18993
25003,851,4004
25004,1085,13041
25005,869,17295
25006,1834,3938
25007,920,17139
25008,1052,13536
25009,1372,3000
25010,445,14888
25011,842,12379
25012,907,17277
25013,1650,11137
25014,1084,13059
25015,288,7993
25016,1457,17665
25017,1915,4920
25018,850,16650
25019,1088,11636
25020,1784,18396
25021,506,15118
25022,432,143
25023,1830,4172
25024,607,352
25025,181,3692
25026,702,1446
25027,1857,12374
25028,1299,17900
25029,110,866
25030,415,19483
25031,464,6377
25032,1147,8388
25033,1078,79
25034,633,1389
25035,1535,1069
25036,785,2551
25037,878,18535
25038,63,13489
25039,1930,1257
25040,1293,8201
25041,1038,11959
25042,1523,15500
25043,488,14164
25044,1339,14536
25045,1519,10089
25046,634,12810
25047,989,6266
25048,1225,18370
25049,1711,1400
25050,994,7253
25051,1965,1696
25052,351,13524
25053,272,19743
25054,174,17399
25055,926,18794
25056,38,10663
25057,37,1102
25058,769,8142
25059,769,15902
25060,872,661
25061,183,16208
25062,168,12701
25063,897,4811
25064,1044,15804
25065,1611,17271
25066,1693,17052
25067,607,10413
25068,493,16908
25069,963,19741
25070,1337,19017
25071,1874,9348
25072,1299,15716
25073,1140,13023
25074,253,4452
25075,1939,10750
25076,1445,6200
25077,1779,8223
25078,1579,17991
25079,1310,3529
25080,1940,8447
25081,264,14919
25082,1397,5577
25083,595,19503
25084,1829,19703
25085,1382,4067
25086,1769,9773
25087,1034,15598
25088,1871,830
25089,131,19275
25090,916,8845
25091,375,10613
25092,1211,8110
25093,629,16651
25094,1519,9684
25095,1817,1082
25096,1167,2794
25097,1429,9995
25098,1367,7849
25099,1911,16007
25100,1543,7431
25101,297,1882
25102,968,8346
25103,128,13580
25104,1970,12876
25105,1129,19470
25106,1918,9700
25107,702,6466
25108,213,13860
25109,835,10116
25110,1871,10889
25111,1453,15879
25112,362,15681
25113,1880,5778
25114,934,3359
25115,669,16559
25116,981,8453
25117,1514,11997
25118,500,3756
25119,718,16717
25120,1352,15089
25121,1218,4379
25122,623,16930
25123,586,9542
25124,1829,1093
25125,779,14948
25126,339,8827
25127,1413,7759
25128,602,16431
25129,1400,1258
25130,1211,18125
25131,1743,9648
25132,1069,19995
25133,1736,15070
25134,103,4750
25135,986,11550
25136,662,13055
25137,1029,16506
25138,496,1657
25139,82,16540
25140,1784,14351
25141,594,1088
25142,106,8605
25143,1088,10110
25144,1568,7385
25145,897,407
25146,613,796
25147,1395,945
25148,1286,1624
25149,1963,1559
25150,787,13029
25151,250,408
25152,1110,6203
25153,1870,10494
25154,1557,16101
25155,778,17197
25156,210,8874
25157,991,19183
25158,1806,5645
25159,313,11149
25160,117,17628
25161,1555,15235
25162,1781,10497
25163,1391,5051
25164,1875,19602
25165,1599,18293
25166,559,3074
25167,696,1029
25168,56,13398
25169,1024,6995
25170,485,19600
25171,1785,10031
25172,1749,13932
25173,391,18409
25174,1413,10293
25175,195,4798
25176,1127,16630
25177,392,8606
25178,864,15568
25179,304,15699
25180,989,5896
25181,1282,17983
25182,1788,15921
25183,645,10856
25184,1238,9760
25185,1509,5162
25186,1834,4866
25187,876,6718
25188,1572,2025
25189,182,4949
25190,522,2826
25191,1162,19033
25192,864,4202
25193,372,19100
25194,1959,350
25195,1615,17781
25196,1471,2883
25197,1096,12966
25198,1880,11130
25199,1230,15247
25200,511,14145
25201,252,9712
25202,842,19264
25203,1723,18315
25204,1415,4917
25205,1021,11237
25206,87,7484
25207,1580,7569
25208,212,7678
25209,1430,9130
25210,1429,12606
25211,1445,6334
25212,6,6625
25213,1396,10861
25214,1836,12850
25215,937,11824
25216,1758,10745
25217,60,3001
25218,250,10243
25219,1622,7451
25220,677,11973
25221,483,9974
25222,1115,19539
25223,1996,3192
25224,1528,19028
25225,413,1908
25226,1139,7037
25227,415,9284
25228,1102,11743
25229,1741,16455
25230,1984,9304
25231,1041,7553
25232,74,12668
25233,1163,6668
25234,1832,2026
25235,143,9045
25236,1218,7837
25237,1274,13952
25238,1828,1838
25239,1228,19248
25240,160,19858
25241,1351,14381
25242,15,9781
25243,752,5227
25244,1267,1425
25245,265,7501
25246,706,18052
25247,685,18734
25248,21,11794
25249,1918,6103
25250,1200,10456
25251,1488,17587
25252,446,12343
25253,1683,10090
25254,522,5054
25255,264,6473
25256,1334,12181
25257,1755,6258
25258,25,13588
25259,189,2487
25260,736,5495
25261,1932,15068
25262,1021,6864
25263,1317,19848
25264,1240,3927
25265,900,6989
25266,1969,3807
25267,449,12571
25268,732,2301
25269,542,6539
25270,33,2408
25271,1572,16989
25272,1542,13217
25273,1973,13773
25274,1423,662
25275,1943,15746
25276,1045,4596
25277,1165,6172
25278,1852,14570
25279,1221,5924
25280,323,5115
25281,620,7424
25282,115,13168
25283,324,10058
25284,381,3027
25285,3,11531
25286,1717,4601
25287,905,2558
25288,279,18612
25289,1044,17845
25290,985,17799
25291,308,18581
25292,37,13226
25293,602,3355
25294,906,5291
25295,1792,2352
25296,751,2233
25297,1672,11428
25298,1327,17812
25299,978,2559
25300,155,12376
25301,680,19185
25302,593,18230
25303,696,13882
25304,1474,6817
25305,20,2662
25306,1647,19318
25307,1226,19736
25308,1542,19679
25309,1609,16925
25310,1539,12722
25311,936,1534
25312,554,15893
25313,1332,4583
25314,1571,4357
25315,1323,18930
25316,1938,17876
25317,591,11285
25318,1662,16835
25319,402,6859
25320,223,4335
25321,404,3749
25322,3,7341
25323,1258,543
25324,1877,14158
25325,159,15257
25326,930,14609
25327,1539,6646
25328,146,2086
25329,1516,8450
25330,1185,2614
25331,1638,18454
25332,1524,7407
25333,486,14206
25334,1371,15429
25335,1171,4072
25336,233,12284
25337,290,8123
25338,1936,1988
25339,1110,5491
25340,782,14521
25341,1906,15586
25342,1962,5202
25343,1041,4990
25344,1737,7462
25345,800,5708
25346,1984,14697
25347,843,5237
25348,1801,3608
25349,1416,15802
25350,861,5958
25351,1640,10249
25352,306,5650
25353,354,4541
25354,1171,12257
25355,1668,16785
25356,1892,18675
25357,530,1466
25358,997,11032
25359,1958,2055
25360,655,15270
25361,1123,9781
25362,1883,14783
25363,1715,7316
25364,502,11
25365,8,2323
25366,1510,18608
25367,1707,17176
25368,193,13041
25369,1679,9553
25370,824,10670
25371,1540,6696
25372,1018,16612
25373,963,8487
25374,443,10226
25375,1375,8390
25376,1981,16813
25377,550,14829
25378,1684,7917
25379,1038,6186
25380,1070,18584
25381,1433,11945
25382,421,14867
25383,996,1486
25384,1268,10114
25385,1599,16123
25386,379,377
25387,754,7886
25388,711,10881
25389,1844,3909
25390,1675,9532
25391,545,19663
25392,722,616
25393,1956,6907
25394,1987,5729
25395,1568,12391
25396,114,18818
25397,1857,1326
25398,1535,18187
25399,1279,8771
25400,727,7348
25401,1111,14307
25402,1985,459
25403,210,3279
25404,1244,5352
25405,345,8502
25406,703,15841
25407,1313,4002
25408,902,3120
25409,1478,15507
25410,1772,10956
25411,158,4629
25412,1708,6119
25413,1844,5981
25414,1084,4924
25415,19,5107
25416,1861,14934
25417,474,12237
25418,1518,14215
25419,209,16619
25420,1249,2645
25421,839,6128
25422,272,18059
25423,214,1580
25424,985,17615
25425,1125,3125
25426,266,9684
25427,1021,15939
25428,1114,6918
25429,1741,19727
25430,1497,8048
25431,380,19250
25432,706,4149
25433,323,6075
25434,1402,12540
25435,595,13757
25436,1347,10455
25437,1096,582
25438,1608,17624
25439,1026,10394
25440,1330,2732
25441,361,7134
25442,1362,2230
25443,207,11279
25444,1142,11369
25445,553,11656
25446,1741,17404
25447,407,5977
25448,547,17065
25449,1299,9624
25450,1872,15289
25451,197,12247
25452,1355,16506
25453,1754,201
25454,1444,9960
25455,1140,12921
25456,1528,6716
25457,356,4516
25458,217,16651
25459,224,19167
25460,79,18551
25461,716,2691
25462,594,4031
25463,820,3027
25464,1020,9757
25465,166,4409
25466,894,7449
25467,1936,17458
25468,1425,18728
25469,1961,19811
25470,1197,1983
25471,132,15158
25472,342,11019
25473,603,8476
25474,412,11388
25475,688,5094
25476,1613,19553
25477,1053,3045
25478,1721,12037
25479,1593,1575
25480,1499,4851
25481,1612,7593
25482,955,5424
25483,789,1711
25484,1463,36
25485,212,16608
25486,756,6857
25487,288,6866
25488,187,5980
25489,1450,11094
25490,1982,19328
25491,1751,4044
25492,1042,7519
25493,1887,552
25494,1222,4288
25495,1016,19553
25496,1712,6502
25497,1409,7670
25498,272,1549
25499,495,9696
25500,1091,19929
25501,964,16442
25502,1713,4079
25503,1862,16244
25504,1820,17785
25505,240,4684
25506,610,17833
25507,684,7041
25508,48,7347
25509,407,4534
25510,1967,11293
25511,660,4911
25512,344,3662
25513,1202,16248
25514,1299,2060
25515,791,14827
25516,1830,16885
25517,1057,10107
25518,1374,4779
25519,1576,17415
25520,674,13477
25521,443,7740
25522,1005,2537
25523,1468,5488
25524,1967,19560
25525,327,9961
25526,877,15812
25527,366,174
25528,423,4840
25529,601,17407
25530,1144,10638
25531,1482,8065
25532,1820,11254
25533,147,17728
25534,768,14226
25535,373,2877
25536,617,3803
25537,728,8197
25538,1104,18128
25539,1933,4628
25540,104,6766
25541,1057,8340
25542,1897,9207
25543,1323,10119
25544,1603,17193
25545,528,3758
25546,1062,7289
25547,1043,4389
25548,553,6262
25549,28,8099
25550,1730,249
25551,420,14489
25552,681,18030
25553,215,7873
25554,452,9853
25555,1292,242
25556,1209,16755
25557,299,19756
25558,429,933
25559,1286,3673
25560,1144,7532
25561,206,10009
25562,1679,17603
25563,306,14746
25564,343,18092
25565,1643,14121
25566,1727,18157
25567,803,16216
25568,726,14625
25569,156,7297
25570,1620,18328
25571,22,4570
25572,26,1760
25573,1512,13497
25574,496,18426
25575,1170,18839
25576,468,15582
25577,1007,1129
25578,1916,7381
25579,1625,1207
25580,217,10769
25581,1386,7909
25582,538,7553
25583,1228,7022
25584,897,12273
25585,988,16418
25586,1422,10910
25587,758,1041
25588,523,11624
25589,130,8278
25590,1452,2239
25591,1036,17973
25592,1674,5183
25593,1772,12407
25594,951,19400
25595,406,11931
25596,1551,360
25597,1365,13829
25598,1358,14769
25599,637,997
25600,413,893
25601,1475,19249
25602,1507,7045
25603,1142,16246
25604,1056,13950
25605,710,4623
25606,382,19469
25607,1704,14556
25608,287,796
25609,1282,15278
25610,431,12669
25611,405,11402
25612,342,17904
25613,271,9608
25614,391,4712
25615,576,5874
25616,531,2188
25617,489,1615
25618,1498,16844
25619,1983,9933
25620,980,843
25621,160,19005
25622,118,3208
25623,1584,2813
25624,668,6363
25625,880,3594
25626,1215,4544
25627,1555,9167
25628,1244,11628
25629,207,5337
25630,409,4362
25631,1886,19469
25632,335,12469
25633,1125,13375
25634,1942,8440
25635,893,9570
25636,1020,19379
25637,1840,669
25638,262,10159
25639,726,16700
25640,1924,12499
25641,1160,8709
25642,186,9183
25643,1871,7056
25644,1313,6426
25645,1263,2863
25646,318,839
25647,843,17857
25648,1953,13857
25649,1696,19856
25650,657,5759
25651,1786,13572
25652,314,3557
25653,282,4916
25654,162,63
25655,1932,7791
25656,905,15268
25657,1381,9231
25658,372,4920
25659,662,402
25660,702,8086
25661,1409,14391
25662,345,18395
25663,537,731
25664,1061,5630
25665,1671,2881
25666,968,19018
25667,86,6216
25668,786,11976
25669,109,8341
25670,1428,13922
25671,1873,1114
25672,1053,3049
25673,1236,7406
25674,54,1576
25675,1327,17537
25676,1695,231
25677,745,6313
25678,590,3839
25679,130,5848
25680,473,16904
25681,1366,7133
25682,873,18141
25683,1812,3343
25684,61,15698
25685,1284,3947
25686,484,10054
25687,1010,2277
25688,817,14524
25689,590,19149
25690,1414,10814
25691,224,17378
25692,760,10063
25693,234,4881
25694,1327,12796
25695,1327,2841
25696,37,15166
25697,447,13003
25698,112,19390
25699,1371,18039
25700,850,11432
25701,609,3155
25702,1325,295
25703,743,17791
25704,1864,7520
25705,1067,4665
25706,444,11481
25707,1468,9439
25708,1098,18140
25709,398,7697
25710,1587,1775
25711,471,18200
25712,350,19782
25713,551,9657
25714,810,17282
25715,1558,9589
25716,49,14347
25717,1910,5811
25718,1125,1119
25719,1651,4640
25720,1988,177
25721,1018,3959
25722,1055,6524
25723,403,9939
25724,499,18921
25725,1032,15105
25726,615,10237
25727,1144,14332
25728,1838,10198
25729,1985,16077
25730,766,12499
25731,113,4021
25732,663,9666
25733,584,2164
25734,1277,1446
25735,876,11922
25736,1694,1115
25737,1437,3180
25738,940,7582
25739,1187,6750
25740,424,11704
25741,419,18442
25742,311,8043
25743,484,6167
25744,764,15032
25745,295,1073
25746,1177,792
25747,331,8489
25748,340,11736
25749,931,9119
25750,1146,17246
25751,1987,18622
25752,1181,4297
25753,1157,2769
25754,1511,2798
25755,902,2403
25756,1543,6036
25757,986,15135
25758,676,14220
25759,1582,190
25760,955,1009
25761,329,9302
25762,687,14531
25763,1926,1820
25764,1352,18655
25765,817,8547
25766,203,5919
25767,826,197
25768,728,5263
25769,1998,1298
25770,78,10681
25771,441,14329
25772,906,12310
25773,276,1351
25774,1798,13780
25775,1942,15177
25776,807,223
25777,1221,5685
25778,760,5008
25779,1701,6600
25780,198,1482
25781,877,9783
25782,1673,3205
25783,1094,17225
25784,70,4776
25785,1650,10380
25786,1880,73
25787,1131,17394
25788,617,4206
25789,1253,12015
25790,1237,3495
25791,713,12888
25792,1027,9397
25793,1269,17696
25794,1645,11826
25795,1886,12376
25796,1729,11787
25797,915,16260
25798,1079,5940
25799,1098,5371
25800,1344,9247
25801,655,9666
25802,1131,18334
25803,1925,7834
25804,1621,18960
25805,1612,14893
25806,208,98
25807,1610,18599
25808,724,19431
25809,1906,2472
25810,513,4837
25811,269,15357
25812,1428,11001
25813,319,3649
25814,68,878
25815,1976,10728
25816,767,9125
25817,1011,19738
25818,1925,3644
25819,148,19681
25820,1155,8815
25821,1113,8118
25822,1550,2795
25823,630,6266
25824,1945,1851
25825,1660,12584
25826,1787,10913
25827,546,3376
25828,72,4178
25829,1919,19505
25830,478,3611
25831,1734,7646
25832,641,16057
25833,725,1164
25834,1651,16743
25835,138,19954
25836,1412,10434
25837,1643,16715
25838,728,10243
25839,240,13151
25840,922,16996
25841,625,3179
25842,303,13008
25843,1470,17968
25844,912,6003
25845,1409,12085
25846,966,8064
25847,928,2334
25848,1720,17872
25849,714,18446
25850,171,917
25851,27,17131
25852,615,13194
25853,384,15217
25854,910,4080
25855,1428,9534
25856,1340,10492
25857,1956,10928
25858,1745,10938
25859,1767,13301
25860,1591,17447
25861,123,5881
25862,1513,15895
25863,1675,17242
25864,722,13070
25865,1063,10334
25866,1170,6478
25867,878,6406
25868,772,1354
25869,1285,13971
25870,1439,8623
25871,1759,10921
25872,1847,13845
25873,140,17403
25874,1612,10236
25875,373,12260
25876,1805,1615
25877,1527,11399
25878,1134,13322
25879,1052,7622
25880,471,12783
25881,1762,16729
25882,1726,17546
25883,1429,13899
25884,805,2715
25885,1034,18936
25886,1266,15138
25887,1093,17997
25888,1870,4802
25889,1699,11452
25890,97,7334
25891,761,9480
25892,613,3174
25893,1034,17283
25894,1107,13035
25895,1727,8573
25896,325,12954
25897,660,9541
25898,1048,11094
25899,1011,5878
25900,620,14400
25901,879,19780
25902,1735,1870
25903,941,13357
25904,1989,7491
25905,1054,3032
25906,1279,5025
25907,971,1203
25908,1598,18865
25909,1824,6670
25910,1336,9357
25911,1984,2460
25912,1373,11580
25913,211,10993
25914,853,19176
25915,1680,8208
25916,1962,3513
25917,1924,6992
25918,1081,10365
25919,165,14643
25920,89,17233
25921,1908,9140
25922,963,9152
25923,1649,2598
25924,95,11874
25925,577,7068
25926,1327,11367
25927,901,10604
25928,408,15661
25929,947,11122
25930,811,12220
25931,1451,9160
25932,1473,18204
25933,1846,18482
25934,1921,9609
25935,1553,299
25936,833,13539
25937,896,1212
25938,215,5159
25939,275,7117
25940,1018,14860
25941,183,13308
25942,1192,17033
25943,1702,15733
25944,977,229
25945,485,7720
25946,20,3381
25947,1028,1399
25948,638,6447
25949,1019,4601
25950,880,13684
25951,1231,2614
25952,1549,3756
25953,1111,2851
25954,99,12720
25955,282,8859
25956,1536,17133
25957,550,19574
25958,1357,8580
25959,122,8390
25960,1160,5779
25961,3,8265
25962,421,6916
25963,1848,19447
25964,1812,3881
25965,1696,17892
25966,1305,7779
25967,1446,2184
25968,904,9113
25969,1644,7917
25970,1668,7512
25971,1575,1927
25972,1783,4702
25973,1442,14114
25974,439,11994
25975,1905,4530
25976,1738,6039
25977,1994,5614
25978,1210,14724
25979,2,13065
25980,1951,10404
25981,1063,13450
25982,1955,19598
25983,673,11061
25984,1402,15465
25985,513,1239
25986,489,8711
25987,1985,3233
25988,223,1101
25989,168,15313
25990,495,12312
25991,83,2313
25992,1477,17438
25993,1252,17880
25994,939,1584
25995,320,19914
25996,73,19601
25997,16,7713
25998,1416,14345
25999,181,12680
26000,1577,6196
26001,1166,13100
26002,391,9000
26003,814,11702
26004,1902,10473
26005,1832,5148
26006,1764,11217
26007,1100,3532
26008,442,9272
26009,69,2170
26010,1601,11224
26011,651,18496
26012,828,17668
26013,1338,9423
26014,1054,19333
26015,1920,7968
26016,1098,17870
26017,475,18589
26018,877,9301
26019,1872,5420
26020,1001,16420
26021,1905,15344
26022,755,29
26023,1928,16989
26024,155,18560
26025,123,18626
26026,1200,1347
26027,1688,16345
26028,1396,4580
26029,1379,16468
26030,168,18237
26031,1459,7426
26032,1646,8361
26033,257,16181
26034,388,11575
26035,1097,4737
26036,1753,817
26037,658,3419
26038,880,10004
26039,1834,14042
26040,1128,6980
26041,1567,16413
26042,956,10248
26043,212,6824
26044,1717,17728
26045,1543,9666
26046,335,11147
26047,310,19966
26048,1766,12671
26049,680,5868
26050,543,10092
26051,1472,12460
26052,137,3751
26053,1418,1592
26054,42,12968
26055,262,1721
26056,1249,13201
26057,1810,4710
26058,1986,11985
26059,1203,722
26060,399,9376
26061,1833,13340
26062,1206,10652
26063,888,12314
26064,1928,14389
26065,1438,19173
26066,180,5812
26067,1396,4267
26068,1839,9460
26069,467,15177
26070,1728,17977
26071,1435,5449
26072,59,2265
26073,701,11358
26074,1435,14235
26075,1188,3244
26076,1766,7891
26077,270,6099
26078,1078,4718
26079,1037,3867
26080,1422,5585
26081,284,10013
26082,1361,16973
26083,84,17440
26084,1966,7514
26085,1893,3755
26086,1658,18058
26087,1261,9232
26088,474,2647
26089,557,14342
26090,1873,10335
26091,850,15188
26092,1600,6512
26093,308,6351
26094,1600,14134
26095,452,10902
26096,1255,15493
26097,87,5040
26098,835,17202
26099,534,9396
26100,905,1023
26101,79,9859
26102,1151,19470
26103,136,5463
26104,1711,13970
26105,1157,6229
26106,994,18583
26107,339,13197
26108,512,12201
26109,1354,272
26110,1353,5425
26111,1829,4022
26112,813,299
26113,254,12335
26114,1799,1461
26115,307,11722
26116,1088,14010
26117,821,1411
26118,1949,11680
26119,308,1823
26120,593,18661
26121,1648,19845
26122,1167,5247
26123,1970,18864
26124,938,13601
26125,1359,8629
26126,1558,13279
26127,778,1551
26128,1761,284
26129,486,15704
26130,5,4137
26131,1470,11373
26132,1781,1734
26133,763,1534
26134,638,628
26135,1406,10540
26136,1961,10850
26137,8,790
26138,352,12657
26139,1921,2352
26140,1709,1276
26141,787,16118
26142,978,14045
26143,188,16471
26144,1973,18240
26145,1910,1541
26146,1552,2085
26147,796,19366
26148,1178,7616
26149,569,5363
26150,1743,4082
26151,1912,3930
26152,733,19878
26153,1908,9573
26154,1561,3
26155,1241,15388
26156,492,11790
26157,172,7036
26158,823,5123
26159,701,18227
26160,1073,18115
26161,1068,8602
26162,1055,16895
26163,1858,15181
26164,1221,6397
26165,384,4916
26166,711,16780
26167,943,4507
26168,1294,19953
26169,162,15983
26170,510,12108
26171,83,1444
26172,486,17458
26173,169,5117
26174,1524,7023
26175,1295,417
26176,1046,13254
26177,169,5852
26178,1460,1584
26179,417,6154
26180,435,12223
26181,293,10238
26182,107,3224
26183,1928,9373
26184,428,6452
26185,1342,1369
26186,19,3198
26187,996,18806
26188,1843,4895
26189,29,4269
26190,341,10690
26191,936,1166
26192,793,10422
26193,1365,10459
26194,1299,14486
26195,1666,2358
26196,1130,4689
26197,881,16619
26198,1408,19174
26199,1918,10075
26200,1772,5260
26201,1793,4515
26202,395,16244
26203,553,1085
26204,895,9986
26205,130,2855
26206,1506,6730
26207,545,8979
26208,1139,18060
26209,187,12058
26210,1767,7496
26211,114,11878
26212,807,3372
26213,983,2326
26214,15,6650
26215,1329,11116
26216,965,14489
26217,458,5360
26218,154,17103
26219,1070,8484
26220,1584,2304
26221,284,16067
26222,477,17927
26223,1465,8880
26224,155,5043
26225,296,19569
26226,1088,8573
26227,329,17327
26228,1520,1559
26229,1898,2855
26230,1345,13141
26231,650,12629
26232,1289,14535
26233,1580,2510
26234,1572,5413
26235,1040,8629
26236,938,19682
26237,1342,6108
26238,1914,15512
26239,1987,19919
26240,319,3631
26241,1780,7242
26242,1652,494
26243,735,11739
26244,1686,12659
26245,1686,16317
26246,1090,2435
26247,1891,19895
26248,746,3972
26249,1803,7143
26250,780,11886
26251,355,12824
26252,367,5178
26253,1853,2230
26254,1414,19914
26255,508,13000
26256,161,16358
26257,438,17619
26258,55,12285
26259,1189,3752
26260,1233,19496
26261,399,11862
26262,1428,15344
26263,1191,9032
26264,338,13047
26265,1052,11792
26266,1779,13836
26267,416,13655
26268,489,890
26269,535,247
26270,27,712
26271,64,1055
26272,1196,17210
26273,464,13325
26274,807,10902
26275,860,2839
26276,1928,18975
26277,1356,3284
26278,1390,11843
26279,480,12804
26280,56,16886
26281,524,9599
26282,1561,11202
26283,869,18732
26284,1065,12245
26285,965,5057
26286,1579,839
26287,1379,14101
26288,1142,2584
26289,1845,12337
26290,659,14554
26291,1228,13036
26292,1538,10043
26293,133,19205
26294,1162,2899
26295,1010,823
26296,505,15321
26297,898,3337
26298,1337,19887
26299,1885,18746
26300,1310,1495
26301,614,2228
26302,82,11509
26303,42,9702
26304,739,10948
26305,777,3892
26306,447,11420
26307,1728,194
26308,446,14069
26309,1520,15026
26310,877,562
26311,1975,11601
26312,151,3264
26313,1012,19355
26314,1367,11617
26315,1354,4538
26316,334,18328
26317,950,16778
26318,550,6664
26319,67,5515
26320,818,6573
26321,636,17695
26322,742,16100
26323,104,14449
26324,1056,10343
26325,399,531
26326,761,16414
26327,1923,7799
26328,61,18278
26329,104,13391
26330,756,14136
26331,176,1825
26332,1724,14680
26333,684,3095
26334,21,6873
26335,1147,16827
26336,1970,18463
26337,398,15558
26338,1893,5052
26339,1520,4185
26340,1145,11974
26341,1873,12186
26342,285,16807
26343,1976,9746
26344,1605,18189
26345,710,5950
26346,886,4773
26347,1442,3096
26348,387,8479
26349,1517,12784
26350,937,12979
26351,1577,18138
26352,1842,14622
26353,397,2739
26354,6,17313
26355,1141,10140
26356,1529,14049
26357,1815,19151
26358,461,4363
26359,1912,12457
26360,802,12504
26361,1548,9891
26362,1748,486
26363,1739,19518
26364,1993,16121
26365,412,5911
26366,381,2632
26367,1445,16497
26368,708,16053
26369,1210,1124
26370,1934,14885
26371,193,2781
26372,671,17258
26373,616,6240
26374,890,8234
26375,398,8451
26376,1556,7889
26377,913,18178
26378,203,11808
26379,402,5583
26380,1786,19997
26381,1691,1244
26382,421,566
26383,538,3137
26384,1488,9700
26385,621,19608
26386,1027,16031
26387,171,12698
26388,1236,2804
26389,1769,19432
26390,57,1567
26391,440,1680
26392,1479,2655
26393,208,15914
26394,1136,8600
26395,1135,14769
26396,1990,9816
26397,218,3767
26398,394,4533
26399,1565,13718
26400,1421,8392
26401,1482,13476
26402,1756,336
26403,1810,15461
26404,1721,11842
26405,1274,1112
26406,1698,6084
26407,294,13287
26408,191,17523
26409,364,11281
26410,634,15802
26411,45,10695
26412,979,11585
26413,1169,14331
26414,162,18037
26415,1630,16829
26416,1495,18550
26417,280,15633
26418,1972,1456
26419,1542,18034
26420,59,9770
26421,1178,15021
26422,274,14342
26423,200,12872
26424,847,1025
26425,772,660
26426,478,18689
26427,647,14282
26428,1869,8258
26429,414,15728
26430,192,18863
26431,1759,19368
26432,1357,17633
26433,736,7273
26434,173,15525
26435,1232,8690
26436,501,11241
26437,716,10117
26438,1798,8076
26439,759,6742
26440,158,7940
26441,318,14473
26442,211,17730
26443,906,5135
26444,128,16110
26445,345,18307
26446,1701,4529
26447,1883,6817
26448,1131,17546
26449,1387,9691
26450,1163,11392
26451,1420,1021
26452,259,12241
26453,1292,9351
26454,787,3493
26455,471,479
26456,377,14938
26457,391,807
26458,1351,7967
26459,1714,19660
26460,546,3411
26461,633,7217
26462,1122,235
26463,160,11767
26464,143,4439
26465,792,6367
26466,1808,4884
26467,777,8132
26468,472,19949
26469,1350,13537
26470,1791,90
26471,36,9015
26472,1118,3886
26473,339,16660
26474,427,2300
26475,1749,3835
26476,514,11472
26477,385,17587
26478,275,14374
26479,1724,14402
26480,1722,19009
26481,1623,3721
26482,1757,14996
26483,1855,2976
26484,136,13490
26485,181,5718
26486,1839,16915
26487,165,17455
26488,133,1584
26489,1510,407
26490,1965,15038
26491,1663,18474
26492,201,19079
26493,1641,12009
26494,1410,4169
26495,1794,19820
26496,787,18767
26497,1470,11920
26498,584,7398
26499,1984,15528
26500,494,16948
26501,310,3539
26502,1310,18068
26503,616,15858
26504,1084,1285
26505,1953,463
26506,1885,11939
26507,553,17051
26508,1636,17540
26509,134,903
26510,1031,19115
26511,1820,15501
26512,1016,11710
26513,606,2558
26514,1124,3014
26515,473,2731
26516,1350,11439
26517,1927,18985
26518,925,16315
26519,285,16900
26520,1052,8870
26521,1453,15352
26522,1615,11171
26523,945,18935
26524,433,668
26525,259,8392
26526,1090,11715
26527,1579,19921
26528,720,9245
26529,226,17532
26530,1347,9668
26531,1173,13302
26532,1382,11782
26533,1515,14656
26534,289,17244
26535,265,17194
26536,1123,18090
26537,1810,11210
26538,881,1650
26539,1387,17652
26540,1854,12758
26541,1653,3458
26542,1394,4758
26543,426,6015
26544,1730,13066
26545,1407,7896
26546,860,12358
26547,1474,15381
26548,1630,5225
26549,410,3607
26550,98,394
26551,1047,13774
26552,1680,15751
26553,448,8763
26554,296,11152
26555,109,3488
26556,448,5475
26557,1391,1616
26558,58,8637
26559,1640,17839
26560,1177,3322
26561,400,7540
26562,1582,18138
26563,1338,6452
26564,1568,7908
26565,1682,8456
26566,1689,7021
26567,943,18001
26568,1172,4626
26569,1379,13235
26570,527,7241
26571,665,3649
26572,849,6083
26573,1283,15414
26574,1175,4114
26575,1845,5513
26576,880,7715
26577,1384,7267
26578,4,4092
26579,492,6827
26580,1872,10691
26581,1627,13008
26582,1208,12580
26583,1117,15289
26584,736,170
26585,409,15835
26586,511,2879
26587,1136,229
26588,916,7052
26589,1622,10756
26590,1929,18190
26591,532,5279
26592,1522,91
26593,1564,15002
26594,269,10111
26595,1603,181
26596,1016,8101
26597,540,3852
26598,759,7065
26599,1492,7828
26600,1389,15409
26601,1846,5569
26602,1337,8504
26603,1490,3026
26604,1002,17992
26605,12,13183
26606,1555,4663
26607,943,1475
26608,929,11422
26609,94,4995
26610,1419,952
26611,881,10416
26612,236,6949
26613,950,10327
26614,836,1954
26615,311,11225
26616,792,5900
26617,675,2400
26618,154,19416
26619,1753,4465
26620,1370,6672
26621,22,7248
26622,1403,1945
26623,1941,16697
26624,1783,5794
26625,28,3687
26626,775,15502
26627,1019,576
26628,102,17440
26629,776,16145
26630,871,6930
26631,429,4744
26632,1801,9612
26633,1539,9663
26634,412,13610
26635,191,19378
26636,1399,5781
26637,220,3874
26638,385,17476
26639,359,10506
26640,1061,18799
26641,1201,17291
26642,951,570
26643,1081,18869
26644,1635,10082
26645,1955,3581
26646,763,18685
26647,180,9722
26648,106,19675
26649,402,17044
26650,1198,15132
26651,96,16239
26652,901,15603
26653,1709,2133
26654,385,8494
26655,1024,1927
26656,1710,417
26657,925,11133
26658,1467,18874
26659,150,6797
26660,1315,16019
26661,529,1602
26662,1374,12182
26663,1550,15567
26664,459,16918
26665,956,16934
26666,1398,525
26667,1584,16221
26668,1519,15214
26669,873,10254
26670,277,8947
26671,213,13841
26672,1030,12455
26673,239,12539
26674,473,10578
26675,398,12999
26676,115,881
26677,1191,6450
26678,1089,10732
26679,119,13365
26680,1314,8946
26681,987,11775
26682,663,11046
26683,1413,11069
26684,681,19364
26685,1913,17340
26686,1276,435
26687,343,1726
26688,7,17732
26689,1655,11196
26690,165,350
26691,118,12529
26692,350,12863
26693,602,18642
26694,1238,7116
26695,1785,14928
26696,1228,1635
26697,1475,2993
26698,718,14237
26699,1241,10639
26700,698,1866
26701,1116,11202
26702,797,7993
26703,269,13200
26704,266,9536
26705,1915,5046
26706,1050,2702
26707,1476,14363
26708,1583,5610
26709,86,15540
26710,134,958
26711,1632,17310
26712,1568,1536
26713,1263,19899
26714,1535,9309
26715,797,2036
26716,657,4919
26717,577,15377
26718,1602,7407
26719,506,3430
26720,1386,18105
26721,908,19037
26722,1832,1547
26723,1397,6839
26724,60,13982
26725,703,4778
26726,866,14102
26727,169,14104
26728,1683,14036
26729,1193,6411
26730,1949,17221
26731,181,4236
26732,1666,922
26733,1380,12763
26734,684,18278
26735,1019,12786
26736,1049,12669
26737,1431,1708
26738,868,2342
26739,734,8985
26740,905,2932
26741,1485,10143
26742,326,4503
26743,150,11469
26744,264,11576
26745,131,10579
26746,230,18063
26747,700,5456
26748,648,13238
26749,1854,12667
26750,1316,1207
26751,870,4872
26752,430,9822
26753,187,2856
26754,1481,4711
26755,1594,1603
26756,720,18409
26757,671,7476
26758,343,1748
26759,1926,706
26760,1864,10677
26761,421,12424
26762,143,2489
26763,1711,5734
26764,879,5585
26765,1389,156
26766,761,16371
26767,1870,11086
26768,1426,11021
26769,1640,2184
26770,1940,11626
26771,619,17708
26772,1060,85
26773,689,2253
26774,395,7583
26775,1196,8600
26776,1715,10409
26777,1291,12148
26778,889,3114
26779,1914,18513
26780,461,7435
26781,1787,7210
26782,1643,1557
26783,1016,15345
26784,881,14851
26785,211,17775
26786,312,281
26787,1689,19784
26788,784,12021
26789,464,8023
26790,1709,16426
26791,426,7390
26792,814,15124
26793,1386,18218
26794,311,7963
26795,478,9508
26796,1487,6304
26797,1254,11224
26798,1379,318
26799,1523,14776
26800,84,1532
26801,127,11859
26802,1368,1098
26803,996,136
26804,415,7993
26805,1320,10548
26806,683,8610
26807,363,595
26808,1617,15999
26809,1713,17980
26810,1112,15563
26811,551,3728
26812,218,5866
26813,982,12539
26814,209,3563
26815,1486,5727
26816,1534,4916
26817,1389,14841
26818,564,6704
26819,879,6224
26820,690,8502
26821,19,17710
26822,1287,15633
26823,670,8808
26824,1197,11377
26825,1694,16212
26826,1859,5542
26827,332,9070
26828,322,4441
26829,229,3467
26830,18,2768
26831,1106,19780
26832,74,7415
26833,1554,2479
26834,1409,17542
26835,1387,15928
26836,1706,18894
26837,8,11103
26838,1545,13359
26839,344,167
26840,1027,14006
26841,1649,14399
26842,453,8624
26843,854,18973
26844,1381,4545
26845,755,11704
26846,125,13017
26847,833,11331
26848,688,15763
26849,1176,10988
26850,985,8169
26851,290,10740
26852,418,9913
26853,495,889
26854,1483,6594
26855,687,3085
26856,746,10735
26857,512,337
26858,1792,10774
26859,520,10926
26860,1720,19857
26861,662,18112
26862,176,5195
26863,50,10260
26864,501,7065
26865,577,2301
26866,1236,13322
26867,87,12011
26868,395,19154
26869,1153,3087
26870,1244,10148
26871,1527,6016
26872,529,9537
26873,1794,1548
26874,1212,10197
26875,104,1015
26876,200,4155
26877,1188,13174
26878,1549,14195
26879,1762,12055
26880,840,8343
26881,792,5781
26882,1147,13586
26883,684,5083
26884,168,13927
26885,1940,17321
26886,1361,14620
26887,1032,12380
26888,1312,9730
26889,795,3292
26890,1302,19822
26891,1445,7317
26892,1170,19778
26893,326,12016
26894,1402,18389
26895,1948,18645
26896,55,3868
26897,492,15672
26898,1599,16183
26899,629,12460
26900,1049,11421
26901,86,19103
26902,349,970
26903,1172,14617
26904,792,11440
26905,1480,4587
26906,1657,4768
26907,597,341
26908,255,6876
26909,931,8448
26910,624,13650
26911,373,15751
26912,1145,8570
26913,555,16805
26914,1255,18549
26915,658,6845
26916,1305,10962
26917,1371,1232
26918,305,3110
26919,368,3885
26920,1496,14378
26921,442,5226
26922,64,12266
26923,1910,8403
26924,1636,1302
26925,1955,17610
26926,1488,6231
26927,1710,5033
26928,899,1526
26929,133,718
26930,619,12164
26931,528,11180
26932,1199,7738
26933,1591,1640
26934,1883,13374
26935,353,8323
26936,1865,2676
26937,1961,4654
26938,1369,8108
26939,199,6069
26940,968,2175
26941,1963,142
26942,1347,18649
26943,684,2663
26944,510,9099
26945,1181,2846
26946,585,6959
26947,778,14611
26948,1206,10397
26949,710,2779
26950,218,14743
26951,577,5430
26952,1903,5130
26953,1652,7711
26954,1367,12878
26955,1767,14159
26956,124,16792
26957,1635,5029
26958,1543,11223
26959,25,3899
26960,810,5177
26961,1816,3385
26962,874,473
26963,215,7070
26964,977,4348
26965,41,891
26966,1000,17304
26967,1525,8468
26968,451,16691
26969,216,17366
26970,1477,18938
26971,13,12502
26972,1467,13247
26973,1965,848
26974,1461,2112
26975,1543,8077
26976,138,13378
26977,601,5436
26978,443,12379
26979,805,5051
26980,1898,9711
26981,1451,10305
26982,164,18056
26983,1130,9210
26984,778,2363
26985,1324,8101
26986,980,911
26987,453,2933
26988,1299,1850
26989,349,4493
26990,250,18475
26991,493,7735
26992,164,10911
26993,1756,10176
26994,257,16269
26995,1804,5967
26996,139,12782
26997,1492,19365
26998,1777,12106
26999,272,6923
27000,589,1334
27001,1613,24
27002,353,16055
27003,516,1071
27004,1603,7596
27005,1447,3151
27006,253,19351
27007,368,12167
27008,1997,10308
27009,397,4433
27010,1375,6644
27011,37,5378
27012,841,11520
27013,1348,10422
27014,937,4596
27015,479,3705
27016,623,13838
27017,1658,16625
27018,1830,620
27019,629,2866
27020,976,17328
27021,599,11436
27022,1301,4502
27023,703,7554
27024,1802,5277
27025,486,1230
27026,1603,3586
27027,1242,14981
27028,529,15663
27029,975,10207
27030,252,4539
27031,303,1246
27032,1119,1218
27033,638,11380
27034,33,11900
27035,445,1982
27036,1936,4709
27037,232,772
27038,1907,15818
27039,1566,4750
27040,1568,7897
27041,59,6500
27042,228,10734
27043,1074,9674
27044,1156,9899
27045,369,1987
27046,1422,14954
27047,621,13388
27048,1051,10466
27049,734,12861
27050,1383,7436
27051,1703,10977
27052,89,12240
27053,1116,2122
27054,1284,9657
27055,514,15150
27056,1203,5901
27057,1981,8990
27058,914,7317
27059,1145,12892
27060,155,5355
27061,297,19885
27062,1307,13829
27063,997,8281
27064,1609,2601
27065,19,16110
27066,1149,19551
27067,103,3803
27068,682,15360
27069,78,15241
27070,1605,17863
27071,1316,19611
27072,1315,18881
27073,1014,3111
27074,82,10395
27075,1945,287
27076,148,1651
27077,1013,1500
27078,454,2813
27079,1294,332
27080,316,19688
27081,1825,16829
27082,225,19017
27083,915,9844
27084,480,6723
27085,1020,19044
27086,1960,9901
27087,87,13735
27088,48,2428
27089,206,6045
27090,1723,17801
27091,1964,10387
27092,28,3013
27093,885,14729
27094,948,13587
27095,1596,8687
27096,816,9584
27097,1436,2934
27098,1751,331
27099,774,1382
27100,1662,14493
27101,1078,4757
27102,1086,18209
27103,514,18929
27104,472,1508
27105,701,2432
27106,1985,19383
27107,1856,6812
27108,1639,14636
27109,398,2114
27110,336,2693
27111,1971,16506
27112,349,6055
27113,911,10641
27114,1432,11330
27115,1418,12822
27116,338,5965
27117,201,8293
27118,984,12780
27119,1179,19813
27120,890,15470
27121,337,124
27122,1585,18748
27123,548,19080
27124,1834,1028
27125,55,3047
27126,602,893
27127,1959,14904
27128,147,16696
27129,553,18551
27130,302,10522
27131,1697,311
27132,366,62
27133,20,5270
27134,1836,8518
27135,1392,10513
27136,1843,10807
27137,601,12132
27138,870,12018
27139,1785,6733
27140,912,16456
27141,1799,18186
27142,328,11864
27143,1658,12865
27144,1663,14076
27145,2000,14462
27146,1466,10914
27147,619,18850
27148,1345,15093
27149,376,19268
27150,1229,13899
27151,1970,914
27152,830,1512
27153,1536,1686
27154,1695,1301
27155,373,8267
27156,538,7430
27157,1813,888
27158,1301,4035
27159,1295,1412
27160,1139,15508
27161,1253,15788
27162,27,10407
27163,1233,10586
27164,1529,19690
27165,767,15719
27166,1001,3031
27167,139,9204
27168,960,8473
27169,1715,11770
27170,400,17106
27171,266,15177
27172,1701,5956
27173,1429,19774
27174,773,3677
27175,367,15260
27176,183,7335
27177,38,204
27178,203,2137
27179,1732,3319
27180,602,16456
27181,854,13110
27182,1061,6894
27183,996,2746
27184,1583,12143
27185,1128,7738
27186,1267,4261
27187,1236,2573
27188,632,3508
27189,1093,10817
27190,1301,8954
27191,529,1074
27192,1843,7584
27193,146,1255
27194,719,15307
27195,386,19131
27196,1249,10104
27197,1074,12394
27198,160,2503
27199,1951,696
27200,386,4609
27201,524,15405
27202,1319,9593
27203,657,11021
27204,112,17673
27205,1018,484
27206,1865,15704
27207,1638,4669
27208,1325,2623
27209,699,10382
27210,1806,1750
27211,1882,16083
27212,735,8542
27213,812,11002
27214,611,18465
27215,1766,1464
27216,1475,10505
27217,1988,9947
27218,671,703
27219,613,15389
27220,689,3306
27221,601,8779
27222,1450,12548
27223,1056,18398
27224,339,16750
27225,1051,11124
27226,1603,13384
27227,1676,7493
27228,283,19827
27229,289,13536
27230,1962,15739
27231,744,8317
27232,695,10186
27233,277,12100
27234,1686,13167
27235,124,2666
27236,738,15368
27237,733,17029
27238,1872,12302
27239,311,10086
27240,1336,13340
27241,671,14470
27242,948,17441
27243,1487,10744
27244,1939,15967
27245,1755,4775
27246,781,5962
27247,196,4568
27248,73,1538
27249,283,5504
27250,1510,11815
27251,912,14861
27252,862,3037
27253,1084,7144
27254,1214,4003
27255,1280,18503
27256,548,2866
27257,819,1007
27258,1557,16881
27259,1006,14906
27260,1087,14833
27261,229,3349
27262,1937,2610
27263,1801,7127
27264,1531,12412
27265,1302,16635
27266,1046,10662
27267,341,19416
27268,244,5148
27269,1216,12195
27270,315,798
27271,346,4957
27272,499,19536
27273,1810,8520
27274,627,10098
27275,1201,14718
27276,958,1844
27277,174,15327
27278,677,2791
27279,258,12055
27280,1937,6069
27281,1310,17972
27282,1587,15129
27283,945,7938
27284,1357,1084
27285,1466,6898
27286,1579,366
27287,1843,16740
27288,1815,9231
27289,542,17023
27290,1089,7109
27291,532,6201
27292,1165,19598
27293,802,15800
27294,1750,1881
27295,1750,2047
27296,1904,19361
27297,1026,7108
27298,547,6591
27299,1747,10143
27300,559,19864
27301,1237,18334
27302,1445,17599
27303,291,2677
27304,644,2123
27305,1624,13981
27306,1286,19255
27307,668,1876
27308,721,7030
27309,185,10582
27310,1811,9009
27311,1299,15415
27312,569,16795
27313,1098,18282
27314,1378,6427
27315,810,19773
27316,1387,5908
27317,1612,16332
27318,1324,169
27319,756,18907
27320,904,2019
27321,775,14427
27322,626,3702
27323,391,12459
27324,1573,16912
27325,1307,11277
27326,169,16619
27327,421,108
27328,1978,18330
27329,1614,11872
27330,1217,4800
27331,193,13182
27332,1541,4428
27333,841,16318
27334,1976,18462
27335,495,12993
27336,1527,19253
27337,1841,3616
27338,352,10745
27339,1231,1037
27340,1407,6661
27341,1442,17816
27342,1262,13581
27343,1569,19703
27344,1255,5922
27345,357,4944
27346,761,1294
27347,577,8630
27348,1337,19055
27349,691,10544
27350,1974,11528
27351,1977,11986
27352,1911,12699
27353,143,19676
27354,483,4549
27355,310,19904
27356,518,10986
27357,809,12497
27358,839,4541
27359,1781,16357
27360,1693,4266
27361,904,12104
27362,639,9649
27363,1273,17078
27364,44,17720
27365,1806,7271
27366,309,19969
27367,556,12128
27368,965,6008
27369,1045,3905
27370,48,19822
27371,379,5328
27372,1316,7723
27373,805,10121
27374,489,15061
27375,813,11064
27376,1146,8878
27377,1361,16175
27378,722,13295
27379,810,11083
27380,1707,1392
27381,1804,9383
27382,1374,8102
27383,475,17911
27384,1580,19346
27385,418,7612
27386,402,1346
27387,470,1670
27388,815,8598
27389,952,4336
27390,1517,1081
27391,318,16764
27392,760,14934
27393,1389,14022
27394,1018,15151
27395,1403,8873
27396,1327,9877
27397,1748,13310
27398,513,5917
27399,271,5082
27400,477,17176
27401,1389,5219
27402,261,3966
27403,582,10810
27404,1873,18084
27405,1752,14321
27406,1504,9381
27407,844,13117
27408,1159,5613
27409,1293,11599
27410,609,567
27411,1903,829
27412,1039,17037
27413,1373,7247
27414,1199,17548
27415,1322,12944
27416,1396,17144
27417,935,7043
27418,1052,5459
27419,1050,2036
27420,1216,4878
27421,1120,10793
27422,677,11417
27423,536,2853
27424,1995,12530
27425,763,5700
27426,402,720
27427,1559,14726
27428,1114,19686
27429,501,9488
27430,1360,18906
27431,1351,4270
27432,1162,14122
27433,390,16703
27434,1583,3786
27435,1285,5278
27436,1824,17534
27437,1488,11544
27438,1418,2431
27439,1721,17654
27440,1979,8626
27441,343,12093
27442,1452,10372
27443,190,5433
27444,833,18846
27445,339,5872
27446,1538,4507
27447,376,3290
27448,1597,5969
27449,293,11134
27450,1517,3970
27451,1356,12085
27452,1564,14572
27453,99,14316
27454,51,19492
27455,312,15848
27456,1885,19477
27457,36,13428
27458,1038,15252
27459,1895,15278
27460,955,8019
27461,365,6489
27462,1469,17437
27463,182,8991
27464,589,2900
27465,1448,2415
27466,1546,15906
27467,1926,4981
27468,1428,6598
27469,1127,18932
27470,974,4080
27471,1304,6588
27472,1707,7972
27473,478,18822
27474,885,3011
27475,1863,14583
27476,99,15630
27477,313,19313
27478,842,10179
27479,929,11884
27480,1108,19883
27481,1930,13374
27482,1224,16084
27483,1366,7942
27484,264,12104
27485,1872,11663
27486,1638,9301
27487,1747,2002
27488,1416,2606
27489,1265,15115
27490,1170,3753
27491,872,11445
27492,628,11540
27493,1131,9223
27494,167,5953
27495,534,13115
27496,1024,18221
27497,1993,1276
27498,1691,12018
27499,760,3261
27500,1491,9953
27501,1602,8842
27502,459,18342
27503,370,14032
27504,491,4021
27505,1660,5830
27506,1059,14056
27507,1097,15164
27508,820,5940
27509,1336,13118
27510,1803,8690
27511,1730,4073
27512,607,3720
27513,778,6778
27514,553,5919
27515,39,9480
27516,114,12670
27517,1955,5353
27518,1489,2884
27519,190,16999
27520,766,18750
27521,1042,9684
27522,1089,19497
27523,599,2255
27524,648,19441
27525,1574,16590
27526,341,8332
27527,80,7198
27528,260,5643
27529,1200,1578
27530,965,15307
27531,160,1157
27532,1695,18122
27533,535,7263
27534,54,11552
27535,476,12120
27536,1142,7335
27537,1900,14592
27538,1442,12593
27539,150,16045
27540,295,14247
27541,740,19317
27542,1229,11481
27543,1432,11156
27544,903,17254
27545,1090,18212
27546,1323,13062
27547,1744,1868
27548,1120,7084
27549,1279,15131
27550,736,2730
27551,1978,8522
27552,219,19954
27553,230,9695
27554,847,11285
27555,1019,11688
27556,65,1492
27557,1870,2060
27558,1640,6424
27559,1445,14807
27560,476,12418
27561,1239,10964
27562,692,16139
27563,650,1678
27564,563,12336
27565,947,3025
27566,522,6410
27567,487,6123
27568,496,7382
27569,965,16367
27570,478,2186
27571,1566,8088
27572,1466,2174
27573,1916,6780
27574,932,3855
27575,357,1841
27576,609,14053
27577,1908,3548
27578,1607,3668
27579,727,17285
27580,1707,3123
27581,795,5983
27582,1854,15543
27583,1446,9644
27584,478,15348
27585,1766,18797
27586,1878,16085
27587,539,17264
27588,1278,4259
27589,577,4846
27590,157,17364
27591,943,1527
27592,538,3101
27593,715,6959
27594,1838,2007
27595,664,14498
27596,1417,49
27597,1965,5079
27598,295,4872
27599,118,14717
27600,122,2729
27601,1190,16895
27602,1679,12683
27603,1601,6447
27604,661,7527
27605,1908,11136
27606,277,18674
27607,292,16332
27608,1747,6661
27609,186,10649
27610,1279,4203
27611,1147,12059
27612,1047,8919
27613,1144,14621
27614,666,7840
27615,359,9299
27616,1031,18161
27617,1314,14468
27618,979,5817
27619,1897,4407
27620,1264,10167
27621,1658,2437
27622,51,17359
27623,781,200
27624,497,14319
27625,621,1368
27626,629,14809
27627,1236,11926
27628,207,532
27629,1589,2011
27630,1863,3944
27631,1604,14931
27632,1771,14807
27633,1473,6023
27634,1867,17393
27635,1611,16652
27636,1108,19005
27637,1218,14698
27638,850,11054
27639,173,7918
27640,15,15594
27641,333,16993
27642,351,4138
27643,650,14414
27644,342,2245
27645,394,10382
27646,265,10004
27647,401,12494
27648,1357,17302
27649,571,12884
27650,404,4660
27651,608,5809
27652,699,9082
27653,966,16001
27654,1725,218
27655,1163,19224
27656,317,19577
27657,814,16217
27658,397,10749
27659,983,16230
27660,211,12155
27661,355,2529
27662,907,19256
27663,1368,12439
27664,1722,8069
27665,205,19797
27666,343,12814
27667,1862,15092
27668,386,4720
27669,1771,11847
27670,1768,2909
27671,1016,1088
27672,933,10331
27673,964,18439
27674,1422,18348
27675,452,16858
27676,1111,17643
27677,1925,3911
27678,457,19009
27679,1613,1903
27680,1344,17231
27681,1963,2766
27682,1204,2611
27683,770,7451
27684,362,16752
27685,752,10080
27686,1209,13972
27687,1921,12830
27688,1549,15975
27689,776,14872
27690,306,14811
27691,752,5587
27692,586,5995
27693,1407,10499
27694,1739,14441
27695,833,14118
27696,987,18488
27697,1575,10452
27698,1461,11011
27699,699,11512
27700,1669,4111
27701,533,17179
27702,237,339
27703,1273,5783
27704,191,14807
27705,417,19917
27706,1801,7261
27707,719,18709
27708,959,18666
27709,1546,13418
27710,1223,16295
27711,586,3033
27712,325,13443
27713,1810,2819
27714,1436,7763
27715,1887,3158
27716,1821,12068
27717,868,993
27718,1248,7558
27719,469,1655
27720,450,13020
27721,327,1273
27722,664,996
27723,355,17688
27724,696,11750
27725,723,16335
27726,1714,18334
27727,207,17573
27728,1699,143
27729,38,19745
27730,561,12124
27731,1502,971
27732,19,7126
27733,878,12175
27734,574,17967
27735,2,2735
27736,1504,19576
27737,122,17253
27738,444,7295
27739,742,2620
27740,234,14219
27741,886,17307
27742,50,7907
27743,1186,13111
27744,1157,4176
27745,1387,2716
27746,1850,14184
27747,698,12611
27748,1840,10810
27749,1078,2896
27750,1287,7537
27751,430,5231
27752,198,7564
27753,932,952
27754,832,2954
27755,1757,16735
27756,1810,1016
27757,1640,5004
27758,470,8164
27759,1536,3683
27760,205,1058
27761,1700,17574
27762,654,14129
27763,1647,545
27764,1669,9677
27765,819,13904
27766,1416,8131
27767,1920,14986
27768,1199,6565
27769,1871,18600
27770,1672,16790
27771,1972,3050
27772,1504,17620
27773,1736,6103
27774,734,12815
27775,1380,8943
27776,291,18710
27777,1360,9620
27778,903,18662
27779,698,9837
27780,1923,10006
27781,469,13068
27782,1106,16763
27783,865,2749
27784,931,2854
27785,1914,10774
27786,1278,2946
27787,302,3666
27788,77,12352
27789,346,13249
27790,605,5539
27791,32,16591
27792,1738,7351
27793,1084,6409
27794,535,5485
27795,1499,6672
27796,965,15197
27797,151,13494
27798,1611,1004
27799,541,8710
27800,863,13284
27801,1902,15782
27802,1512,17937
27803,804,1554
27804,1454,4390
27805,1745,15107
27806,693,3908
27807,1923,10095
27808,289,18552
27809,27,6805
27810,163,7961
27811,1042,6741
27812,976,15328
27813,698,16432
27814,88,18650
27815,1593,12821
27816,1008,19905
27817,1683,2712
27818,644,919
27819,589,17212
27820,1076,6643
27821,448,3476
27822,535,6102
27823,728,13263
27824,241,15926
27825,261,18876
27826,688,13569
27827,344,13465
27828,186,8212
27829,933,646
27830,1912,2809
27831,1466,18949
27832,525,8010
27833,1308,4965
27834,1120,17410
27835,181,7981
27836,1156,8774
27837,882,16569
27838,491,17356
27839,1280,14855
27840,1800,19525
27841,1107,12770
27842,1236,12622
27843,663,7712
27844,1621,10574
27845,1966,16199
27846,44,15543
27847,1162,8038
27848,416,14371
27849,1473,17564
27850,192,14936
27851,1772,3078
27852,1927,7657
27853,946,19856
27854,631,8610
27855,1279,17317
27856,552,9805
27857,26,13034
27858,605,965
27859,1725,17414
27860,1178,6898
27861,1041,7077
27862,1116,11699
27863,1231,19432
27864,584,2824
27865,1905,15502
27866,865,1268
27867,744,4282
27868,1821,13560
27869,423,17334
27870,626,5466
27871,1096,1879
27872,1099,1274
27873,1093,18618
27874,1296,12053
27875,1293,15394
27876,1921,3438
27877,1285,15521
27878,1195,15362
27879,1098,17302
27880,1675,19895
27881,1744,10513
27882,1749,8037
27883,178,11014
27884,879,15845
27885,170,12533
27886,450,12007
27887,1373,11523
27888,98,12213
27889,1418,11537
27890,1783,10419
27891,245,3174
27892,524,4018
27893,1339,6426
27894,684,4317
27895,104,8027
27896,1147,12353
27897,2000,2207
27898,1651,17404
27899,1934,15703
27900,235,12663
27901,370,19607
27902,1281,8945
27903,502,7806
27904,803,6168
27905,1889,1436
27906,561,14949
27907,1274,15707
27908,1068,9438
27909,1949,12725
27910,1903,5111
27911,1582,16190
27912,1060,10499
27913,1230,14915
27914,1,7229
27915,1119,9052
27916,1704,11985
27917,1561,11148
27918,1775,7592
27919,115,1466
27920,658,4907
27921,1428,13809
27922,1059,7550
27923,1727,3914
27924,1451,3018
27925,1459,5993
27926,1430,1161
27927,773,4933
27928,1105,995
27929,262,15669
27930,1786,17981
27931,1570,17819
27932,1865,3669
27933,970,14320
27934,173,3719
27935,1736,15631
27936,81,1227
27937,1420,17127
27938,1227,14150
27939,849,4713
27940,1991,7626
27941,992,6530
27942,595,8666
27943,282,940
27944,761,19834
27945,1187,12037
27946,1581,8386
27947,414,12928
27948,1025,5358
27949,1356,11596
27950,627,12718
27951,1555,6063
27952,506,3379
27953,251,3457
27954,777,1509
27955,545,3876
27956,481,3891
27957,352,4201
27958,908,11319
27959,680,19138
27960,139,12
27961,244,1734
27962,1032,10050
27963,542,9941
27964,1425,7010
27965,970,959
27966,41,17098
27967,1308,10
27968,1951,11575
27969,1470,3442
27970,1255,17878
27971,1214,16404
27972,1587,6415
27973,1584,12601
27974,1170,19965
27975,1569,15484
27976,852,17795
27977,220,17899
27978,211,12655
27979,1581,16179
27980,1708,3917
27981,999,14700
27982,594,4362
27983,960,12410
27984,1743,15108
27985,195,7295
27986,273,5240
27987,1428,12931
27988,413,8450
27989,1929,1706
27990,628,1356
27991,1717,13269
27992,384,10614
27993,897,12969
27994,1836,8507
27995,1366,13043
27996,1651,10708
27997,1309,5627
27998,1487,16300
27999,1218,6762
28000,170,1024
28001,1797,14638
28002,489,2063
28003,638,14125
28004,1154,13681
28005,1805,4074
28006,1266,17811
28007,1624,141
28008,1539,6303
28009,581,19072
28010,1083,18236
28011,478,5333
28012,911,14331
28013,343,3983
28014,1953,6163
28015,74,19437
28016,105,6731
28017,1609,18402
28018,1350,4134
28019,656,9183
28020,407,19800
28021,601,19570
28022,1940,6095
28023,763,5243
28024,1701,19565
28025,1003,19489
28026,801,17444
28027,123,11801
28028,1325,10307
28029,1786,13935
28030,597,18173
28031,1830,9991
28032,410,9780
28033,266,5832
28034,35,8627
28035,888,18056
28036,1636,11702
28037,1089,9570
28038,930,19031
28039,979,15356
28040,1890,14990
28041,1696,16150
28042,1400,16353
28043,1450,13512
28044,1415,17260
28045,992,18588
28046,1115,8332
28047,1773,13926
28048,1811,9321
28049,1295,17466
28050,1239,15636
28051,1517,6808
28052,636,11666
28053,470,17885
28054,1506,11242
28055,469,8450
28056,1166,3329
28057,599,13589
28058,332,17092
28059,1083,4890
28060,1000,13432
28061,21,16184
28062,1769,16085
28063,1780,16680
28064,1680,19283
28065,589,8606
28066,395,18902
28067,838,8866
28068,526,16021
28069,1603,5428
28070,1630,3012
28071,1239,10671
28072,192,16373
28073,1524,805
28074,1559,12256
28075,228,8872
28076,1745,13852
28077,1466,10314
28078,920,6072
28079,679,1927
28080,634,1782
28081,554,12754
28082,1020,16845
28083,1066,3845
28084,1603,4678
28085,314,13061
28086,1106,10349
28087,1507,4438
28088,1971,676
28089,893,11701
28090,83,5676
28091,1352,7901
28092,214,3617
28093,1037,8322
28094,1358,13781
28095,95,10247
28096,685,13546
28097,795,16887
28098,764,14390
28099,998,18296
28100,1867,8175
28101,1264,8607
28102,455,12372
28103,676,3567
28104,924,18977
28105,1021,223
28106,1504,11735
28107,1553,4549
28108,1456,9185
28109,1340,17684
28110,1211,13338
28111,1997,11619
28112,1247,15832
28113,1294,7478
28114,79,998
28115,605,13354
28116,1849,5604
28117,1200,19674
28118,16,13310
28119,1190,17540
28120,503,104
28121,899,3349
28122,1999,5933
28123,548,14128
28124,1997,13819
28125,903,6104
28126,1196,6094
28127,1151,8031
28128,913,9245
28129,989,11406
28130,55,16547
28131,1296,14105
28132,1547,6225
28133,214,8993
28134,723,224
28135,1348,3231
28136,175,1538
28137,1174,13265
28138,838,11660
28139,889,10210
28140,1480,17140
28141,580,11827
28142,51,12474
28143,730,14921
28144,1620,10076
28145,329,13407
28146,561,14040
28147,130,2176
28148,573,16452
28149,1423,8175
28150,408,14159
28151,1440,18881
28152,1817,6276
28153,136,19757
28154,1892,19449
28155,1828,19194
28156,423,5790
28157,542,8530
28158,1280,10035
28159,1717,19300
28160,527,12783
28161,1879,17444
28162,173,10385
28163,404,10753
28164,1001,5632
28165,1140,3248
28166,700,1079
28167,1570,19819
28168,1449,7284
28169,1682,3936
28170,782,19483
28171,285,3851
28172,1902,4046
28173,1380,17915
28174,201,15398
28175,601,6871
28176,1936,12463
28177,1536,2915
28178,33,12913
28179,910,6758
28180,1160,18985
28181,424,654
28182,1012,827
28183,60,13832
28184,142,14395
28185,947,19497
28186,3,8351
28187,617,2847
28188,30,4102
28189,1373,18344
28190,543,4930
28191,298,13976
28192,588,3222
28193,153,12562
28194,785,18684
28195,559,14503
28196,1097,645
28197,1563,1111
28198,49,4706
28199,1225,17433
28200,1756,17466
28201,1899,11307
28202,653,12899
28203,256,7755
28204,286,6303
28205,104,4822
28206,1850,55
28207,98,4848
28208,300,14448
28209,1184,9646
28210,1282,8638
28211,90,9782
28212,1093,14144
28213,1148,18578
28214,756,5504
28215,326,17990
28216,1538,9137
28217,160,44
28218,475,18446
28219,1744,16741
28220,133,13163
28221,1155,12758
28222,1658,7780
28223,31,17926
28224,88,11857
28225,1853,408
28226,1290,14449
28227,403,11939
28228,1604,3420
28229,1668,10061
28230,1770,5197
28231,1687,7097
28232,1622,10660
28233,1405,11354
28234,173,2917
28235,1502,1297
28236,1718,18088
28237,1550,12934
28238,1572,5287
28239,726,17013
28240,1463,11751
28241,913,13468
28242,1309,19960
28243,469,3639
28244,932,13595
28245,1118,18975
28246,1648,10753
28247,1036,4232
28248,452,6718
28249,880,7642
28250,687,1606
28251,854,16508
28252,910,2231
28253,1440,6396
28254,616,18169
28255,1816,3379
28256,1337,1107
28257,880,12532
28258,1246,12191
28259,1040,6757
28260,999,19844
28261,1953,15770
28262,1198,16112
28263,1781,19194
28264,575,2364
28265,1535,17602
28266,899,11976
28267,1257,6431
28268,1879,14436
28269,1823,9394
28270,818,17590
28271,972,19429
28272,577,2891
28273,340,8151
28274,592,18018
28275,1763,8417
28276,896,7004
28277,667,13878
28278,1879,212
28279,1946,2982
28280,1489,19079
28281,1414,7951
28282,1428,10543
28283,1554,2887
28284,1756,5771
28285,995,6034
28286,1393,10800
28287,1708,8867
28288,1971,12568
28289,1098,12033
28290,1308,2209
28291,1230,18720
28292,496,17744
28293,1761,571
28294,817,13273
28295,1173,12782
28296,1237,641
28297,515,19726
28298,1095,4660
28299,1931,19311
28300,1156,12310
28301,426,18225
28302,1404,9804
28303,735,14104
28304,204,5086
28305,838,8185
28306,39,13801
28307,1278,16651
28308,1155,7506
28309,1065,16716
28310,1653,1144
28311,342,1874
28312,1083,9894
28313,341,13411
28314,623,13562
28315,729,11322
28316,1525,8240
28317,1847,16568
28318,1583,7067
28319,813,13202
28320,1938,1361
28321,1974,3529
28322,1310,19029
28323,899,13289
28324,1050,17133
28325,846,4804
28326,754,752
28327,291,18876
28328,730,7778
28329,1830,2145
28330,681,4423
28331,1227,2059
28332,304,3867
28333,810,848
28334,1305,6601
28335,615,16142
28336,1175,15458
28337,74,7356
28338,348,4039
28339,741,18277
28340,867,16726
28341,355,16262
28342,16,8321
28343,73,17906
28344,691,18373
28345,89,17236
28346,721,6961
28347,448,8578
28348,1732,14513
28349,939,16533
28350,1111,16753
28351,1081,2425
28352,1013,4524
28353,1358,10102
28354,183,16444
28355,1274,1518
28356,1266,6988
28357,278,10804
28358,921,9643
28359,154,646
28360,1672,19616
28361,1331,639
28362,96,14469
28363,707,11574
28364,1934,18978
28365,1831,807
28366,102,9303
28367,1815,18908
28368,720,9670
28369,1776,10046
28370,869,5331
28371,649,15345
28372,478,4458
28373,1368,14782
28374,1979,17189
28375,229,11637
28376,1813,1221
28377,155,4575
28378,1594,6771
28379,1261,14289
28380,394,5840
28381,1371,15588
28382,1702,797
28383,976,16592
28384,1004,15565
28385,923,17872
28386,1398,17179
28387,583,8924
28388,1770,13392
28389,1526,6129
28390,1050,3604
28391,927,7914
28392,1425,4795
28393,1575,5486
28394,1216,6621
28395,285,14442
28396,109,18014
28397,1388,18391
28398,860,13976
28399,115,10215
28400,1007,1464
28401,66,14862
28402,675,18590
28403,96,12028
28404,653,3398
28405,1666,9061
28406,1083,6990
28407,1678,18889
28408,906,5823
28409,788,16811
28410,510,14126
28411,1721,19508
28412,195,10855
28413,1690,16348
28414,519,19039
28415,20,7317
28416,510,12360
28417,1414,1634
28418,1328,13391
28419,137,12101
28420,2,126
28421,136,465
28422,626,9488
28423,1296,18605
28424,35,16105
28425,1741,12163
28426,839,18504
28427,16,14690
28428,1055,11602
28429,569,11994
28430,250,17037
28431,1439,715
28432,8,8307
28433,241,11400
28434,448,17593
28435,452,7658
28436,859,4671
28437,1594,3368
28438,1304,5043
28439,1684,10161
28440,671,13573
28441,1930,6226
28442,219,2815
28443,1658,6020
28444,1355,11070
28445,499,10085
28446,399,3898
28447,1898,8616
28448,213,16808
28449,545,7522
28450,551,10331
28451,1689,12042
28452,1019,9620
28453,985,1144
28454,220,11083
28455,184,10500
28456,1813,2061
28457,90,3446
28458,1996,14151
28459,1790,10668
28460,1214,18928
28461,428,14219
28462,1344,18190
28463,281,10916
28464,830,13298
28465,582,15486
28466,357,16606
28467,1055,15714
28468,1572,16502
28469,1361,18502
28470,944,1905
28471,292,5269
28472,1469,13989
28473,798,17627
28474,965,16884
28475,1752,328
28476,1140,13019
28477,81,3822
28478,185,10983
28479,844,10400
28480,1732,19430
28481,1852,8471
28482,1890,11196
28483,1554,11713
28484,1449,7719
28485,875,19692
28486,20,15605
28487,508,1782
28488,234,5536
28489,542,3183
28490,1756,10761
28491,1528,6002
28492,1519,18112
28493,702,5714
28494,532,11286
28495,40,13735
28496,970,9067
28497,956,7048
28498,1822,10033
28499,1537,1069
28500,971,2841
28501,1779,2962
28502,1751,3704
28503,306,2293
28504,1007,7069
28505,1873,9634
28506,805,17581
28507,810,16684
28508,387,5359
28509,1222,3793
28510,1108,15790
28511,243,16525
28512,1293,6050
28513,1679,12031
28514,430,18646
28515,932,16573
28516,395,1144
28517,291,1871
28518,1202,1184
28519,568,7377
28520,1065,3330
28521,882,7546
28522,929,1607
28523,1517,1625
28524,1679,4545
28525,73,4634
28526,1426,17198
28527,1373,11824
28528,137,14720
28529,944,4325
28530,190,10832
28531,32,2953
28532,1141,3190
28533,1793,4887
28534,764,14021
28535,1636,5442
28536,534,13739
28537,1836,12199
28538,414,7453
28539,1528,17483
28540,657,1449
28541,776,8
28542,1782,18206
28543,1617,2684
28544,393,8858
28545,749,2968
28546,493,4495
28547,1798,17284
28548,1050,6521
28549,697,6239
28550,260,1653
28551,874,15115
28552,112,14807
28553,194,6459
28554,671,6103
28555,1179,18064
28556,702,5562
28557,1686,1473
28558,1553,1991
28559,557,8710
28560,340,13677
28561,1438,16475
28562,179,9334
28563,1622,5644
28564,1082,11075
28565,335,10097
28566,1219,12140
28567,535,12871
28568,291,5396
28569,624,17663
28570,533,5824
28571,25,8665
28572,545,6086
28573,487,2551
28574,7,10059
28575,1531,2450
28576,997,16415
28577,1654,225
28578,1933,9312
28579,1780,3806
28580,352,7552
28581,1439,4625
28582,347,12978
28583,34,81
28584,1154,13888
28585,1477,19313
28586,979,10598
28587,1822,17872
28588,1898,18809
28589,1864,9579
28590,1565,17406
28591,1146,11158
28592,110,19030
28593,1736,13211
28594,1416,7773
28595,1614,15568
28596,1981,15938
28597,910,16575
28598,486,1888
28599,1514,16333
28600,938,14655
28601,1034,5966
28602,494,2027
28603,1857,19374
28604,764,2941
28605,1861,7608
28606,285,16172
28607,1692,5114
28608,366,4538
28609,1786,19058
28610,923,6505
28611,16,9567
28612,625,9242
28613,1816,3364
28614,1836,8851
28615,1813,1258
28616,1753,6881
28617,1440,19365
28618,1131,9360
28619,610,18664
28620,1287,15081
28621,1778,11417
28622,44,7153
28623,907,1556
28624,660,6765
28625,1267,12494
28626,1698,9030
28627,1231,17977
28628,1180,14333
28629,377,15538
28630,1562,17047
28631,112,7687
28632,1720,16108
28633,500,8780
28634,1270,15781
28635,1419,12401
28636,856,13532
28637,770,8537
28638,690,15617
28639,261,9957
28640,647,19550
28641,632,12302
28642,1023,8905
28643,562,7339
28644,1797,10080
28645,947,996
28646,1334,11177
28647,1943,2327
28648,1320,5550
28649,1012,6892
28650,697,10272
28651,1429,7510
28652,794,17487
28653,716,6925
28654,217,17130
28655,171,3477
28656,710,13331
28657,595,4603
28658,1112,11324
28659,1937,16634
28660,1627,438
28661,707,9677
28662,1639,17733
28663,149,5795
28664,1349,17367
28665,1903,9414
28666,1251,8670
28667,189,113
28668,1594,14057
28669,1884,16364
28670,660,15122
28671,1435,9902
28672,15,6578
28673,1531,12966
28674,693,18300
28675,937,11258
28676,1417,19742
28677,511,9328
28678,1642,8775
28679,1576,19272
28680,88,6656
28681,8,754
28682,918,14582
28683,1083,5709
28684,308,19661
28685,421,19937
28686,705,6044
28687,197,6848
28688,833,17321
28689,704,10276
28690,1479,7611
28691,1886,7593
28692,1323,15383
28693,1002,3414
28694,1970,18609
28695,1407,18074
28696,920,9541
28697,1154,12204
28698,37,2301
28699,317,1158
28700,1461,13959
28701,1857,8519
28702,1843,16326
28703,945,12610
28704,1041,862
28705,1456,4856
28706,1680,13593
28707,1685,5011
28708,1159,8618
28709,1913,3359
28710,106,666
28711,1099,14791
28712,745,9425
28713,1739,3815
28714,243,9495
28715,1614,14071
28716,1874,1490
28717,626,8649
28718,898,5476
28719,1166,726
28720,1044,13716
28721,766,14754
28722,168,19898
28723,1680,15621
28724,805,12841
28725,1881,16587
28726,902,11603
28727,1546,7924
28728,17,5513
28729,1509,9208
28730,1482,19710
28731,1021,15436
28732,143,8504
28733,1741,9389
28734,769,1636
28735,627,15866
28736,331,16045
28737,949,10603
28738,1130,6485
28739,1569,19673
28740,662,14787
28741,1033,15680
28742,1703,19712
28743,875,7552
28744,225,3071
28745,184,18324
28746,1386,18060
28747,408,4823
28748,1552,2757
28749,232,6190
28750,1039,5640
28751,1289,19836
28752,422,14062
28753,476,6807
28754,1587,18246
28755,326,10814
28756,428,12335
28757,737,13678
28758,205,4243
28759,1679,3010
28760,300,12214
28761,23,3879
28762,1552,8235
28763,861,4052
28764,1889,3830
28765,1210,3016
28766,495,16830
28767,256,19496
28768,1990,4412
28769,1979,3190
28770,1502,19158
28771,46,18709
28772,1987,4870
28773,510,4896
28774,670,3666
28775,622,5257
28776,954,17619
28777,442,17388
28778,1265,4995
28779,1555,4501
28780,666,15913
28781,744,7049
28782,1288,15257
28783,677,7717
28784,69,8380
28785,1945,17316
28786,1892,5411
28787,381,15038
28788,851,15918
28789,680,12645
28790,988,13635
28791,64,7327
28792,123,9634
28793,1181,8609
28794,244,5284
28795,258,5665
28796,968,9258
28797,1796,18840
28798,1978,856
28799,142,12449
28800,1670,19750
28801,1683,17733
28802,661,3729
28803,1820,13063
28804,1641,12794
28805,1948,15119
28806,22,7275
28807,233,18658
28808,1971,5894
28809,1966,2056
28810,817,10159
28811,868,16788
28812,1432,7554
28813,1703,18851
28814,1401,19705
28815,237,17185
28816,865,1207
28817,1259,6751
28818,196,13699
28819,1684,13421
28820,1391,8619
28821,1045,1468
28822,211,10944
28823,1468,8402
28824,1727,14367
28825,754,11848
28826,442,12104
28827,92,625
28828,398,6196
28829,79,2731
28830,826,3229
28831,372,19984
28832,860,810
28833,1144,8570
28834,983,17829
28835,733,19399
28836,1015,4436
28837,817,17594
28838,460,19040
28839,1806,12952
28840,1048,5198
28841,1287,7028
28842,640,13036
28843,930,12797
28844,1933,16972
28845,130,41
28846,979,4325
28847,750,13283
28848,140,16440
28849,345,5255
28850,440,9136
28851,477,14366
28852,1611,14109
28853,1017,6167
28854,1252,16994
28855,681,12600
28856,463,16956
28857,402,19947
28858,1604,16784
28859,795,2730
28860,1660,19147
28861,1141,1676
28862,1838,1531
28863,1379,13444
28864,625,3053
28865,542,12017
28866,931,13128
28867,1329,305
28868,807,1022
28869,1116,167
28870,1902,4947
28871,77,3003
28872,504,2009
28873,1788,8671
28874,377,16771
28875,1221,18919
28876,1546,17983
28877,1588,14417
28878,687,4422
28879,1308,2979
28880,1311,8747
28881,1550,6392
28882,1039,10055
28883,278,15665
28884,955,4694
28885,279,15655
28886,1429,5786
28887,1300,9708
28888,1168,3925
28889,1867,18958
28890,830,16559
28891,1814,4795
28892,789,961
28893,512,17657
28894,832,9981
28895,1700,6084
28896,761,4473
28897,10,11468
28898,1164,2003
28899,1850,3176
28900,467,13056
28901,1747,14605
28902,95,12801
28903,1486,18916
28904,1892,5386
28905,1534,14857
28906,1315,3437
28907,1514,7518
28908,1971,10804
28909,138,6737
28910,1352,18612
28911,1245,5567
28912,747,17651
28913,1830,8582
28914,1579,334
28915,1695,1646
28916,1502,5958
28917,1506,19259
28918,1277,12754
28919,1284,3222
28920,1564,11181
28921,1334,1507
28922,99,18878
28923,1773,11471
28924,92,2405
28925,26,5818
28926,506,3265
28927,87,158
28928,648,5655
28929,1957,9134
28930,1645,13030
28931,1401,12628
28932,1641,14975
28933,73,18019
28934,95,6955
28935,361,5406
28936,29,16670
28937,59,14256
28938,1665,238
28939,1652,18476
28940,1969,15352
28941,1064,16209
28942,711,11426
28943,641,10891
28944,1686,5442
28945,1284,11112
28946,1865,19099
28947,1583,9624
28948,1471,15719
28949,1027,10863
28950,846,19281
28951,330,6562
28952,725,14724
28953,1031,11286
28954,1552,18047
28955,1494,775
28956,1273,5080
28957,358,18593
28958,899,11286
28959,1260,13498
28960,1658,6696
28961,686,13803
28962,827,11666
28963,1429,4278
28964,817,9336
28965,1846,392
28966,1183,11803
28967,162,801
28968,1052,13832
28969,1527,9793
28970,1125,3450
28971,114,11689
28972,229,17558
28973,1838,17542
28974,1911,2839
28975,1123,3597
28976,1371,3520
28977,111,4703
28978,765,3089
28979,1349,19938
28980,202,19491
28981,1694,13851
28982,272,2577
28983,948,5331
28984,1288,13584
28985,961,13674
28986,1610,12083
28987,1835,824
28988,199,16539
28989,1907,270
28990,1329,16437
28991,1793,2210
28992,1165,15702
28993,1597,7256
28994,1641,14003
28995,352,12417
28996,891,2441
28997,832,9407
28998,1306,14354
28999,407,15523
29000,1306,5831
29001,1793,3455
29002,403,18123
29003,1065,14624
29004,767,702
29005,639,10069
29006,1440,10226
29007,1197,3564
29008,1014,12259
29009,1253,15062
29010,1066,2459
29011,737,3551
29012,275,3440
29013,1806,9287
29014,1207,11968
29015,1779,17226
29016,1573,1472
29017,223,4471
29018,626,16953
29019,1669,13537
29020,350,7960
29021,1392,15892
29022,951,6789
29023,1770,1376
29024,781,16227
29025,340,1730
29026,1564,16112
29027,452,19739
29028,885,4602
29029,1529,19504
29030,268,9831
29031,170,13987
29032,197,19314
29033,216,8435
29034,1490,2467
29035,944,4816
29036,1059,16725
29037,233,7206
29038,100,11360
29039,1081,7314
29040,358,17912
29041,534,4684
29042,1776,11900
29043,810,8646
29044,553,13442
29045,1188,2409
29046,1864,7190
29047,1399,11737
29048,1402,8051
29049,21,19705
29050,927,17532
29051,1835,17750
29052,1640,3567
29053,1633,19683
29054,1454,10442
29055,1439,6329
29056,495,3235
29057,689,5260
29058,1016,938
29059,908,17408
29060,1493,4817
29061,1334,321
29062,769,2470
29063,79,8968
29064,1222,10794
29065,1881,18267
29066,157,13250
29067,1313,13372
29068,472,10905
29069,1120,14224
29070,1644,19398
29071,1185,19840
29072,416,10518
29073,1130,5700
29074,1073,17629
29075,789,5851
29076,1433,18913
29077,794,2199
29078,1458,12384
29079,1627,4412
29080,1471,6183
29081,1980,12767
29082,1019,13142
29083,953,13836
29084,244,19714
29085,15,15078
29086,32,6380
29087,25,10344
29088,766,14369
29089,662,12488
29090,1159,561
29091,452,15245
29092,55,9822
29093,1371,1592
29094,1143,2684
29095,1863,14456
29096,103,1225
29097,1142,15694
29098,1442,6663
29099,133,1097
29100,1272,1955
29101,1786,14577
29102,224,5006
29103,1617,4165
29104,1319,3203
29105,1993,12046
29106,795,10054
29107,555,4525
29108,1219,6487
29109,1995,12269
29110,1673,5444
29111,508,9680
29112,1386,4251
29113,1041,8905
29114,132,15600
29115,1930,18809
29116,723,17870
29117,973,18720
29118,186,12826
29119,319,13916
29120,161,15946
29121,1241,18392
29122,1999,11103
29123,1646,12217
29124,185,12871
29125,1909,19259
29126,1243,12763
29127,934,4081
29128,1631,8236
29129,1810,16106
29130,1659,542
29131,63,12698
29132,471,14540
29133,1429,4437
29134,416,7219
29135,1210,19425
29136,1993,15469
29137,1894,17396
29138,777,11556
29139,989,19740
29140,492,10337
29141,480,8192
29142,360,11484
29143,1099,8583
29144,1141,4702
29145,1025,16077
29146,641,559
29147,1509,11588
29148,1396,14466
29149,1680,8618
29150,1576,11992
29151,1992,9329
29152,483,2316
29153,1264,10691
29154,1493,7713
29155,1385,6304
29156,285,10886
29157,1715,6675
29158,1264,18588
29159,1498,9069
29160,165,9624
29161,1892,15751
29162,1732,7175
29163,1656,8729
29164,1238,17094
29165,123,11987
29166,918,19539
29167,1122,10483
29168,1593,3911
29169,766,11797
29170,35,1649
29171,205,13401
29172,1986,197
29173,1385,2520
29174,1661,8349
29175,1311,9872
29176,618,6678
29177,276,6824
29178,436,795
29179,1452,2848
29180,683,8193
29181,1235,8598
29182,872,7862
29183,624,15644
29184,1591,14204
29185,985,7464
29186,1439,13401
29187,1115,7856
29188,630,16426
29189,330,3370
29190,326,19612
29191,427,16811
29192,1942,368
29193,1085,17049
29194,1161,2671
29195,1151,9531
29196,1030,5481
29197,1866,1515
29198,1280,13998
29199,4,2395
29200,861,15136
29201,221,8648
29202,289,4786
29203,257,12938
29204,675,11554
29205,608,10494
29206,909,16377
29207,720,766
29208,192,12056
29209,982,8152
29210,541,9318
29211,1880,5495
29212,712,14761
29213,1508,19803
29214,1040,4440
29215,302,15077
29216,285,9428
29217,1898,3553
29218,807,11213
29219,1718,649
29220,1535,4037
29221,1871,18518
29222,1247,15937
29223,1581,17145
29224,61,8762
29225,1674,19402
29226,424,9561
29227,1502,2207
29228,1288,962
29229,1672,8949
29230,1307,11494
29231,959,10966
29232,1647,13736
29233,63,3733
29234,1815,2258
29235,1743,1672
29236,76,5004
29237,111,4970
29238,918,7229
29239,880,1748
29240,1803,12434
29241,784,2417
29242,394,17891
29243,1254,15970
29244,496,4892
29245,236,14630
29246,1110,9939
29247,1635,4767
29248,1908,12737
29249,142,3279
29250,179,16607
29251,1475,13284
29252,258,9243
29253,616,8304
29254,1570,18629
29255,544,6795
29256,1917,1956
29257,583,3760
29258,1634,6817
29259,238,19848
29260,1460,15209
29261,1690,7373
29262,716,1490
29263,612,19058
29264,1136,3232
29265,1460,4370
29266,1950,3736
29267,1822,12374
29268,1042,12028
29269,1270,702
29270,1801,796
29271,1748,19441
29272,534,10424
29273,1887,707
29274,1906,12947
29275,893,889
29276,104,8703
29277,1893,4853
29278,445,11129
29279,204,16996
29280,1263,862
29281,1794,4092
29282,1929,19866
29283,1448,2979
29284,484,15158
29285,1319,19554
29286,957,3474
29287,1620,10385
29288,1765,17907
29289,333,8095
29290,1070,13569
29291,779,16293
29292,306,18912
29293,1301,14825
29294,1271,6933
29295,1948,7525
29296,1874,13939
29297,833,8850
29298,1705,2431
29299,65,17742
29300,1758,3687
29301,1995,16239
29302,817,12120
29303,1439,18844
29304,295,12225
29305,968,559
29306,1660,13873
29307,1637,6175
29308,1769,1733
29309,1084,17995
29310,764,10409
29311,307,5978
29312,176,12086
29313,1333,8871
29314,589,35
29315,336,9006
29316,1454,12744
29317,658,2566
29318,1390,15687
29319,1099,14549
29320,1607,6834
29321,393,5305
29322,1666,19431
29323,659,1123
29324,709,10220
29325,1341,11777
29326,1171,9702
29327,649,6727
29328,1717,11904
29329,258,9606
29330,1766,10484
29331,308,142
29332,1844,6763
29333,1234,6199
29334,1759,10676
29335,240,12194
29336,536,19336
29337,1992,12576
29338,1130,13673
29339,1757,17121
29340,36,743
29341,788,5969
29342,1054,15170
29343,1825,161
29344,559,11019
29345,1861,18606
29346,603,16151
29347,638,931
29348,472,6348
29349,259,12587
29350,544,18441
29351,1479,2085
29352,1496,2524
29353,1453,1530
29354,678,2034
29355,1830,19231
29356,1020,11948
29357,1369,4677
29358,1520,3785
29359,1937,16279
29360,589,13695
29361,1656,7941
29362,1959,8362
29363,908,9199
29364,1720,5055
29365,1842,10090
29366,651,7952
29367,1868,14122
29368,1962,17428
29369,707,10418
29370,263,217
29371,566,3851
29372,1752,12562
29373,966,15667
29374,129,827
29375,1376,19769
29376,268,17641
29377,648,13315
29378,1264,16613
29379,1248,9951
29380,1905,8182
29381,1619,17813
29382,813,2761
29383,361,5899
29384,927,11675
29385,1331,13101
29386,847,16993
29387,1858,7299
29388,352,5543
29389,1282,15172
29390,1221,11328
29391,439,3352
29392,1482,13681
29393,696,8270
29394,1298,17812
29395,979,10290
29396,1072,17754
29397,1344,15894
29398,1314,18996
29399,840,3115
29400,338,14728
29401,370,16198
29402,644,12306
29403,545,6677
29404,350,3429
29405,271,358
29406,488,19282
29407,1387,15851
29408,1492,17620
29409,1115,13618
29410,1280,4530
29411,438,11449
29412,1506,12426
29413,1649,7379
29414,476,18362
29415,67,8731
29416,703,177
29417,689,17952
29418,131,7630
29419,1984,7154
29420,1231,13026
29421,752,2306
29422,1661,15065
29423,961,12772
29424,282,2262
29425,586,17740
29426,968,7609
29427,1527,1419
29428,1151,19570
29429,818,14431
29430,1394,19407
29431,1889,11852
29432,1221,211
29433,369,8794
29434,482,16204
29435,1090,1757
29436,405,17121
29437,359,12888
29438,609,4925
29439,1539,15388
29440,495,11598
29441,1912,7616
29442,35,4054
29443,500,14927
29444,1951,4967
29445,589,18395
29446,387,16054
29447,1923,10947
29448,30,4065
29449,781,5090
29450,1872,1170
29451,1686,10949
29452,1680,2655
29453,799,17287
29454,772,15619
29455,1443,19603
29456,1414,7240
29457,912,15140
29458,1736,19835
29459,1502,4033
29460,1281,3973
29461,636,19472
29462,1040,6716
29463,1072,9325
29464,837,16284
29465,130,129
29466,237,12056
29467,1423,7618
29468,531,13484
29469,904,11534
29470,834,8059
29471,523,12271
29472,1303,5891
29473,1590,16789
29474,1658,6795
29475,1972,18366
29476,28,1613
29477,1506,4219
29478,1090,15590
29479,688,12168
29480,373,4589
29481,1655,16608
29482,1396,1659
29483,1700,3851
29484,61,19594
29485,1855,1717
29486,15,2784
29487,1269,14277
29488,1495,10924
29489,417,4314
29490,788,256
29491,602,17894
29492,1888,11532
29493,1043,9805
29494,349,882
29495,1390,12254
29496,1076,17804
29497,1943,14026
29498,888,5563
29499,1709,17085
29500,1933,15507
29501,1162,13366
29502,1916,13479
29503,570,18992
29504,1791,13656
29505,1985,13087
29506,585,19283
29507,1859,15696
29508,688,797
29509,1406,10528
29510,480,17380
29511,383,11148
29512,1019,7485
29513,1119,11074
29514,201,6919
29515,85,13837
29516,136,62
29517,147,12156
29518,1143,6966
29519,48,17203
29520,164,1675
29521,1078,11753
29522,1484,3923
29523,1244,11425
29524,1189,9013
29525,78,6240
29526,1982,11805
29527,454,17918
29528,593,15253
29529,627,15972
29530,551,19783
29531,238,18443
29532,1893,2523
29533,1718,9190
29534,1738,14407
29535,1825,14349
29536,1902,15663
29537,406,14324
29538,836,19714
29539,1105,5973
29540,1872,9623
29541,1314,16404
29542,1015,15033
29543,394,16829
29544,1358,16953
29545,533,15916
29546,863,6698
29547,54,8572
29548,1829,2554
29549,1291,2731
29550,1596,10990
29551,759,16841
29552,1121,15500
29553,1248,14789
29554,1375,19539
29555,1532,6228
29556,1497,5968
29557,1383,15743
29558,1870,9782
29559,1547,9512
29560,1408,3954
29561,236,14536
29562,68,19710
29563,1741,39
29564,696,8869
29565,591,9657
29566,358,10587
29567,1143,14465
29568,1599,10122
29569,1435,7400
29570,923,6008
29571,669,11468
29572,758,7440
29573,672,15433
29574,1946,1071
29575,863,5536
29576,543,18572
29577,921,18012
29578,596,15164
29579,1119,19911
29580,1419,13943
29581,1637,11592
29582,178,5848
29583,991,17939
29584,1271,16207
29585,869,6229
29586,1844,934
29587,1491,16237
29588,1110,14134
29589,1546,8547
29590,1357,11587
29591,1398,11102
29592,45,7851
29593,1946,17303
29594,458,1660
29595,1716,9716
29596,834,5706
29597,1340,6246
29598,1563,2723
29599,1175,3778
29600,624,5322
29601,1117,122
29602,560,11224
29603,928,5316
29604,1519,15648
29605,328,15924
29606,846,668
29607,1001,13173
29608,918,11302
29609,749,2228
29610,503,9968
29611,1777,6673
29612,1759,16904
29613,1669,19095
29614,915,2463
29615,980,13949
29616,1221,5785
29617,1019,10349
29618,208,14693
29619,924,18880
29620,1717,12832
29621,430,18918
29622,103,700
29623,551,18935
29624,407,1928
29625,307,16411
29626,820,9754
29627,441,13679
29628,1109,19834
29629,1006,584
29630,245,5240
29631,314,17811
29632,593,28
29633,1408,16664
29634,840,1481
29635,977,10695
29636,1347,979
29637,236,636
29638,767,3543
29639,180,3505
29640,81,19164
29641,185,15665
29642,1819,19765
29643,1546,15957
29644,14,742
29645,1502,12568
29646,393,3464
29647,1895,12442
29648,460,7448
29649,1483,19558
29650,603,8211
29651,1153,4225
29652,834,110
29653,1155,17302
29654,624,18855
29655,379,13527
29656,478,1399
29657,259,4959
29658,1487,4392
29659,34,568
29660,805,14739
29661,834,6037
29662,1516,8347
29663,1533,9487
29664,130,12305
29665,1877,732
29666,512,12082
29667,76,10856
29668,229,4637
29669,166,1567
29670,1037,576
29671,809,5411
29672,1293,11832
29673,113,1330
29674,1728,10039
29675,277,12099
29676,136,4646
29677,179,19581
29678,1714,8894
29679,1405,10295
29680,1048,18283
29681,299,15921
29682,823,17227
29683,420,232
29684,180,15979
29685,1574,15034
29686,2000,6892
29687,973,7412
29688,1050,19187
29689,874,19745
29690,1173,17977
29691,1781,18892
29692,993,14304
29693,974,5828
29694,434,9227
29695,972,6434
29696,821,11817
29697,850,5893
29698,305,126
29699,951,2729
29700,337,4503
29701,1490,1389
29702,490,17765
29703,1766,3417
29704,1341,17970
29705,338,8750
29706,910,6332
29707,797,168
29708,1698,4156
29709,866,5152
29710,1872,13503
29711,540,19802
29712,301,13866
29713,1200,10270
29714,1940,2609
29715,1697,14311
29716,165,19899
29717,768,7244
29718,357,2389
29719,1895,12378
29720,725,15277
29721,11,7653
29722,1339,2447
29723,1161,15654
29724,164,762
29725,682,15881
29726,1929,4224
29727,430,16795
29728,1476,15214
29729,22,1679
29730,947,17230
29731,898,10552
29732,1847,10333
29733,601,744
29734,1146,3583
29735,963,5503
29736,1802,9448
29737,883,4519
29738,911,5182
29739,1277,12771
29740,787,1032
29741,1795,3147
29742,807,2225
29743,928,12986
29744,668,1951
29745,1329,3331
29746,1806,6618
29747,1203,14927
29748,864,16456
29749,1992,15529
29750,752,3860
29751,1260,14444
29752,1194,4547
29753,661,16800
29754,836,11303
29755,30,265
29756,1153,18352
29757,1554,16048
29758,777,11255
29759,921,14818
29760,1037,16142
29761,972,10319
29762,517,12240
29763,1385,9425
29764,1369,12416
29765,1462,8960
29766,954,18147
29767,1949,5001
29768,1332,12530
29769,818,5721
29770,1969,9392
29771,516,8004
29772,1731,9514
29773,1752,18405
29774,1307,1082
29775,1150,9939
29776,1435,16159
29777,1012,14206
29778,1745,2311
29779,1068,4886
29780,1616,5860
29781,320,12782
29782,166,8670
29783,1166,9294
29784,580,16860
29785,693,14582
29786,172,16007
29787,1486,1320
29788,592,15507
29789,1772,5139
29790,1630,816
29791,1392,10127
29792,1977,18675
29793,1635,10105
29794,1601,2333
29795,630,17565
29796,1633,1760
29797,932,7701
29798,1563,17157
29799,1994,16132
29800,510,10603
29801,1118,15519
29802,785,7130
29803,1788,6685
29804,1703,11572
29805,285,11901
29806,1331,16790
29807,333,2670
29808,631,3414
29809,1899,18961
29810,270,4239
29811,1415,3658
29812,97,1792
29813,1102,7651
29814,1852,6898
29815,1189,4149
29816,1407,12884
29817,1370,8316
29818,263,8980
29819,1443,12540
29820,461,1665
29821,744,12734
29822,912,5799
29823,763,10827
29824,208,6733
29825,1532,18431
29826,1028,11651
29827,919,9913
29828,523,394
29829,17,14043
29830,1281,19871
29831,1419,15658
29832,1661,3965
29833,1231,5734
29834,37,2563
29835,1469,8381
29836,1030,15378
29837,1016,4334
29838,290,2996
29839,603,7327
29840,816,1224
29841,1819,16406
29842,1119,4115
29843,1366,10071
29844,1712,6670
29845,1941,15024
29846,168,2817
29847,1843,9489
29848,323,9178
29849,1944,4760
29850,956,7146
29851,642,8227
29852,414,13365
29853,1186,15080
29854,1817,5045
29855,61,11514
29856,1956,7737
29857,1209,4145
29858,619,12401
29859,1898,6968
29860,695,4066
29861,955,13492
29862,239,4321
29863,241,15581
29864,29,586
29865,396,7211
29866,1079,18048
29867,799,15973
29868,761,15685
29869,74,9793
29870,1929,12936
29871,1538,9458
29872,936,17058
29873,161,8477
29874,124,18297
29875,25,12214
29876,693,10170
29877,1548,8262
29878,9,14007
29879,299,3806
29880,320,2752
29881,188,13765
29882,1611,18827
29883,986,2183
29884,849,13421
29885,145,3097
29886,777,9059
29887,371,14957
29888,1679,5068
29889,12,15579
29890,1865,9463
29891,761,12333
29892,804,17207
29893,606,17797
29894,456,11686
29895,16,9666
29896,1771,6432
29897,1411,319
29898,956,7409
29899,1557,4775
29900,1296,4704
29901,707,14311
29902,1809,1441
29903,14,6249
29904,1464,18486
29905,133,13680
29906,1958,19272
29907,1500,1701
29908,1057,771
29909,880,18789
29910,974,17302
29911,613,9832
29912,1119,18497
29913,1758,12445
29914,803,4811
29915,793,11389
29916,203,12751
29917,1083,15509
29918,1692,11200
29919,425,17089
29920,1017,11663
29921,628,19292
29922,1070,4518
29923,1944,18261
29924,66,3242
29925,1642,1007
29926,389,12845
29927,1443,6045
29928,946,11379
29929,956,4440
29930,557,10612
29931,801,8186
29932,788,14681
29933,626,4299
29934,1159,9812
29935,1338,5891
29936,1319,9765
29937,1440,4336
29938,1984,11908
29939,1099,4579
29940,49,8024
29941,525,7334
29942,1775,18169
29943,772,17516
29944,1935,7820
29945,1422,9251
29946,915,6101
29947,858,6270
29948,1688,11956
29949,1797,16897
29950,25,9122
29951,845,3199
29952,138,6088
29953,307,9387
29954,1647,15981
29955,1810,6426
29956,1177,14088
29957,840,13225
29958,505,14072
29959,794,11675
29960,1748,6209
29961,23,2890
29962,1184,10604
29963,1935,2781
29964,811,3463
29965,152,10679
29966,1405,765
29967,1708,15388
29968,6,2768
29969,1019,16210
29970,1625,639
29971,136,4921
29972,1493,14037
29973,1124,18829
29974,498,3601
29975,354,6443
29976,288,18832
29977,573,4407
29978,848,9555
29979,555,18701
29980,1361,1898
29981,1106,3514
29982,1438,13710
29983,475,16383
29984,1724,14051
29985,1916,10680
29986,784,17498
29987,1840,13466
29988,1115,18356
29989,796,11495
29990,686,12328
29991,1503,13311
29992,1249,11435
29993,1561,14649
29994,1702,460
29995,1307,19484
29996,1076,19562
29997,1446,4065
29998,1388,8480
29999,1572,16269
30000,1111,266
30001,375,18239
30002,49,6883
30003,1601,8768
30004,1537,17496
30005,1524,10723
30006,826,14252
30007,1871,19390
30008,1503,8541
30009,374,19672
30010,1746,19392
30011,975,3707
30012,1251,15288
30013,527,4151
30014,1212,7025
30015,770,19110
30016,1050,11915
30017,1267,1843
30018,1890,3452
30019,857,13091
30020,312,19246
30021,687,14680
30022,851,7417
30023,379,6398
30024,611,19967
30025,609,2203
30026,1438,7401
30027,1794,10805
30028,1177,7982
30029,658,17926
30030,1248,7915
30031,809,13215
30032,839,19678
30033,8,12180
30034,229,3655
30035,634,7994
30036,1443,19665
30037,1209,662
30038,282,4614
30039,76,10866
30040,1893,10005
30041,1402,12888
30042,1147,14671
30043,825,6620
30044,1731,4213
30045,132,17115
30046,981,9374
30047,1851,3604
30048,1127,13887
30049,729,15219
30050,29,10783
30051,1332,13245
30052,498,4273
30053,1555,1023
30054,1707,15932
30055,952,9329
30056,1750,2163
30057,1573,16578
30058,1836,13795
30059,1701,13349
30060,1671,1321
30061,783,13642
30062,1071,4734
30063,1638,733
30064,196,1540
30065,732,12071
30066,875,3529
30067,1921,14504
30068,996,14184
30069,409,3627
30070,160,17948
30071,1369,6551
30072,795,19482
30073,1966,231
30074,1498,8882
30075,1206,19108
30076,577,8648
30077,1189,12026
30078,522,10698
30079,323,1479
30080,532,5313
30081,706,15665
30082,1327,3696
30083,1510,19342
30084,169,3712
30085,473,2658
30086,1120,18577
30087,1222,2385
30088,105,11344
30089,191,18918
30090,359,4125
30091,418,4265
30092,1694,14668
30093,171,2464
30094,1095,17293
30095,830,17044
30096,114,19273
30097,1448,13882
30098,277,12331
30099,326,13846
30100,944,7344
30101,1641,8531
30102,1595,2611
30103,69,6484
30104,873,9574
30105,34,15470
30106,1637,16124
30107,1919,1920
30108,1599,4073
30109,1286,7097
30110,699,3211
30111,124,17026
30112,310,937
30113,733,5713
30114,118,14000
30115,1578,6841
30116,652,7164
30117,1204,17718
30118,946,16946
30119,547,12403
30120,150,18895
30121,1947,14382
30122,276,9086
30123,1872,8411
30124,1950,1278
30125,1575,11119
30126,1154,15805
30127,1604,18422
30128,668,5649
30129,748,19702
30130,476,4848
30131,1065,7954
30132,214,3910
30133,291,6914
30134,749,4817
30135,729,16432
30136,324,16159
30137,1338,4174
30138,1366,10435
30139,1422,18401
30140,474,10030
30141,274,10558
30142,551,18452
30143,1923,2127
30144,1849,8937
30145,841,18143
30146,115,18404
30147,1829,205
30148,1108,17676
30149,91,16708
30150,523,15583
30151,301,14039
30152,1193,11410
30153,1391,2334
30154,1184,17949
30155,1732,7092
30156,1657,1053
30157,1857,14323
30158,272,14973
30159,893,11759
30160,1370,4786
30161,1047,15964
30162,1162,16540
30163,191,14142
30164,811,10216
30165,1464,15176
30166,774,6945
30167,1316,19784
30168,1569,4483
30169,982,19277
30170,1959,8404
30171,1442,4604
30172,1779,6867
30173,133,15003
30174,287,10936
30175,1744,2545
30176,1036,11967
30177,1132,17060
30178,1946,14709
30179,1035,6762
30180,1472,18598
30181,449,6234
30182,1987,3087
30183,544,6019
30184,488,7958
30185,994,12678
30186,688,12559
30187,1210,13301
30188,1558,7915
30189,1537,16373
30190,1220,1136
30191,439,18753
30192,639,16834
30193,60,14160
30194,434,3252
30195,531,7409
30196,1439,11679
30197,261,4379
30198,878,16389
30199,460,6274
30200,1349,18285
30201,162,5356
30202,807,5708
30203,14,4422
30204,244,153
30205,1462,11661
30206,769,5015
30207,1495,18054
30208,1908,8019
30209,431,3428
30210,1386,18543
30211,47,16873
30212,683,6174
30213,155,15867
30214,345,1958
30215,1673,1892
30216,1086,222
30217,553,9378
30218,1687,714
30219,1560,9407
30220,1612,1922
30221,703,11904
30222,1271,17638
30223,515,7121
30224,1852,15175
30225,1910,19017
30226,187,10572
30227,1074,2696
30228,1650,5362
30229,787,201
30230,1288,3236
30231,1098,17295
30232,493,17675
30233,1743,8604
30234,1500,15673
30235,1271,8275
30236,1382,4135
30237,793,11594
30238,223,16954
30239,1433,4904
30240,676,96
30241,1218,1204
30242,903,14446
30243,219,15391
30244,1889,15561
30245,451,7145
30246,154,5550
30247,107,5888
30248,256,4367
30249,912,6528
30250,286,776
30251,594,16534
30252,669,17245
30253,323,7790
30254,1488,17500
30255,416,858
30256,1807,15939
30257,609,13244
30258,1883,1181
30259,940,4674
30260,1543,3236
30261,1604,3572
30262,894,11585
30263,1042,3360
30264,1276,655
30265,406,6858
30266,621,19730
30267,1298,6226
30268,1621,14811
30269,1300,1814
30270,1249,18676
30271,328,6523
30272,1313,11215
30273,395,4255
30274,657,2968
30275,1982,11791
30276,28,2265
30277,51,10739
30278,1984,1423
30279,208,18489
30280,202,19637
30281,1221,10148
30282,83,12657
30283,1716,14868
30284,506,16002
30285,694,6132
30286,1638,13520
30287,1447,19106
30288,1836,13481
30289,322,13865
30290,166,704
30291,22,3288
30292,1858,1384
30293,1718,6144
30294,1717,3907
30295,1769,17203
30296,1171,15616
30297,28,15390
30298,349,6253
30299,740,10937
30300,1107,14220
30301,314,13150
30302,475,3826
30303,959,9780
30304,1313,1641
30305,831,16358
30306,929,12911
30307,1014,12468
30308,940,16813
30309,359,936
30310,388,9017
30311,1633,1988
30312,289,17341
30313,1234,14767
30314,1002,15522
30315,676,3931
30316,892,16810
30317,1143,246
30318,101,1530
30319,629,9785
30320,510,17327
30321,1767,4120
30322,1149,4916
30323,1349,15723
30324,1955,8298
30325,624,8161
30326,1449,3479
30327,1839,2341
30328,622,9910
30329,1302,18184
30330,1419,4351
30331,1376,16592
30332,583,2982
30333,1274,15581
30334,832,2395
30335,282,3631
30336,215,14541
30337,1997,7318
30338,797,11429
30339,791,5331
30340,370,6279
30341,172,7935
30342,999,16897
30343,567,18162
30344,160,17581
30345,1761,4646
30346,378,15681
30347,1067,13519
30348,741,3921
30349,1312,10190
30350,1226,7597
30351,175,8323
30352,350,9192
30353,1432,16976
30354,1510,3708
30355,1027,1539
30356,62,8684
30357,224,11638
30358,279,11314
30359,1169,2135
30360,1520,14895
30361,984,7286
30362,295,4176
30363,766,18776
30364,1405,15218
30365,1903,6900
30366,719,15517
30367,1322,13447
30368,876,15790
30369,1198,17193
30370,1258,1361
30371,976,6063
30372,856,2964
30373,825,13064
30374,1185,11636
30375,1923,13580
30376,1423,4331
30377,282,4373
30378,97,1030
30379,718,11906
30380,1276,10548
30381,1259,7459
30382,1400,3244
30383,1820,9872
30384,559,17014
30385,1046,10489
30386,733,17116
30387,105,476
30388,699,3287
30389,1357,18677
30390,985,15996
30391,1009,4320
30392,1783,9893
30393,637,1772
30394,1980,10560
30395,1410,2018
30396,261,8617
30397,1654,6831
30398,202,9007
30399,1537,1071
30400,1662,19096
30401,255,11038
30402,81,13321
30403,1197,17049
30404,1636,18838
30405,1181,9527
30406,1764,2157
30407,675,14808
30408,1981,17793
30409,1058,13437
30410,221,5813
30411,1416,19661
30412,1265,4809
30413,1876,4103
30414,695,12254
30415,1110,16673
30416,1769,1191
30417,324,5055
30418,43,16510
30419,1557,11787
30420,1264,1160
30421,634,11712
30422,978,8302
30423,100,11291
30424,498,9789
30425,557,14149
30426,1666,10392
30427,803,28
30428,1283,17416
30429,1146,8257
30430,1689,9180
30431,170,8330
30432,1298,3305
30433,383,8589
30434,1426,19148
30435,837,8776
30436,556,19090
30437,175,12476
30438,1367,16404
30439,1914,7950
30440,1128,15103
30441,776,13823
30442,1217,2735
30443,1122,2314
30444,565,13576
30445,1058,6202
30446,1080,848
30447,1338,1696
30448,299,11309
30449,1704,6315
30450,884,14380
30451,1936,13025
30452,960,7155
30453,1488,16386
30454,303,466
30455,1408,332
30456,568,19698
30457,297,13420
30458,1426,15
30459,798,1556
30460,448,13077
30461,1670,4234
30462,1271,15758
30463,950,1379
30464,1761,11861
30465,625,6994
30466,132,18900
30467,879,599
30468,1756,7727
30469,986,2147
30470,961,19734
30471,1735,14483
30472,1079,5330
30473,779,5253
30474,195,8616
30475,1216,6726
30476,1258,7573
30477,1727,11129
30478,1290,7469
30479,629,14972
30480,1301,13681
30481,1543,2685
30482,1612,18829
30483,1502,19695
30484,765,3050
30485,440,10990
30486,317,429
30487,1567,12465
30488,851,5685
30489,816,3245
30490,1869,18960
30491,1431,17696
30492,1883,2098
30493,1078,15996
30494,1632,5103
30495,194,9296
30496,830,10621
30497,1303,8382
30498,39,8391
30499,350,7771
30500,657,471
30501,822,7870
30502,1213,3024
30503,447,18844
30504,393,13901
30505,1698,16456
30506,1196,10711
30507,1625,997
30508,987,16472
30509,1352,6691
30510,1871,4026
30511,276,14116
30512,1916,18152
30513,547,13762
30514,963,15308
30515,148,10996
30516,810,19025
30517,1921,2466
30518,1852,6766
30519,568,10489
30520,111,11855
30521,75,11370
30522,745,15744
30523,1669,11220
30524,1536,8042
30525,136,10981
30526,96,7020
30527,1823,12384
30528,303,12433
30529,1934,15098
30530,1420,9768
30531,95,1490
30532,1999,3224
30533,285,440
30534,1718,6137
30535,694,18090
30536,62,16260
30537,1636,18765
30538,1779,19317
30539,74,7192
30540,1137,5169
30541,595,4750
30542,934,9695
30543,760,13795
30544,376,3528
30545,1,19196
30546,1895,11352
30547,183,2091
30548,349,8084
30549,432,253
30550,464,13787
30551,114,13700
30552,1847,8660
30553,1689,6547
30554,295,17140
30555,803,17070
30556,625,12909
30557,546,18651
30558,514,13402
30559,1152,14298
30560,899,12339
30561,1004,1172
30562,242,17782
30563,235,10522
30564,731,6425
30565,679,4927
30566,46,7940
30567,355,15727
30568,470,13446
30569,29,5186
30570,858,8878
30571,1760,4023
30572,911,519
30573,1186,16630
30574,2000,18446
30575,1234,19510
30576,1933,3047
30577,1993,18356
30578,1483,8072
30579,317,7883
30580,1723,9658
30581,474,15231
30582,373,3721
30583,1900,17186
30584,1337,9277
30585,367,18803
30586,1608,17228
30587,368,10736
30588,216,16325
30589,1457,12460
30590,1055,13637
30591,1647,13666
30592,1478,17803
30593,90,7941
30594,624,310
30595,1839,7193
30596,1886,15652
30597,1586,15691
30598,466,2472
30599,1308,3810
30600,773,18820
30601,900,3229
30602,406,2554
30603,1648,10430
30604,1803,7160
30605,1584,14234
30606,1630,3713
30607,1693,3717
30608,541,17832
30609,1432,6983
30610,254,3603
30611,1842,4898
30612,1565,16873
30613,739,11883
30614,715,7464
30615,1632,15976
30616,1979,12344
30617,727,1963
30618,1526,570
30619,1457,1371
30620,1524,4285
30621,1479,12001
30622,1724,933
30623,988,4715
30624,1268,5774
30625,100,8893
30626,1008,12106
30627,336,1278
30628,1277,14156
30629,86,2970
30630,1294,9067
30631,352,1208
30632,573,4171
30633,1551,5640
30634,1813,16951
30635,1001,8787
30636,482,17293
30637,1594,1355
30638,1539,18825
30639,1781,1268
30640,228,12591
30641,147,13976
30642,1024,7770
30643,1729,18383
30644,1404,17011
30645,906,1146
30646,1326,15207
30647,812,11037
30648,1002,15963
30649,1660,4886
30650,253,16063
30651,893,14711
30652,286,10434
30653,1780,8633
30654,1380,16927
30655,823,5892
30656,416,16219
30657,123,7697
30658,1855,18738
30659,1200,6435
30660,1956,15239
30661,29,19188
30662,1588,4365
30663,527,19375
30664,597,13094
30665,1567,8651
30666,80,7497
30667,1057,13605
30668,829,5713
30669,227,9036
30670,593,18172
30671,1704,2606
30672,469,3372
30673,1538,10658
30674,1458,9788
30675,1748,17926
30676,411,16474
30677,1349,3203
30678,8,8079
30679,1101,4466
30680,320,10542
30681,535,2932
30682,1155,9692
30683,610,13039
30684,1916,13284
30685,1658,4967
30686,348,18246
30687,883,16257
30688,1896,4720
30689,1484,3629
30690,97,18951
30691,1988,14093
30692,345,6085
30693,1341,2364
30694,543,7252
30695,797,6905
30696,136,14174
30697,1776,15705
30698,798,18554
30699,340,15327
30700,1259,717
30701,1534,4084
30702,698,3134
30703,235,7492
30704,66,7246
30705,1722,15974
30706,801,14534
30707,1728,19017
30708,246,13947
30709,1722,4665
30710,1304,2294
30711,1642,18379
30712,324,6593
30713,1191,12621
30714,1717,9521
30715,89,15122
30716,491,14027
30717,1886,18236
30718,1560,18818
30719,1449,5237
30720,1246,5129
30721,1675,2816
30722,1430,14303
30723,331,13018
30724,887,14193
30725,940,3262
30726,361,9452
30727,1672,3994
30728,195,2408
30729,1346,12573
30730,1701,7552
30731,1138,16269
30732,544,16255
30733,654,11303
30734,1036,10427
30735,681,18795
30736,1847,18566
30737,246,7632
30738,848,3860
30739,278,18566
30740,49,806
30741,1140,5619
30742,575,15517
30743,1271,66
30744,1074,2001
30745,1685,6617
30746,1312,11029
30747,1023,18144
30748,18,18345
30749,1395,2301
30750,1063,4470
30751,442,9904
30752,950,5989
30753,1519,14488
30754,1032,3635
30755,1115,14875
30756,212,17994
30757,330,2924
30758,1274,18555
30759,120,17397
30760,1868,10205
30761,704,5449
30762,714,10925
30763,236,19226
30764,745,2907
30765,694,14424
30766,1414,14675
30767,1594,18591
30768,823,16128
30769,1126,7991
30770,563,19117
30771,976,16751
30772,1094,6584
30773,1808,1174
30774,1157,15725
30775,363,1944
30776,535,6095
30777,505,6813
30778,1501,5539
30779,218,17967
30780,1183,18605
30781,557,12263
30782,1335,19693
30783,1714,457
30784,1417,7517
30785,1924,9604
30786,404,3859
30787,460,18610
30788,277,1229
30789,109,17519
30790,491,13680
30791,1393,4401
30792,1303,6885
30793,810,403
30794,149,13732
30795,337,10598
30796,941,3404
30797,240,14867
30798,969,13919
30799,34,18565
30800,1156,10986
30801,1784,11488
30802,691,5626
30803,1654,3387
30804,601,8184
30805,1894,8228
30806,1668,3280
30807,400,17411
30808,1356,7429
30809,1993,4909
30810,1966,14102
30811,1735,10245
30812,25,1901
30813,1540,611
30814,588,5742
30815,530,6504
30816,1825,6534
30817,173,17416
30818,1479,9729
30819,1905,18779
30820,1351,4996
30821,1991,8705
30822,1398,12655
30823,767,4006
30824,1598,18480
30825,831,13823
30826,1757,19025
30827,1740,4268
30828,495,10289
30829,307,17494
30830,1013,7371
30831,1120,7334
30832,637,16008
30833,1121,4562
30834,771,7932
30835,1116,10526
30836,656,6655
30837,1946,17239
30838,807,12980
30839,1619,8702
30840,1370,771
30841,1840,2503
30842,912,7185
30843,1545,12153
30844,994,15316
30845,1254,13568
30846,109,19130
30847,482,15360
30848,1597,19902
30849,1413,12340
30850,610,18974
30851,58,13985
30852,974,3606
30853,67,15776
30854,506,8778
30855,1298,9235
30856,185,18659
30857,1061,8375
30858,223,709
30859,187,7236
30860,615,7257
30861,642,5410
30862,1212,19257
30863,34,9362
30864,363,17950
30865,626,12016
30866,1099,2377
30867,673,19277
30868,1889,4198
30869,834,4480
30870,1853,9060
30871,101,19259
30872,1789,5803
30873,288,12452
30874,971,1134
30875,1358,16474
30876,1309,2902
30877,995,18320
30878,629,8904
30879,350,16640
30880,632,1614
30881,1713,748
30882,339,12233
30883,36,4094
30884,1590,6233
30885,314,15830
30886,1372,7407
30887,1102,2344
30888,1531,8309
30889,395,12687
30890,1036,4981
30891,1618,13437
30892,1078,11181
30893,1119,1583
30894,287,1652
30895,125,16814
30896,1623,4416
30897,897,15406
30898,134,1410
30899,201,19102
30900,419,7759
30901,1614,14855
30902,1003,18405
30903,1477,11813
30904,1798,2193
30905,1911,19340
30906,552,10605
30907,963,3944
30908,1829,4103
30909,1693,13936
30910,1723,4126
30911,844,7133
30912,364,17917
30913,8,17200
30914,1254,4844
30915,1299,1190
30916,675,9693
30917,1165,15527
30918,662,11376
30919,544,17896
30920,715,993
30921,1014,13687
30922,1767,2496
30923,933,11284
30924,328,7540
30925,1703,4094
30926,115,2013
30927,1421,17497
30928,999,19899
30929,856,9690
30930,1008,18567
30931,157,4272
30932,1823,12390
30933,414,12735
30934,607,12208
30935,1221,9417
30936,1565,18113
30937,266,3171
30938,1302,19792
30939,248,6683
30940,336,15782
30941,181,5698
30942,908,18599
30943,1265,14148
30944,737,3221
30945,1617,13917
30946,1265,14499
30947,1182,11106
30948,96,12766
30949,937,1676
30950,1401,500
30951,1661,19851
30952,1882,138
30953,1359,10743
30954,1523,3332
30955,1882,37
30956,546,1276
30957,1882,8997
30958,1851,19680
30959,187,88
30960,622,16526
30961,532,18213
30962,981,16218
30963,1839,2175
30964,331,16420
30965,1575,14025
30966,865,6107
30967,1387,18698
30968,1035,2169
30969,197,13587
30970,1125,2887
30971,576,9233
30972,708,8466
30973,466,3073
30974,1647,17993
30975,1733,14696
30976,110,580
30977,1309,4850
30978,1251,18463
30979,1596,3658
30980,1429,14969
30981,822,12541
30982,873,15182
30983,597,7575
30984,175,16568
30985,308,19215
30986,643,7360
30987,1770,6170
30988,490,13467
30989,493,12953
30990,1785,4729
30991,1784,14780
30992,1305,6407
30993,1373,15385
30994,1607,12628
30995,1035,2310
30996,806,6753
30997,804,5658
30998,1157,17596
30999,451,13826
31000,1093,19898
31001,46,3236
31002,548,9189
31003,1773,18132
31004,1430,10758
31005,1227,6801
31006,1372,16367
31007,685,9014
31008,1604,13630
31009,1480,9782
31010,89,7683
31011,1966,16029
31012,1348,1275
31013,1922,577
31014,1783,6840
31015,1811,9198
31016,1593,3238
31017,1992,14373
31018,1429,19718
31019,436,14966
31020,1557,9322
31021,937,8223
31022,369,1000
31023,166,9169
31024,1753,17512
31025,1370,18226
31026,1468,1351
31027,393,6492
31028,1902,1254
31029,1685,10780
31030,1960,18423
31031,1515,8277
31032,292,811
31033,1636,15973
31034,1040,11237
31035,258,18071
31036,1915,12
31037,1031,13870
31038,50,17472
31039,1726,18290
31040,1054,17033
31041,1949,12438
31042,1496,7397
31043,344,5083
31044,53,18700
31045,1901,13494
31046,1510,12911
31047,1724,5632
31048,461,13306
31049,1967,3991
31050,1793,10432
31051,870,6262
31052,1819,11560
31053,639,5401
31054,1832,12885
31055,543,12901
31056,776,2031
31057,1812,9424
31058,1738,2998
31059,366,1745
31060,950,3667
31061,720,12425
31062,424,12133
31063,1169,12057
31064,1361,18949
31065,1487,7925
31066,87,4986
31067,688,10860
31068,1003,13468
31069,1177,11844
31070,550,11731
31071,1129,7480
31072,1731,489
31073,253,14195
31074,824,16093
31075,323,8727
31076,300,7392
31077,477,5617
31078,109,6807
31079,504,15807
31080,1843,2510
31081,1531,8295
31082,1254,5960
31083,534,5981
31084,1717,10773
31085,47,2366
31086,1649,2351
31087,326,19153
31088,536,14162
31089,405,17256
31090,1763,473
31091,858,10036
31092,64,1488
31093,1125,10848
31094,204,1976
31095,1371,16231
31096,248,12201
31097,289,17395
31098,1655,11520
31099,1058,1407
31100,812,7826
31101,1871,14970
31102,874,10131
31103,759,4085
31104,584,18399
31105,1184,16313
31106,253,8202
31107,378,10304
31108,829,7666
31109,32,10664
31110,844,11854
31111,1283,17841
31112,1460,18586
31113,1733,3727
31114,901,4301
31115,1567,207
31116,663,3860
31117,376,7574
31118,633,2831
31119,995,17748
31120,1950,15264
31121,901,991
31122,150,15724
31123,1909,6930
31124,1048,12353
31125,973,16386
31126,700,11752
31127,348,19316
31128,893,17880
31129,1665,11943
31130,434,3447
31131,1752,6067
31132,72,12115
31133,53,6533
31134,631,18741
31135,589,18822
31136,419,3397
31137,462,19170
31138,639,4212
31139,1994,4622
31140,783,19131
31141,1026,19714
31142,261,5119
31143,465,13017
31144,740,19033
31145,628,4705
31146,1326,6172
31147,68,18126
31148,854,9196
31149,629,19046
31150,1062,11854
31151,201,4465
31152,1689,3775
31153,1910,6302
31154,1071,17017
31155,989,7225
31156,674,1884
31157,1837,16279
31158,1057,16014
31159,1222,8124
31160,1639,8599
31161,1517,2863
31162,1135,13737
31163,1521,9006
31164,1705,19599
31165,1349,6037
31166,1833,3870
31167,1989,10942
31168,1643,10401
31169,1051,2859
31170,1873,16034
31171,1788,9700
31172,452,4758
31173,1860,16067
31174,1484,17818
31175,119,15477
31176,1540,15064
31177,1538,13030
31178,1811,3204
31179,123,13568
31180,69,14748
31181,1501,18125
31182,522,4495
31183,1228,15112
31184,1503,11194
31185,724,13331
31186,1498,13757
31187,853,12750
31188,854,3864
31189,86,15561
31190,174,15736
31191,1956,1871
31192,1015,16775
31193,348,6988
31194,457,17794
31195,130,5234
31196,215,12911
31197,1788,12268
31198,442,9508
31199,314,16420
31200,1885,4761
31201,1601,14978
31202,86,18599
31203,291,18162
31204,1456,1944
31205,1567,2717
31206,963,19907
31207,1616,1111
31208,1733,17409
31209,835,692
31210,1636,19513
31211,599,4734
31212,254,10731
31213,321,4592
31214,1295,12903
31215,1027,13182
31216,23,2977
31217,243,14729
31218,723,1199
31219,1542,16234
31220,845,7563
31221,500,5974
31222,373,10292
31223,959,6316
31224,872,18766
31225,1407,17141
31226,1306,4583
31227,753,3305
31228,1767,3249
31229,1574,13872
31230,1217,2049
31231,648,4656
31232,641,12416
31233,458,2431
31234,1624,4107
31235,1901,19936
31236,1990,2774
31237,1695,8298
31238,603,18775
31239,375,11192
31240,1270,5860
31241,1191,13374
31242,435,12438
31243,243,14238
31244,1323,8217
31245,1824,12264
31246,105,19962
31247,1838,3697
31248,1233,2337
31249,913,12791
31250,250,6168
31251,1385,5275
31252,1004,13039
31253,863,15716
31254,1520,8824
31255,1879,19199
31256,634,8633
31257,425,7944
31258,977,12562
31259,1072,7217
31260,1065,14894
31261,93,8378
31262,394,29
31263,1189,12734
31264,901,10156
31265,485,12579
31266,1816,2329
31267,379,12273
31268,1088,18932
31269,801,12526
31270,1273,15805
31271,894,2388
31272,269,5613
31273,62,19912
31274,549,858
31275,1618,8170
31276,283,16398
31277,647,3051
31278,148,3147
31279,306,6158
31280,1759,11048
31281,1544,14781
31282,820,15800
31283,1530,17454
31284,1683,17021
31285,1896,2213
31286,1316,10404
31287,1980,4054
31288,1805,9725
31289,1469,19010
31290,969,16695
31291,1134,12898
31292,1525,14677
31293,145,3271
31294,1708,207
31295,409,19224
31296,703,13925
31297,986,19278
31298,1542,8160
31299,1788,5485
31300,879,19973
31301,564,18226
31302,6,11259
31303,1088,14997
31304,332,16183
31305,1946,614
31306,1089,3646
31307,849,14098
31308,603,12281
31309,1521,2344
31310,349,12898
31311,1222,12996
31312,909,2907
31313,1366,7898
31314,1939,1166
31315,1673,14397
31316,1363,3590
31317,39,14072
31318,1724,9546
31319,1337,3210
31320,766,7424
31321,1488,4345
31322,1472,6087
31323,1174,10104
31324,1804,14460
31325,1382,2047
31326,440,1660
31327,410,5382
31328,1737,16472
31329,826,13427
31330,1405,1517
31331,472,10112
31332,38,13808
31333,306,5216
31334,747,6164
31335,509,11320
31336,1941,18625
31337,150,15035
31338,1095,5353
31339,1123,13719
31340,337,9556
31341,789,3827
31342,697,6855
31343,1788,7523
31344,524,3906
31345,1253,679
31346,1465,18248
31347,1908,9154
31348,437,2338
31349,745,9136
31350,1278,13264
31351,863,16293
31352,1916,2995
31353,1630,19388
31354,1986,18749
31355,877,8063
31356,174,18748
31357,1639,4322
31358,1738,2877
31359,1300,13081
31360,1894,7840
31361,955,14748
31362,1999,283
31363,1143,8546
31364,1808,19095
31365,1477,19954
31366,1737,18130
31367,235,2679
31368,17,16566
31369,1423,9432
31370,1461,12317
31371,871,18284
31372,735,2157
31373,812,8689
31374,1687,16752
31375,964,16654
31376,1624,540
31377,798,5573
31378,1554,10498
31379,1284,11918
31380,1995,10461
31381,1491,13431
31382,1128,16168
31383,1941,17075
31384,308,8916
31385,501,2812
31386,104,4577
31387,1374,10661
31388,1378,9288
31389,186,13004
31390,1499,14313
31391,1082,848
31392,1741,14206
31393,480,5748
31394,441,4999
31395,49,15345
31396,42,17779
31397,677,1774
31398,818,18503
31399,1391,3777
31400,1870,14048
31401,1551,10040
31402,831,10840
31403,1437,11441
31404,1015,828
31405,1426,16895
31406,1283,12735
31407,1432,12072
31408,811,12564
31409,971,15961
31410,20,30
31411,548,19068
31412,1083,13464
31413,1623,17519
31414,277,10491
31415,192,6987
31416,714,7421
31417,1798,17390
31418,1167,6870
31419,1293,5825
31420,105,18914
31421,541,17571
31422,1744,5085
31423,1863,2170
31424,1715,3032
31425,1846,3247
31426,1580,7908
31427,731,18595
31428,1656,18254
31429,558,18136
31430,425,2091
31431,1905,3489
31432,67,9045
31433,593,333
31434,1106,9518
31435,304,5474
31436,1846,15641
31437,124,13871
31438,569,5991
31439,1546,14987
31440,1183,10575
31441,627,12063
31442,98,15726
31443,684,17431
31444,1201,6876
31445,1519,10343
31446,640,3621
31447,133,9768
31448,226,1219
31449,846,1678
31450,1248,5807
31451,1881,2956
31452,1056,19615
31453,745,14307
31454,1186,7571
31455,1240,1547
31456,1830,10359
31457,930,12235
31458,1595,7521
31459,327,8127
31460,1505,7270
31461,231,1942
31462,399,6968
31463,536,8002
31464,1813,11552
31465,944,9015
31466,623,8814
31467,1409,1082
31468,1595,7459
31469,1447,13144
31470,1328,4737
31471,1489,3487
31472,1462,1748
31473,1472,11284
31474,592,16972
31475,939,6348
31476,273,17470
31477,1633,19672
31478,510,16068
31479,966,13878
31480,1150,14667
31481,847,6056
31482,1248,7231
31483,1552,15924
31484,1868,4059
31485,1262,79
31486,1995,5217
31487,300,15056
31488,1738,9279
31489,1193,17419
31490,252,15109
31491,1731,15182
31492,1720,11556
31493,200,7471
31494,1393,1360
31495,1609,16647
31496,667,8416
31497,1170,8878
31498,1450,12853
31499,1224,11178
31500,1958,11932
31501,624,15302
31502,1666,8265
31503,609,6682
31504,555,2770
31505,1094,15682
31506,671,5883
31507,1299,2558
31508,1856,2637
31509,914,2655
31510,1185,2766
31511,1479,1479
31512,724,5973
31513,46,4946
31514,75,13505
31515,765,2944
31516,1764,8959
31517,1551,2529
31518,1008,3120
31519,1091,16573
31520,352,1066
31521,1351,13911
31522,1789,14215
31523,1193,19842
31524,599,17963
31525,986,260
31526,1228,5590
31527,1073,16274
31528,1273,3370
31529,187,13066
31530,1451,854
31531,1057,5903
31532,16,5545
31533,1863,2000
31534,911,18218
31535,528,18708
31536,336,8121
31537,492,16009
31538,297,7
31539,1051,19857
31540,1189,5115
31541,1740,8419
31542,1131,5045
31543,1165,18673
31544,1393,2286
31545,764,12798
31546,1076,16443
31547,1768,17834
31548,360,12207
31549,1787,16070
31550,802,15232
31551,1923,12319
31552,1669,6092
31553,1965,10
31554,1088,5923
31555,886,15992
31556,361,6276
31557,649,5500
31558,1959,17184
31559,736,19258
31560,1701,17466
31561,1673,5138
31562,510,7532
31563,79,14480
31564,1020,18657
31565,41,8165
31566,1100,1180
31567,1533,9270
31568,257,13171
31569,264,9893
31570,1297,12945
31571,664,8408
31572,11,15341
31573,489,5864
31574,973,11733
31575,613,16352
31576,230,2742
31577,1330,3630
31578,1984,8033
31579,1736,7436
31580,822,6184
31581,866,9343
31582,194,6653
31583,1270,14061
31584,1258,3141
31585,1337,5160
31586,935,8396
31587,728,18613
31588,667,6665
31589,1896,11545
31590,888,12524
31591,826,18538
31592,259,935
31593,1259,19401
31594,911,1129
31595,1862,15824
31596,1021,12761
31597,63,12684
31598,1032,8695
31599,1402,5925
31600,1252,6949
31601,1644,16341
31602,1476,4568
31603,1991,18117
31604,229,8662
31605,1944,17036
31606,1529,15968
31607,1634,18456
31608,1242,7712
31609,1147,18427
31610,1756,13081
31611,1070,2264
31612,168,4194
31613,1331,4537
31614,933,7366
31615,1384,1001
31616,615,6483
31617,1797,7128
31618,1796,9559
31619,1139,12249
31620,1684,18865
31621,144,6594
31622,731,14960
31623,1757,4042
31624,1175,14933
31625,1013,14524
31626,315,4162
31627,1837,7498
31628,1020,15352
31629,947,14661
31630,1105,3464
31631,1274,6043
31632,660,7152
31633,623,9862
31634,1625,4385
31635,1010,10414
31636,505,4556
31637,217,18040
31638,508,13173
31639,924,6406
31640,1082,13516
31641,1861,10810
31642,1945,8204
31643,1018,10972
31644,264,472
31645,1760,11448
31646,633,505
31647,1370,17330
31648,882,11818
31649,1560,19003
31650,550,19537
31651,1037,214
31652,712,11475
31653,1729,46
31654,1340,5644
31655,823,5001
31656,13,9748
31657,1524,19959
31658,492,5093
31659,1024,4669
31660,1333,3642
31661,182,2475
31662,210,4692
31663,139,9113
31664,1292,8866
31665,643,9303
31666,101,1205
31667,1702,5235
31668,1113,752
31669,1344,7723
31670,1042,4988
31671,1868,10601
31672,1696,7271
31673,1399,17088
31674,578,8684
31675,436,13101
31676,1683,19104
31677,1649,19597
31678,660,5052
31679,755,19686
31680,1653,18002
31681,1266,2540
31682,612,15904
31683,1797,3893
31684,1033,14774
31685,922,119
31686,17,15712
31687,1874,15892
31688,667,12375
31689,763,5330
31690,62,18987
31691,368,11522
31692,903,7362
31693,1801,10191
31694,203,14961
31695,511,14860
31696,1623,11056
31697,1077,1922
31698,199,154
31699,275,9622
31700,1257,16498
31701,544,5266
31702,701,15837
31703,1868,15869
31704,624,3251
31705,1800,15282
31706,1259,6253
31707,1489,10984
31708,749,10889
31709,1830,17335
31710,1061,13174
31711,966,17411
31712,1797,7799
31713,153,1210
31714,1138,15643
31715,1879,4998
31716,795,12193
31717,1139,13867
31718,1038,10454
31719,1786,14469
31720,399,8796
31721,355,12890
31722,629,17783
31723,1374,4331
31724,1116,4054
31725,1600,6026
31726,380,153
31727,766,3990
31728,1746,7618
31729,1808,19677
31730,1301,4653
31731,388,17370
31732,1801,8345
31733,616,16494
31734,456,8118
31735,1531,7896
31736,707,10952
31737,224,11240
31738,1366,10322
31739,1163,13599
31740,417,696
31741,715,8974
31742,692,4228
31743,326,13294
31744,1143,9828
31745,883,15074
31746,556,19435
31747,30,17799
31748,4,13699
31749,680,15528
31750,934,6784
31751,246,14164
31752,69,2878
31753,737,580
31754,419,3453
31755,1581,1114
31756,954,16526
31757,526,2353
31758,139,410
31759,1568,19593
31760,1279,14114
31761,1155,18017
31762,1816,15815
31763,708,1846
31764,1532,11960
31765,451,12675
31766,1544,17367
31767,843,18539
31768,1520,12349
31769,1514,3662
31770,30,3872
31771,1040,18250
31772,491,4236
31773,992,9039
31774,997,14747
31775,1503,5527
31776,1834,14558
31777,548,12520
31778,1730,10954
31779,778,5077
31780,973,14067
31781,1690,9777
31782,553,588
31783,655,7623
31784,1915,8536
31785,1541,13416
31786,834,15416
31787,861,2040
31788,673,16775
31789,90,12170
31790,1920,18027
31791,105,19348
31792,219,17071
31793,536,683
31794,655,5185
31795,403,15700
31796,178,10128
31797,739,19142
31798,1481,13473
31799,1695,3542
31800,1980,9942
31801,179,6213
31802,1653,10134
31803,1652,19732
31804,1438,8719
31805,1060,6446
31806,994,13242
31807,151,17493
31808,952,19431
31809,1098,2250
31810,1837,9627
31811,1930,1487
31812,1732,17845
31813,1554,8491
31814,1556,14284
31815,1218,6228
31816,649,9632
31817,1440,539
31818,1053,4377
31819,125,1380
31820,765,9917
31821,1526,8306
31822,1977,16697
31823,1182,2224
31824,1519,1426
31825,888,17630
31826,1768,3228
31827,1933,6830
31828,78,6207
31829,131,14567
31830,1319,15770
31831,1778,1955
31832,401,13765
31833,938,2811
31834,503,18835
31835,585,17513
31836,206,4683
31837,518,18388
31838,1768,4861
31839,952,12024
31840,1795,7273
31841,1458,11128
31842,334,14067
31843,334,1910
31844,1675,16103
31845,1030,16755
31846,59,11052
31847,1066,12295
31848,464,19542
31849,1817,17802
31850,62,15891
31851,989,6226
31852,1055,7005
31853,796,5500
31854,1705,2888
31855,266,6159
31856,852,6217
31857,25,3011
31858,1661,18944
31859,934,1085
31860,846,12360
31861,951,4019
31862,1137,573
31863,1422,19026
31864,1072,3581
31865,656,13731
31866,1217,14798
31867,690,15900
31868,1375,8011
31869,1717,12163
31870,289,9994
31871,810,5102
31872,1018,4656
31873,1316,8295
31874,836,13388
31875,287,9747
31876,1215,11909
31877,1047,14666
31878,123,8383
31879,1252,4577
31880,714,7056
31881,1160,19069
31882,732,7646
31883,1865,14365
31884,341,18189
31885,316,596
31886,1979,2407
31887,632,5117
31888,91,118
31889,1229,3819
31890,1782,11437
31891,128,2866
31892,1390,1860
31893,1935,645
31894,921,18914
31895,1737,4932
31896,1483,3792
31897,854,6744
31898,990,17769
31899,83,19280
31900,828,13043
31901,574,1181
31902,1875,17043
31903,1924,9064
31904,1892,7149
31905,200,4854
31906,778,9242
31907,1739,893
31908,594,7262
31909,1122,6682
31910,1255,12389
31911,1017,14878
31912,1765,16446
31913,431,2584
31914,1647,5346
31915,1215,10158
31916,418,1381
31917,908,18352
31918,1565,12303
31919,1734,11983
31920,1823,5289
31921,1228,7354
31922,1281,12354
31923,1596,9142
31924,1652,2357
31925,818,5631
31926,1091,14240
31927,1931,16488
31928,401,16642
31929,534,13129
31930,1389,13118
31931,1596,4720
31932,225,2258
31933,481,11469
31934,1487,16073
31935,667,10854
31936,965,17109
31937,1921,6937
31938,1802,2285
31939,168,14545
31940,1218,2039
31941,103,420
31942,724,19580
31943,897,16748
31944,803,754
31945,1672,18701
31946,1192,728
31947,534,2976
31948,1399,5043
31949,939,10524
31950,1496,7625
31951,1207,11688
31952,1610,17407
31953,115,13607
31954,1003,8894
31955,1969,10142
31956,121,11653
31957,954,14796
31958,1803,8872
31959,1450,2672
31960,228,13693
31961,1994,9932
31962,203,2889
31963,1581,8629
31964,1223,5300
31965,905,1264
31966,525,1793
31967,623,3773
31968,1240,17173
31969,1811,12341
31970,147,6732
31971,1384,9753
31972,898,17604
31973,140,9142
31974,1855,4379
31975,507,998
31976,1475,9143
31977,1017,12517
31978,84,6715
31979,1200,5777
31980,465,1581
31981,1402,16327
31982,511,13245
31983,410,2832
31984,786,14625
31985,1700,2502
31986,1007,3235
31987,799,2388
31988,1358,16367
31989,1244,2701
31990,1103,18918
31991,1209,15383
31992,1104,2309
31993,10,14158
31994,120,9528
31995,1923,15021
31996,875,1462
31997,4,19366
31998,377,2297
31999,1003,9655
32000,319,10332
32001,1869,8328
32002,941,17243
32003,367,16520
32004,232,18406
32005,1927,7811
32006,1881,9295
32007,657,18628
32008,198,13873
32009,272,4098
32010,1818,2595
32011,1214,7318
32012,666,14040
32013,1926,17120
32014,636,19015
32015,1531,17355
32016,886,18550
32017,949,14302
32018,879,5576
32019,607,583
32020,459,12468
32021,1347,17119
32022,15,1876
32023,774,15308
32024,1711,9925
32025,787,18495
32026,1777,14008
32027,52,8619
32028,1302,10619
32029,1816,9783
32030,1684,1644
32031,1270,3629
32032,902,2638
32033,1526,2172
32034,977,9778
32035,1694,17907
32036,736,1363
32037,1871,3154
32038,1836,6764
32039,1931,9025
32040,65,14455
32041,1110,2464
32042,391,11378
32043,1565,272
32044,1667,11823
32045,1599,17950
32046,1841,4535
32047,963,4507
32048,1039,5263
32049,311,1150
32050,1242,10366
32051,1117,12065
32052,1795,12109
32053,1215,6490
32054,233,1140
32055,187,5153
32056,435,17014
32057,603,18350
32058,1585,15150
32059,1121,1337
32060,721,17862
32061,1691,14343
32062,739,8472
32063,1421,14949
32064,425,9659
32065,155,11411
32066,599,6861
32067,534,17611
32068,579,19702
32069,1002,7128
32070,54,12007
32071,905,10819
32072,930,11273
32073,520,15452
32074,195,18027
32075,560,9402
32076,1725,6722
32077,526,9975
32078,268,7549
32079,1195,697
32080,327,11585
32081,1271,16044
32082,1698,13866
32083,697,11013
32084,636,5980
32085,220,5810
32086,473,10903
32087,1338,8618
32088,1594,19493
32089,1667,7701
32090,723,798
32091,1663,305
32092,1596,15287
32093,1595,2089
32094,190,12279
32095,1667,10307
32096,825,6081
32097,126,17676
32098,583,6350
32099,1251,16578
32100,1919,6073
32101,479,15531
32102,874,11177
32103,135,14132
32104,1154,15862
32105,1754,13161
32106,1288,6999
32107,406,5266
32108,1394,19233
32109,937,1832
32110,1141,750
32111,1460,7640
32112,568,16978
32113,1243,2190
32114,1886,17625
32115,1905,11428
32116,752,854
32117,1052,12105
32118,6,12936
32119,1966,7281
32120,1341,15363
32121,168,15048
32122,56,4342
32123,917,12729
32124,1565,10452
32125,1901,9885
32126,917,11940
32127,893,18886
32128,1803,2742
32129,713,18046
32130,1095,17903
32131,1080,17003
32132,361,13633
32133,1126,1639
32134,288,2488
32135,988,3940
32136,1879,8773
32137,760,14115
32138,1488,13464
32139,925,10228
32140,50,18961
32141,795,10093
32142,1978,2886
32143,1513,9208
32144,1545,3721
32145,162,10840
32146,198,8296
32147,1940,13750
32148,56,11315
32149,24,16525
32150,862,6116
32151,77,5252
32152,21,10361
32153,1866,10523
32154,1384,3205
32155,690,6874
32156,678,9876
32157,1991,17097
32158,1206,8340
32159,849,2525
32160,166,14250
32161,1658,8588
32162,1299,3144
32163,1999,16961
32164,1734,17143
32165,993,17819
32166,1785,14466
32167,930,4360
32168,710,19710
32169,141,1432
32170,1513,18812
32171,432,661
32172,760,2926
32173,1028,11992
32174,1523,16317
32175,1886,17181
32176,827,18399
32177,150,5484
32178,1339,3835
32179,525,17885
32180,83,388
32181,1166,7646
32182,803,9752
32183,84,13049
32184,67,12707
32185,1710,11284
32186,192,3400
32187,558,6667
32188,1468,11359
32189,1367,8842
32190,1401,9601
32191,1075,13479
32192,548,14106
32193,602,13730
32194,1090,15966
32195,950,1879
32196,1932,3119
32197,326,8033
32198,1367,14988
32199,956,9294
32200,1321,15042
32201,1346,4868
32202,1540,6853
32203,1326,4580
32204,750,7401
32205,1107,8153
32206,1348,11860
32207,552,6476
32208,254,15364
32209,1,14151
32210,1522,1157
32211,1386,7649
32212,1590,4517
32213,1031,18773
32214,800,14271
32215,608,9290
32216,1378,8434
32217,399,3465
32218,709,5340
32219,1992,2499
32220,466,11806
32221,662,3451
32222,185,3956
32223,1287,14745
32224,565,4004
32225,944,3807
32226,1037,7381
32227,341,9515
32228,1051,6955
32229,504,375
32230,968,9982
32231,1919,762
32232,261,4099
32233,801,1895
32234,807,8497
32235,105,19760
32236,1123,9662
32237,529,19026
32238,451,113
32239,1313,2161
32240,1578,14782
32241,530,19168
32242,1778,16653
32243,875,6683
32244,813,19279
32245,1025,8938
32246,1587,11304
32247,238,400
32248,184,344
32249,573,13163
32250,1723,11318
32251,1123,3157
32252,1070,11939
32253,1702,13028
32254,95,14336
32255,1956,18258
32256,1651,19300
32257,1419,696
32258,449,523
32259,1647,6683
32260,963,10292
32261,1937,16828
32262,176,6855
32263,346,2540
32264,1446,16947
32265,388,10590
32266,1623,7387
32267,1903,12251
32268,1492,2519
32269,1579,3986
32270,1886,731
32271,254,5815
32272,754,4668
32273,290,11413
32274,1426,18299
32275,227,16771
32276,850,15029
32277,477,6802
32278,1030,11909
32279,563,2891
32280,213,15373
32281,1524,11122
32282,570,13379
32283,1344,2119
32284,488,9298
32285,618,12329
32286,1623,12253
32287,324,18965
32288,587,478
32289,1588,3621
32290,1749,11033
32291,1579,19984
32292,1990,5047
32293,606,17617
32294,1875,4964
32295,199,14444
32296,1937,7717
32297,1352,12594
32298,174,7065
32299,70,7637
32300,1865,13902
32301,345,13374
32302,450,10940
32303,1182,1969
32304,189,19253
32305,20,10215
32306,1891,4121
32307,812,13144
32308,1262,11978
32309,842,13375
32310,552,4624
32311,1362,9732
32312,1570,2067
32313,1412,5254
32314,1642,4681
32315,454,3596
32316,1866,8298
32317,1200,16994
32318,113,12789
32319,560,14797
32320,1658,10993
32321,1826,462
32322,572,19441
32323,830,15938
32324,835,15654
32325,284,17124
32326,1868,1665
32327,1041,3943
32328,373,9082
32329,319,16533
32330,644,8126
32331,1706,6348
32332,1060,16585
32333,581,2152
32334,358,1122
32335,521,1705
32336,216,6033
32337,950,14215
32338,708,6205
32339,898,8549
32340,394,1177
32341,1093,10177
32342,1265,6893
32343,1258,10368
32344,1215,1868
32345,908,12248
32346,1039,10113
32347,1678,10314
32348,537,16968
32349,1652,10494
32350,1559,5537
32351,111,5406
32352,382,19431
32353,1999,13502
32354,1518,18427
32355,193,12731
32356,1647,3828
32357,42,9736
32358,319,6316
32359,1846,10193
32360,103,10661
32361,8,12901
32362,356,6981
32363,343,13003
32364,1372,8885
32365,586,12642
32366,900,3138
32367,764,8254
32368,909,18082
32369,943,12503
32370,293,11705
32371,613,13581
32372,789,13895
32373,1446,8994
32374,1356,12290
32375,1103,8170
32376,734,7759
32377,422,2502
32378,1474,5174
32379,463,10037
32380,418,14196
32381,1761,11228
32382,85,12392
32383,1894,8060
32384,832,19223
32385,1196,13134
32386,1940,12426
32387,116,13424
32388,880,7127
32389,1629,2018
32390,14,1786
32391,728,8963
32392,1813,2098
32393,1865,17605
32394,182,19313
32395,1804,2545
32396,258,7547
32397,130,3698
32398,1277,777
32399,989,2280
32400,1826,8915
32401,652,14194
32402,461,17469
32403,1244,4415
32404,211,12092
32405,1380,6366
32406,1634,13393
32407,540,6526
32408,8,9340
32409,280,15296
32410,1730,13753
32411,1040,10874
32412,564,16272
32413,891,19580
32414,696,5378
32415,1488,887
32416,1002,13252
32417,736,10895
32418,1509,4930
32419,722,8151
32420,389,13254
32421,648,12530
32422,1811,8661
32423,1482,921
32424,1377,14605
32425,816,8622
32426,1799,7271
32427,698,7789
32428,1360,8168
32429,162,13472
32430,478,3860
32431,477,12476
32432,733,12749
32433,1615,18714
32434,262,9931
32435,202,19398
32436,157,17298
32437,1130,19799
32438,680,2018
32439,373,3203
32440,1521,16814
32441,520,14215
32442,80,8459
32443,1873,18352
32444,388,2730
32445,1293,10731
32446,1419,9296
32447,121,4451
32448,1700,2353
32449,194,10741
32450,99,1770
32451,132,2926
32452,1587,16323
32453,990,169
32454,1858,11240
32455,243,13670
32456,1383,11827
32457,801,13131
32458,146,18905
32459,1428,1017
32460,800,10291
32461,362,1581
32462,91,11452
32463,798,836
32464,647,1342
32465,1413,8108
32466,744,13561
32467,1678,8358
32468,1003,15109
32469,1177,13829
32470,1042,6450
32471,1953,5382
32472,1356,18041
32473,1917,16772
32474,342,5897
32475,589,9920
32476,740,4762
32477,1834,17080
32478,997,13058
32479,1067,11336
32480,470,616
32481,1975,10108
32482,1917,15526
32483,688,8486
32484,771,19200
32485,624,18872
32486,1564,17205
32487,1481,2960
32488,1065,19559
32489,386,6020
32490,72,10209
32491,1865,10202
32492,954,9832
32493,1424,2270
32494,159,4946
32495,851,12923
32496,1634,18437
32497,344,14926
32498,1789,691
32499,1045,763
32500,604,2856
32501,1917,5377
32502,1384,400
32503,1650,7711
32504,1922,19170
32505,1230,12241
32506,1129,6373
32507,951,10632
32508,820,13164
32509,1209,8258
32510,896,2794
32511,1462,4554
32512,399,12487
32513,174,2508
32514,1939,16734
32515,1329,3336
32516,23,14925
32517,681,5990
32518,1511,1011
32519,1992,13529
32520,1115,10193
32521,1271,17115
32522,648,5271
32523,333,4976
32524,202,17991
32525,947,10741
32526,645,10054
32527,1321,13750
32528,1118,7829
32529,1040,12671
32530,1869,1856
32531,152,15300
32532,1866,17638
32533,336,18035
32534,515,13773
32535,1540,5676
32536,1523,15457
32537,1397,11081
32538,164,869
32539,1404,16679
32540,701,4589
32541,102,15788
32542,1531,8946
32543,588,17329
32544,599,17431
32545,1622,8208
32546,209,18014
32547,1754,13489
32548,1525,2689
32549,560,10225
32550,1620,2909
32551,778,7092
32552,1791,12023
32553,243,28
32554,597,16052
32555,762,10314
32556,165,992
32557,1310,1269
32558,1778,14461
32559,1564,5291
32560,1223,16746
32561,1805,11920
32562,1510,19726
32563,1668,8235
32564,180,4104
32565,470,17930
32566,687,3224
32567,226,11205
32568,678,17174
32569,719,25
32570,1526,19650
32571,62,12312
32572,1033,514
32573,644,1496
32574,392,6515
32575,1348,7969
32576,404,14119
32577,986,6043
32578,311,19410
32579,1529,9533
32580,1995,2478
32581,1527,17157
32582,1826,7077
32583,281,11330
32584,600,19368
32585,1355,18369
32586,22,11874
32587,1194,12177
32588,1770,1046
32589,1302,5340
32590,597,16999
32591,1428,16463
32592,802,10204
32593,384,11482
32594,440,18735
32595,453,549
32596,1538,5251
32597,1190,11004
32598,1215,14369
32599,1522,18798
32600,1428,7638
32601,589,16600
32602,899,15757
32603,1430,3777
32604,1729,8155
32605,1237,13857
32606,635,14727
32607,697,8251
32608,1148,15929
32609,462,10404
32610,1328,2035
32611,1826,13946
32612,1909,2998
32613,410,1669
32614,1125,5979
32615,1467,6865
32616,1893,4171
32617,500,16808
32618,1444,15777
32619,1222,3589
32620,417,1292
32621,443,12692
32622,767,17243
32623,153,13433
32624,920,12394
32625,1223,8497
32626,400,4243
32627,984,14302
32628,313,12505
32629,323,5194
32630,30,10334
32631,1852,8678
32632,595,13936
32633,1589,6957
32634,1292,15941
32635,227,2508
32636,1728,2120
32637,760,5373
32638,360,17915
32639,309,10506
32640,353,3912
32641,1098,18953
32642,1973,11410
32643,1294,11194
32644,1194,9100
32645,1515,3785
32646,272,7563
32647,21,14320
32648,1849,15847
32649,98,10252
32650,1140,9382
32651,841,2627
32652,1285,3601
32653,798,16352
32654,483,19524
32655,776,18084
32656,506,18787
32657,1261,14519
32658,1483,13623
32659,1355,11195
32660,726,15063
32661,153,2178
32662,1168,16118
32663,707,12925
32664,345,495
32665,993,7116
32666,1936,15898
32667,1258,17012
32668,1133,9823
32669,1058,9954
32670,827,2599
32671,1903,11167
32672,1767,4394
32673,1024,6291
32674,1052,5835
32675,572,16692
32676,572,777
32677,1845,12880
32678,452,6020
32679,1444,19649
32680,1915,16582
32681,101,12816
32682,969,4383
32683,485,2121
32684,501,19832
32685,977,19608
32686,1980,327
32687,555,6257
32688,1153,4689
32689,140,10022
32690,527,18914
32691,1227,4532
32692,54,13478
32693,413,19718
32694,730,9992
32695,725,7536
32696,463,2712
32697,1621,10189
32698,907,8029
32699,1562,6881
32700,303,19553
32701,1043,8672
32702,221,16649
32703,689,4808
32704,492,9575
32705,106,13877
32706,1106,662
32707,51,19197
32708,1541,2374
32709,516,11548
32710,531,7042
32711,1962,15793
32712,901,7959
32713,457,4513
32714,167,808
32715,788,13388
32716,745,10513
32717,1907,7902
32718,350,15150
32719,401,14731
32720,1495,11099
32721,1090,14727
32722,632,19603
32723,1571,7342
32724,866,16034
32725,1262,4492
32726,526,9296
32727,898,13377
32728,961,1934
32729,1658,1159
32730,759,16887
32731,1362,12422
32732,324,4147
32733,1428,1116
32734,1121,13306
32735,210,12816
32736,177,190
32737,544,17098
32738,1035,2960
32739,1439,13359
32740,243,18368
32741,23,3252
32742,1614,17630
32743,724,1574
32744,1778,7261
32745,1899,7059
32746,1837,4070
32747,205,1582
32748,739,13554
32749,1697,14553
32750,1302,12680
32751,1278,9720
32752,1990,983
32753,1039,83
32754,648,9057
32755,816,11087
32756,435,18055
32757,155,15071
32758,1526,12866
32759,1669,15085
32760,277,9178
32761,1885,8729
32762,1621,13837
32763,1187,13644
32764,1122,1467
32765,263,1791
32766,686,11711
32767,1972,6647
32768,570,18793
32769,726,17102
32770,1903,9204
32771,544,17604
32772,1770,18083
32773,1131,3837
32774,1987,5678
32775,472,5893
32776,1145,14611
32777,1005,12746
32778,1016,8342
32779,366,8477
32780,1061,15418
32781,1527,34
32782,22,1001
32783,1873,8121
32784,293,2668
32785,1218,16455
32786,1017,3731
32787,431,16100
32788,657,8842
32789,1223,4199
32790,368,5530
32791,1246,15071
32792,510,10312
32793,962,14893
32794,450,13758
32795,1662,3786
32796,1982,7333
32797,1632,1441
32798,1355,7929
32799,987,17759
32800,808,11902
32801,1495,14649
32802,42,14288
32803,1176,10892
32804,839,6636
32805,193,16718
32806,229,4920
32807,1919,17717
32808,1886,3198
32809,1236,10799
32810,1707,1628
32811,1832,19478
32812,956,4409
32813,1522,17538
32814,999,9998
32815,1771,1372
32816,823,11305
32817,6,7896
32818,699,12700
32819,586,6477
32820,1624,18914
32821,1228,8579
32822,1973,7886
32823,1478,1367
32824,331,13413
32825,1758,6861
32826,940,2436
32827,1599,14521
32828,1665,4454
32829,1551,4445
32830,1475,19198
32831,194,12307
32832,1965,12410
32833,443,720
32834,1466,13869
32835,1237,3604
32836,1348,17051
32837,1385,18418
32838,1223,11958
32839,87,16420
32840,1776,9447
32841,1818,19731
32842,116,6383
32843,223,4914
32844,7,56
32845,1874,15142
32846,605,10362
32847,1463,7047
32848,1735,7870
32849,696,3369
32850,932,5836
32851,1368,7518
32852,1703,567
32853,1598,6867
32854,942,3169
32855,766,4565
32856,1017,1638
32857,1931,10857
32858,1264,16472
32859,531,18300
32860,809,7890
32861,884,11369
32862,1855,11080
32863,999,16596
32864,232,16311
32865,1811,16898
32866,1981,17269
32867,119,5129
32868,419,1358
32869,1913,13146
32870,140,5346
32871,1288,19086
32872,1791,17491
32873,1607,10511
32874,1406,5053
32875,309,17884
32876,1654,18937
32877,1343,17767
32878,383,9296
32879,1114,4999
32880,174,16407
32881,661,17358
32882,1262,18230
32883,544,3748
32884,125,6934
32885,5,5853
32886,1550,18947
32887,926,13366
32888,1581,1486
32889,33,8841
32890,1660,8198
32891,1791,1416
32892,133,3167
32893,852,522
32894,603,14752
32895,350,17409
32896,830,6433
32897,167,1652
32898,480,17426
32899,1149,19616
32900,1730,17011
32901,1746,10187
32902,925,13788
32903,1043,10150
32904,1588,11415
32905,1731,11056
32906,1218,8989
32907,527,8344
32908,1128,16844
32909,474,14103
32910,633,12489
32911,545,19596
32912,279,2857
32913,878,14088
32914,1242,16323
32915,460,1535
32916,1656,4768
32917,78,12544
32918,1352,18338
32919,1468,17143
32920,677,7113
32921,1667,4029
32922,132,17364
32923,964,14917
32924,1119,7484
32925,759,10941
32926,1486,17710
32927,302,6139
32928,72,6537
32929,1427,15189
32930,1257,8010
32931,1300,2741
32932,432,5479
32933,1223,14454
32934,526,19139
32935,982,4824
32936,600,23
32937,559,16884
32938,1460,9009
32939,1364,18854
32940,1518,8540
32941,774,703
32942,822,6344
32943,336,19515
32944,784,15328
32945,795,14531
32946,1197,17332
32947,191,1370
32948,1229,12496
32949,860,8449
32950,573,16391
32951,1888,6151
32952,1803,15666
32953,1661,4560
32954,1549,13740
32955,1903,18578
32956,1230,11519
32957,63,13600
32958,1094,13935
32959,1316,5607
32960,137,15922
32961,436,4030
32962,1107,14772
32963,896,4732
32964,35,4236
32965,1632,6094
32966,1542,2273
32967,1811,7892
32968,1009,14163
32969,267,18694
32970,1189,5340
32971,79,16880
32972,316,16310
32973,465,6978
32974,1985,19413
32975,1266,3796
32976,729,7001
32977,271,5315
32978,750,10098
32979,345,127
32980,905,2021
32981,1614,2748
32982,1145,1385
32983,1003,2691
32984,110,10535
32985,1387,19266
32986,1469,15723
32987,475,8068
32988,1629,1615
32989,1927,12445
32990,437,2309
32991,1593,7232
32992,521,5231
32993,1327,6505
32994,1630,2887
32995,647,16975
32996,1500,12651
32997,240,16947
32998,729,19833
32999,383,13797
33000,1680,12735
33001,1243,16231
33002,31,6963
33003,1127,4740
33004,977,8176
33005,377,6836
33006,768,166
33007,1079,6741
33008,1240,13333
33009,1366,9363
33010,1578,11783
33011,1476,3646
33012,1194,12104
33013,1055,2421
33014,723,6719
33015,1542,8382
33016,1570,15005
33017,1857,4882
33018,1187,12244
33019,218,6381
33020,733,4895
33021,1568,744
33022,1572,3655
33023,1085,12774
33024,146,13781
33025,1015,6257
33026,249,9076
33027,1400,14780
33028,1552,8945
33029,1922,2774
33030,1257,13410
33031,81,335
33032,1487,13041
33033,1546,12502
33034,1220,19261
33035,134,9807
33036,873,9175
33037,636,2799
33038,489,14050
33039,984,13110
33040,1372,18595
33041,17,1063
33042,1189,16510
33043,1848,17196
33044,1418,17668
33045,868,9934
33046,700,16139
33047,181,15214
33048,166,9355
33049,645,3664
33050,1038,8515
33051,720,10614
33052,1041,2330
33053,1766,7107
33054,982,9917
33055,438,19121
33056,309,8959
33057,1676,7711
33058,1117,8063
33059,1748,4170
33060,164,5959
33061,1921,9303
33062,288,3303
33063,1406,15308
33064,1583,11735
33065,454,18027
33066,1754,16702
33067,260,6671
33068,798,585
33069,997,16783
33070,1807,5841
33071,71,915
33072,1183,9235
33073,222,9653
33074,524,1432
33075,930,3030
33076,86,16934
33077,1443,19721
33078,1619,3742
33079,1277,9395
33080,876,5414
33081,147,10222
33082,912,11203
33083,950,2758
33084,1509,13399
33085,452,13898
33086,437,8243
33087,960,4694
33088,349,10964
33089,883,5854
33090,1208,160
33091,1500,3631
33092,1860,831
33093,1918,9803
33094,1519,1684
33095,1668,10551
33096,1428,19433
33097,609,9081
33098,1011,18535
33099,227,1631
33100,255,9522
33101,445,12963
33102,492,5026
33103,554,10210
33104,998,5078
33105,1757,7168
33106,392,11744
33107,155,9747
33108,456,13060
33109,1307,11985
33110,1312,786
33111,1279,2698
33112,439,841
33113,1408,18443
33114,999,13306
33115,970,321
33116,1202,7703
33117,651,5868
33118,678,6193
33119,37,8056
33120,1111,12625
33121,332,12867
33122,520,8283
33123,1693,16708
33124,1839,7610
33125,1655,7397
33126,456,7690
33127,1950,454
33128,457,10076
33129,1690,9743
33130,1960,6694
33131,1590,11941
33132,100,11213
33133,564,3429
33134,192,17874
33135,632,19720
33136,1297,17197
33137,770,3952
33138,1132,12459
33139,1461,2757
33140,639,18260
33141,534,14815
33142,294,4863
33143,1503,9132
33144,553,11111
33145,1068,7604
33146,122,11046
33147,1796,12921
33148,1889,19627
33149,804,17690
33150,656,14094
33151,169,358
33152,1981,7758
33153,1606,18198
33154,1166,709
33155,1644,12094
33156,40,3413
33157,895,9153
33158,144,3164
33159,1518,9284
33160,221,8643
33161,1759,6612
33162,1016,11594
33163,98,2540
33164,389,7643
33165,1056,4813
33166,1411,1917
33167,623,3528
33168,531,18649
33169,585,6890
33170,1000,3277
33171,652,2847
33172,509,16198
33173,506,2568
33174,131,3559
33175,974,12610
33176,1828,10597
33177,165,18514
33178,203,19787
33179,1190,8267
33180,1456,3697
33181,1936,1808
33182,1927,10208
33183,1443,17341
33184,1787,9337
33185,1478,11072
33186,168,15478
33187,274,9000
33188,1658,18947
33189,188,536
33190,431,7763
33191,1083,15160
33192,399,9056
33193,1918,5330
33194,576,18139
33195,1712,188
33196,476,18724
33197,88,8010
33198,1742,18713
33199,1574,5952
33200,479,10230
33201,1911,5090
33202,1869,15718
33203,1919,29
33204,606,12007
33205,1087,1076
33206,1495,2822
33207,696,14204
33208,457,7471
33209,1827,2258
33210,347,19603
33211,842,15957
33212,671,2958
33213,1251,1773
33214,1897,9958
33215,389,14239
33216,1127,3063
33217,1027,7362
33218,271,258
33219,301,11299
33220,1272,17033
33221,1869,18240
33222,1270,19922
33223,1482,9808
33224,1733,8015
33225,1023,8119
33226,1234,3652
33227,1450,18597
33228,688,1140
33229,21,18492
33230,1036,12013
33231,1125,8833
33232,903,17591
33233,1698,6532
33234,1596,19593
33235,539,7064
33236,686,11945
33237,1395,14829
33238,1385,3053
33239,1349,17564
33240,1432,11271
33241,791,6556
33242,1924,18938
33243,1760,7652
33244,1301,16899
33245,499,14314
33246,533,15772
33247,1285,10046
33248,720,4712
33249,667,10059
33250,380,13173
33251,1653,12249
33252,470,10077
33253,1170,13354
33254,149,19404
33255,1733,5221
33256,1656,16558
33257,1690,5968
33258,122,7767
33259,469,17762
33260,896,6169
33261,222,9073
33262,239,3379
33263,723,9752
33264,686,14066
33265,1166,1462
33266,696,503
33267,61,7475
33268,189,16234
33269,1558,17304
33270,384,6389
33271,1716,18597
33272,9,1917
33273,1134,8950
33274,1146,10202
33275,1195,2413
33276,1331,4499
33277,1275,13121
33278,295,12206
33279,1722,7155
33280,1192,9107
33281,68,16507
33282,727,7383
33283,1906,8043
33284,1890,746
33285,1941,16804
33286,642,3817
33287,1584,11022
33288,1590,7611
33289,985,5845
33290,465,12451
33291,1046,7240
33292,697,12221
33293,1381,15848
33294,1215,12734
33295,330,6398
33296,1134,5913
33297,586,14316
33298,1740,1627
33299,863,17239
33300,1859,17023
33301,515,11879
33302,1655,19207
33303,1875,12735
33304,1145,7188
33305,1221,10536
33306,823,7996
33307,1603,4928
33308,1223,12072
33309,1186,13720
33310,1922,6245
33311,897,2293
33312,1227,15923
33313,306,16236
33314,379,5840
33315,1044,14616
33316,1486,1794
33317,768,2432
33318,1253,4122
33319,869,8140
33320,1194,9429
33321,935,8049
33322,566,15660
33323,809,11179
33324,1109,4033
33325,1126,3253
33326,2000,17971
33327,1897,13252
33328,362,13847
33329,1008,7261
33330,1774,16070
33331,658,16846
33332,807,10225
33333,341,12622
33334,1252,7205
33335,334,6343
33336,204,246
33337,219,2032
33338,1869,8640
33339,432,13766
33340,664,17654
33341,5,6623
33342,983,7746
33343,140,12599
33344,622,8499
33345,678,18558
33346,1583,12436
33347,1230,18931
33348,1981,19612
33349,1328,11887
33350,433,5739
33351,1105,13428
33352,55,17009
33353,1297,10097
33354,30,2391
33355,904,17651
33356,766,17435
33357,1678,9760
33358,438,12151
33359,1180,14226
33360,1887,8451
33361,758,18181
33362,1993,15223
33363,223,10287
33364,297,8528
33365,120,17140
33366,1423,19550
33367,1125,2045
33368,1673,1905
33369,1125,2611
33370,816,19662
33371,1638,2648
33372,1241,19039
33373,1820,16660
33374,1348,1305
33375,1634,19320
33376,1883,8610
33377,1031,3130
33378,288,9514
33379,98,18481
33380,1746,4154
33381,1985,11734
33382,1226,12216
33383,1917,13787
33384,726,17229
33385,1493,19795
33386,1825,5199
33387,890,19243
33388,1175,13621
33389,690,10780
33390,616,13612
33391,896,437
33392,1105,1337
33393,417,18310
33394,111,13252
33395,1145,11141
33396,50,19493
33397,1572,13912
33398,871,2603
33399,701,19413
33400,1966,569
33401,1957,592
33402,1467,7704
33403,314,2198
33404,442,2197
33405,952,6435
33406,1762,18685
33407,1414,3234
33408,1643,16565
33409,1003,2318
33410,1308,1472
33411,1240,12285
33412,678,1516
33413,793,6085
33414,1036,268
33415,1604,9864
33416,834,631
33417,353,18642
33418,517,7040
33419,905,4917
33420,1063,17350
33421,1550,12003
33422,1895,4945
33423,1053,15813
33424,1994,15666
33425,841,2814
33426,1693,3670
33427,282,5020
33428,1884,18687
33429,972,13786
33430,1628,10573
33431,782,13375
33432,683,13566
33433,1603,19096
33434,785,15311
33435,783,17515
33436,123,14704
33437,1876,19067
33438,719,450
33439,832,8577
33440,910,4466
33441,1943,6673
33442,1331,12835
33443,838,3979
33444,869,16890
33445,1744,653
33446,786,8922
33447,1497,10292
33448,1950,7811
33449,1580,2185
33450,448,8067
33451,780,17715
33452,525,5235
33453,221,580
33454,332,6359
33455,1335,5682
33456,1709,6512
33457,677,8104
33458,1746,18093
33459,544,11560
33460,454,1123
33461,1756,17583
33462,1004,2961
33463,148,1182
33464,1766,9737
33465,471,19291
33466,1252,1216
33467,1342,10029
33468,195,15378
33469,1091,10728
33470,201,1722
33471,1183,5081
33472,1874,14060
33473,1896,14706
33474,1239,2137
33475,1837,12710
33476,693,480
33477,848,3843
33478,1970,18969
33479,1122,210
33480,44,17012
33481,287,12950
33482,511,7648
33483,1264,19087
33484,29,4088
33485,1605,9094
33486,799,8730
33487,1238,5201
33488,195,3759
33489,1552,17290
33490,1038,14896
33491,1672,6042
33492,1343,19818
33493,458,3831
33494,630,2428
33495,1328,19317
33496,1018,11875
33497,1798,13496
33498,1317,19827
33499,1384,14764
33500,346,3631
33501,443,6329
33502,1084,13937
33503,813,10113
33504,161,1921
33505,1975,5847
33506,328,3066
33507,319,9939
33508,1859,13047
33509,686,14874
33510,1156,19372
33511,593,14936
33512,754,2578
33513,216,16356
33514,812,9362
33515,1062,11152
33516,1910,8396
33517,322,7317
33518,1678,18136
33519,1143,2138
33520,1811,6448
33521,862,11919
33522,292,3332
33523,1689,8837
33524,1620,4207
33525,1327,3171
33526,313,900
33527,946,12683
33528,739,18475
33529,10,16729
33530,1731,3815
33531,175,2566
33532,646,6792
33533,1449,8097
33534,1292,17090
33535,1508,4133
33536,1973,5292
33537,899,13500
33538,1347,18954
33539,1758,19622
33540,1429,5325
33541,952,11256
33542,191,14309
33543,936,11846
33544,46,17147
33545,1377,10302
33546,1352,13713
33547,940,7998
33548,1735,7442
33549,97,10652
33550,1053,17213
33551,818,8296
33552,949,16144
33553,1745,1274
33554,1762,11827
33555,458,4550
33556,1406,19359
33557,359,11792
33558,123,5584
33559,310,16815
33560,1531,15272
33561,775,13808
33562,977,13612
33563,17,19701
33564,1239,11418
33565,461,13259
33566,761,5050
33567,231,1365
33568,815,19783
33569,1590,7689
33570,748,18209
33571,1249,15493
33572,1421,18622
33573,912,11020
33574,740,5239
33575,200,6436
33576,304,8079
33577,1124,12968
33578,616,699
33579,241,11077
33580,1474,8426
33581,1395,11318
33582,1998,10247
33583,325,17786
33584,1134,2696
33585,405,5466
33586,119,5300
33587,423,19124
33588,1917,12435
33589,862,19476
33590,1077,2403
33591,113,11815
33592,147,16738
33593,1774,18100
33594,651,8398
33595,1013,1204
33596,429,9198
33597,70,7463
33598,1063,11693
33599,211,12499
33600,1141,16685
33601,1337,1398
33602,1988,19570
33603,1705,14296
33604,418,4380
33605,1781,14777
33606,40,127
33607,1411,17847
33608,1160,16300
33609,1749,11255
33610,1589,13073
33611,440,1155
33612,1236,7082
33613,243,8244
33614,1798,19972
33615,1139,7094
33616,1995,2493
33617,219,2170
33618,98,16823
33619,1528,17570
33620,305,16542
33621,1573,592
33622,1488,9816
33623,1058,19384
33624,96,15453
33625,276,13420
33626,491,11815
33627,1843,394
33628,821,4944
33629,958,214
33630,1849,9121
33631,711,10002
33632,983,19006
33633,1235,15870
33634,1706,17041
33635,543,7329
33636,1969,2511
33637,1873,11137
33638,764,10374
33639,1420,19267
33640,724,1905
33641,1061,12054
33642,1530,11256
33643,1883,16156
33644,148,5950
33645,1393,19675
33646,1006,17960
33647,396,7562
33648,36,1451
33649,756,19232
33650,654,12898
33651,943,10510
33652,926,15912
33653,98,18039
33654,1219,12786
33655,974,7557
33656,211,16465
33657,1173,5627
33658,1498,8861
33659,374,8939
33660,1004,3554
33661,1791,5099
33662,1366,19852
33663,1277,934
33664,1457,13123
33665,349,18390
33666,579,17755
33667,217,17569
33668,906,7994
33669,1849,4198
33670,262,17289
33671,466,2343
33672,675,4396
33673,511,11200
33674,901,6393
33675,1632,11419
33676,1531,11105
33677,1951,16879
33678,1308,10362
33679,1430,5683
33680,224,10187
33681,465,14258
33682,1133,15975
33683,161,12578
33684,631,2955
33685,226,7465
33686,956,3746
33687,964,5695
33688,1964,79
33689,850,4398
33690,522,11523
33691,1576,17453
33692,1423,3512
33693,1925,3341
33694,196,15254
33695,300,2238
33696,1603,2855
33697,1688,5522
33698,1,14356
33699,1164,13048
33700,1109,16339
33701,1672,5374
33702,1611,16235
33703,1029,1458
33704,1304,4553
33705,1790,19624
33706,581,19607
33707,1845,19896
33708,161,11886
33709,1262,19625
33710,1083,2199
33711,255,5899
33712,168,1574
33713,715,12865
33714,1671,7780
33715,280,14142
33716,1014,1485
33717,512,19019
33718,194,14277
33719,897,7541
33720,1185,4613
33721,107,3490
33722,1010,2608
33723,1782,8065
33724,329,706
33725,930,10097
33726,1288,19098
33727,829,17507
33728,1803,18240
33729,1442,4413
33730,1037,11176
33731,566,14605
33732,1255,17871
33733,657,18722
33734,1871,3313
33735,807,9664
33736,37,13664
33737,264,19503
33738,1057,14030
33739,374,15918
33740,635,1886
33741,1077,7699
33742,241,13936
33743,699,4146
33744,685,11933
33745,201,8136
33746,466,10210
33747,1417,7088
33748,1573,13901
33749,1356,19495
33750,1940,9250
33751,1309,5320
33752,1527,15814
33753,1969,16703
33754,934,10250
33755,1087,3752
33756,976,13257
33757,1537,6427
33758,1936,16746
33759,1457,18314
33760,399,2830
33761,1348,647
33762,1349,2127
33763,1983,6683
33764,167,12205
33765,1092,14718
33766,188,4549
33767,59,1573
33768,1747,5754
33769,713,17262
33770,384,6140
33771,1664,18070
33772,1105,13042
33773,1636,15344
33774,68,2721
33775,1568,7167
33776,1402,4989
33777,570,8112
33778,1224,14307
33779,99,15384
33780,451,8307
33781,681,6302
33782,61,13242
33783,630,17000
33784,275,8562
33785,1425,6945
33786,1499,3692
33787,781,9144
33788,1659,9377
33789,893,15539
33790,439,15147
33791,1569,2594
33792,1085,4015
33793,1242,12923
33794,589,2284
33795,916,3223
33796,808,6482
33797,1819,14627
33798,664,14628
33799,1981,9916
33800,1694,11410
33801,1825,16933
33802,967,14750
33803,133,13222
33804,1902,4206
33805,746,9331
33806,112,120
33807,1344,3711
33808,500,11412
33809,946,11335
33810,240,2438
33811,10,19363
33812,944,19378
33813,1398,8133
33814,516,11656
33815,515,4313
33816,542,8348
33817,991,13078
33818,549,1747
33819,816,19510
33820,923,4478
33821,1065,17872
33822,293,2966
33823,1563,18189
33824,1779,8545
33825,1754,12650
33826,300,7305
33827,1356,11501
33828,484,6992
33829,1625,2910
33830,1616,19427
33831,1922,2
33832,854,18779
33833,454,2741
33834,1744,4182
33835,338,13238
33836,1783,16433
33837,41,4499
33838,192,1906
33839,1317,19720
33840,51,15478
33841,1651,19381
33842,1647,6498
33843,1974,11974
33844,1797,10540
33845,1315,2285
33846,394,11834
33847,816,10417
33848,10,4436
33849,579,4979
33850,5,10780
33851,557,5716
33852,155,16154
33853,1594,3714
33854,819,8410
33855,811,15791
33856,1843,10870
33857,545,12769
33858,1540,13740
33859,1444,7258
33860,374,15532
33861,281,11519
33862,1128,11617
33863,968,10227
33864,1933,19893
33865,1323,11265
33866,1769,19530
33867,1341,10747
33868,58,7044
33869,222,8573
33870,264,9968
33871,250,2316
33872,219,6781
33873,211,9136
33874,1315,336
33875,655,16957
33876,187,5286
33877,1300,606
33878,1566,4478
33879,783,12455
33880,357,19900
33881,1584,1151
33882,770,9689
33883,703,10424
33884,1413,16226
33885,229,4281
33886,1228,3893
33887,1683,5862
33888,932,12794
33889,41,4487
33890,1745,17252
33891,1479,18313
33892,584,10976
33893,131,7950
33894,341,3105
33895,604,1539
33896,1242,17882
33897,53,12975
33898,209,6827
33899,186,1064
33900,1427,17663
33901,1700,3427
33902,1846,8850
33903,630,2905
33904,1172,4520
33905,762,7515
33906,280,5595
33907,1200,8200
33908,226,6160
33909,1212,18388
33910,58,18432
33911,245,10974
33912,464,13892
33913,1256,9639
33914,1107,12963
33915,176,19968
33916,547,7978
33917,1529,16122
33918,1108,7045
33919,1610,5360
33920,1724,2595
33921,681,11707
33922,436,296
33923,383,16621
33924,692,17777
33925,1181,2109
33926,1707,10925
33927,1404,11787
33928,133,7069
33929,209,2142
33930,1761,516
33931,1098,16488
33932,830,18472
33933,477,8116
33934,1754,6689
33935,180,17744
33936,1285,11998
33937,985,19195
33938,1558,10872
33939,1361,2148
33940,1105,2502
33941,251,9710
33942,1793,16909
33943,773,13033
33944,747,766
33945,1252,16783
33946,1441,14587
33947,168,429
33948,378,18312
33949,85,17783
33950,1792,14697
33951,62,5273
33952,1374,18550
33953,650,19581
33954,201,14283
33955,846,2531
33956,929,19118
33957,959,2916
33958,135,6640
33959,227,699
33960,336,12442
33961,845,14661
33962,1701,961
33963,420,19195
33964,8,18075
33965,1576,1330
33966,1015,19625
33967,1521,16473
33968,1749,13814
33969,1842,11207
33970,1100,10537
33971,1742,10935
33972,1213,13730
33973,1411,18400
33974,467,6240
33975,505,19840
33976,147,11565
33977,1321,8332
33978,546,3008
33979,530,17873
33980,657,6645
33981,1074,13897
33982,1795,19319
33983,111,3034
33984,407,18608
33985,1872,3122
33986,736,19134
33987,590,1616
33988,1756,16947
33989,960,9487
33990,1219,6904
33991,1879,6913
33992,323,4323
33993,673,8907
33994,618,4179
33995,358,13487
33996,64,4028
33997,494,3915
33998,1363,8501
33999,1063,16890
34000,1101,11024
34001,1490,17975
34002,591,19704
34003,1533,17640
34004,1373,9153
34005,1856,16129
34006,1521,4366
34007,1940,15090
34008,1294,6069
34009,3,18862
34010,1159,16803
34011,828,6757
34012,8,1451
34013,832,17491
34014,237,3469
34015,536,18313
34016,878,10495
34017,830,3178
34018,1397,10340
34019,1091,9784
34020,166,6982
34021,1109,194
34022,1962,4720
34023,588,12838
34024,1044,7973
34025,374,1126
34026,1709,16521
34027,1467,18779
34028,613,258
34029,391,4781
34030,389,6043
34031,1461,7790
34032,258,17003
34033,1932,6331
34034,636,7778
34035,935,9403
34036,1302,8212
34037,65,11059
34038,1864,19226
34039,466,13683
34040,863,7663
34041,1765,8508
34042,812,6939
34043,979,15815
34044,1679,7159
34045,1034,9284
34046,1123,4590
34047,1322,18322
34048,1190,15623
34049,1568,16772
34050,87,10372
34051,1891,4369
34052,705,1986
34053,1454,5426
34054,908,13417
34055,1961,4909
34056,1761,16165
34057,304,16765
34058,779,13628
34059,1816,4515
34060,753,18939
34061,1270,13860
34062,1097,16078
34063,804,8306
34064,63,11819
34065,1841,15075
34066,1227,8928
34067,33,2115
34068,291,18060
34069,1624,14385
34070,1130,7995
34071,580,4844
34072,1797,17216
34073,701,6194
34074,1182,12028
34075,1612,3422
34076,390,12873
34077,105,13645
34078,412,1625
34079,764,11566
34080,443,14647
34081,149,15714
34082,909,14516
34083,108,11689
34084,1847,7053
34085,654,7574
34086,332,9748
34087,703,2634
34088,338,15502
34089,930,15137
34090,901,428
34091,1637,628
34092,1539,19923
34093,1327,1051
34094,805,18456
34095,612,14342
34096,150,6211
34097,417,17951
34098,1210,10091
34099,1433,11088
34100,1054,16802
34101,735,13952
34102,1739,6121
34103,517,9879
34104,366,11353
34105,1762,12415
34106,63,8739
34107,456,891
34108,1476,15584
34109,886,3247
34110,1983,8719
34111,147,1951
34112,1448,16979
34113,189,7348
34114,1491,5797
34115,230,8760
34116,1141,17691
34117,1382,5396
34118,1356,15150
34119,822,5950
34120,1439,12064
34121,393,14598
34122,1925,2067
34123,1154,1090
34124,911,9602
34125,79,8776
34126,1041,4866
34127,964,9630
34128,1643,8802
34129,1,17561
34130,1515,9856
34131,38,10090
34132,796,5796
34133,109,17508
34134,1832,1145
34135,1249,14201
34136,492,13557
34137,161,3029
34138,568,19361
34139,579,5710
34140,1737,15881
34141,490,15640
34142,272,4719
34143,835,9318
34144,1727,12650
34145,507,2497
34146,398,9571
34147,1757,15344
34148,1071,6939
34149,363,8677
34150,493,11340
34151,1577,11013
34152,256,10790
34153,14,7217
34154,541,14301
34155,104,15111
34156,119,16607
34157,39,13411
34158,1945,2420
34159,1001,15669
34160,616,6655
34161,1322,18391
34162,140,7819
34163,887,16074
34164,651,6334
34165,150,1565
34166,1228,10368
34167,1029,17065
34168,600,17757
34169,1783,3816
34170,1795,19602
34171,1416,12894
34172,489,8581
34173,250,11198
34174,1199,17296
34175,1385,12205
34176,1872,9891
34177,1449,1506
34178,622,10238
34179,1206,168
34180,1646,17824
34181,326,6469
34182,1467,18309
34183,7,18601
34184,1601,3628
34185,1560,14103
34186,1739,7456
34187,1755,11249
34188,1429,3690
34189,1675,6412
34190,1439,19027
34191,275,7160
34192,484,17086
34193,478,17236
34194,1645,11459
34195,895,5386
34196,1666,3700
34197,1809,18683
34198,32,953
34199,761,9233
34200,1963,4548
34201,71,15365
34202,36,14293
34203,134,11853
34204,274,9855
34205,344,2792
34206,299,13238
34207,287,10848
34208,290,171
34209,1702,17876
34210,393,4259
34211,205,13619
34212,308,17969
34213,156,2800
34214,1031,4231
34215,645,17801
34216,1565,14534
34217,1794,5661
34218,865,13306
34219,1913,6991
34220,524,16520
34221,958,17268
34222,76,12311
34223,1307,1802
34224,123,19301
34225,1988,12133
34226,1319,66
34227,1674,3481
34228,244,12510
34229,176,18793
34230,1910,17966
34231,1408,14067
34232,443,19007
34233,1396,6177
34234,1789,468
34235,585,15864
34236,1692,8433
34237,1364,4723
34238,325,6772
34239,1936,19323
34240,1446,2317
34241,880,4185
34242,922,19605
34243,708,8818
34244,1841,6802
34245,372,3268
34246,1160,7199
34247,1202,10462
34248,235,19835
34249,880,15375
34250,575,6436
34251,1884,1241
34252,1065,2051
34253,939,5252
34254,951,19506
34255,1064,7189
34256,1302,1358
34257,104,1916
34258,1908,10006
34259,1476,6931
34260,1686,10776
34261,70,7069
34262,851,11346
34263,381,10095
34264,1621,16716
34265,1661,9611
34266,53,16509
34267,884,14960
34268,23,9941
34269,1475,12487
34270,3,1966
34271,1144,8434
34272,1938,6669
34273,932,8595
34274,27,8953
34275,1787,13659
34276,209,11547
34277,747,819
34278,139,17406
34279,518,684
34280,898,5459
34281,1335,8812
34282,823,14175
34283,258,11614
34284,895,7891
34285,1682,18389
34286,1779,9393
34287,1781,11014
34288,1154,2140
34289,334,14425
34290,1336,1403
34291,400,3848
34292,933,11035
34293,1654,15214
34294,1738,17461
34295,364,1896
34296,1212,4523
34297,388,13329
34298,867,16095
34299,1162,15319
34300,491,5034
34301,1554,4377
34302,1484,13935
34303,1589,11054
34304,1239,1622
34305,1541,18962
34306,325,11371
34307,1911,1708
34308,762,6201
34309,1261,11326
34310,852,15353
34311,1126,15892
34312,1099,19514
34313,1641,10948
34314,1794,872
34315,1277,8020
34316,549,18823
34317,1186,593
34318,1662,12176
34319,628,7678
34320,1825,5494
34321,1604,6395
34322,1081,12535
34323,1127,3218
34324,529,11880
34325,472,10992
34326,1441,13110
34327,1744,19821
34328,682,13432
34329,529,2906
34330,1910,4037
34331,1064,4092
34332,533,19801
34333,1282,6860
34334,174,15974
34335,268,8030
34336,1579,8295
34337,298,15547
34338,1882,12066
34339,422,4270
34340,1196,14621
34341,313,19545
34342,739,5106
34343,566,3956
34344,1887,17382
34345,558,6882
34346,946,4923
34347,1589,10558
34348,747,4651
34349,541,6200
34350,1649,17319
34351,1939,910
34352,1076,19830
34353,784,3495
34354,218,15426
34355,756,13167
34356,900,3898
34357,301,12523
34358,280,15059
34359,1209,15194
34360,1406,7419
34361,797,11090
34362,968,2604
34363,100,1855
34364,1191,18176
34365,1191,16766
34366,1048,1310
34367,466,16602
34368,1319,10124
34369,1604,12159
34370,1456,4419
34371,1498,18099
34372,172,17570
34373,591,13621
34374,966,16282
34375,245,17288
34376,78,14785
34377,207,10060
34378,1652,10853
34379,918,1220
34380,152,13603
34381,168,3774
34382,1226,17157
34383,1834,670
34384,580,8869
34385,525,350
34386,569,11652
34387,1654,16152
34388,692,10274
34389,1111,16996
34390,709,13229
34391,1973,13926
34392,1910,14622
34393,1879,10484
34394,659,7173
34395,1644,16291
34396,692,18983
34397,1626,4589
34398,1796,2240
34399,904,17532
34400,1218,11074
34401,877,19183
34402,1467,17993
34403,336,11525
34404,142,8082
34405,1787,14507
34406,676,11723
34407,465,4866
34408,1929,3614
34409,29,15096
34410,752,9750
34411,1495,10087
34412,144,1515
34413,918,19964
34414,874,15553
34415,436,3437
34416,1732,6055
34417,1471,13845
34418,185,8572
34419,929,5185
34420,231,12185
34421,207,11560
34422,624,12915
34423,50,5255
34424,514,19210
34425,86,13993
34426,257,5655
34427,377,14001
34428,255,10317
34429,228,4055
34430,313,2352
34431,705,10243
34432,1539,3484
34433,1430,1170
34434,1549,10599
34435,1365,1723
34436,123,15834
34437,59,13178
34438,1154,16669
34439,849,17817
34440,548,15297
34441,1378,3541
34442,12,7926
34443,1808,5713
34444,28,8501
34445,764,7445
34446,1995,4977
34447,714,15897
34448,1359,8523
34449,870,19957
34450,1332,19375
34451,1061,2181
34452,1270,9947
34453,696,19353
34454,1980,3582
34455,370,3339
34456,207,5907
34457,353,9727
34458,961,968
34459,1173,7621
34460,1003,6549
34461,984,4858
34462,1025,18102
34463,425,10197
34464,1398,8065
34465,1837,13556
34466,1143,8319
34467,1586,10386
34468,1807,3356
34469,1815,18798
34470,1383,15334
34471,1053,7390
34472,1233,18286
34473,1311,15777
34474,1534,3261
34475,171,11453
34476,692,5513
34477,427,13
34478,281,8961
34479,1670,4320
34480,557,3313
34481,950,16609
34482,724,12302
34483,1002,79
34484,1904,8951
34485,540,4620
34486,1038,13493
34487,1846,8161
34488,1915,149
34489,653,17377
34490,1852,5742
34491,382,4935
34492,1849,4906
34493,1118,14908
34494,492,14140
34495,353,2551
34496,354,3172
34497,407,15337
34498,1273,11258
34499,62,10811
34500,1599,17821
34501,512,7996
34502,1614,2583
34503,443,1814
34504,695,2577
34505,1981,14483
34506,1385,3486
34507,621,10559
34508,5,19318
34509,1643,1500
34510,1534,6786
34511,853,6358
34512,1038,14944
34513,34,17676
34514,648,16844
34515,1152,13279
34516,1182,3943
34517,274,13502
34518,687,5163
34519,1660,11778
34520,1316,1804
34521,1108,17590
34522,607,10533
34523,1443,589
34524,1668,13929
34525,967,11468
34526,624,12289
34527,1275,4867
34528,507,6142
34529,1913,12162
34530,520,10241
34531,783,6893
34532,1343,13479
34533,1773,10500
34534,630,18384
34535,595,19385
34536,812,10943
34537,494,8979
34538,480,4144
34539,1706,6565
34540,1379,16086
34541,733,12877
34542,844,8691
34543,773,11119
34544,1497,15241
34545,1422,16258
34546,329,5780
34547,937,16568
34548,867,16648
34549,1702,7223
34550,365,9423
34551,190,19693
34552,297,6821
34553,1377,9383
34554,608,2404
34555,399,8959
34556,1752,19356
34557,525,2798
34558,1360,9726
34559,891,19772
34560,1960,6648
34561,1185,15351
34562,1498,17514
34563,1918,4081
34564,771,19261
34565,1189,12024
34566,1149,14666
34567,1422,2773
34568,1678,360
34569,1620,17195
34570,1709,677
34571,1854,13194
34572,1232,16609
34573,615,4046
34574,27,7886
34575,1303,9646
34576,138,2355
34577,46,9056
34578,1901,5972
34579,1951,601
34580,1222,3905
34581,1087,8209
34582,572,1060
34583,339,17491
34584,865,14999
34585,424,920
34586,126,17178
34587,1453,16050
34588,714,4273
34589,1731,5472
34590,128,6979
34591,956,7789
34592,1939,2995
34593,717,14804
34594,780,2703
34595,1479,9532
34596,1977,17349
34597,1235,1890
34598,1513,12764
34599,1101,12593
34600,258,298
34601,1060,6265
34602,742,8842
34603,708,1660
34604,761,10483
34605,665,19394
34606,166,15341
34607,440,1779
34608,987,11824
34609,1591,1088
34610,529,14086
34611,1305,8487
34612,1686,12731
34613,1203,12102
34614,1812,8926
34615,1996,12814
34616,1701,6692
34617,1344,6825
34618,1204,3294
34619,504,51
34620,1734,1472
34621,415,16455
34622,1906,10605
34623,253,18857
34624,317,19173
34625,1098,967
34626,1200,7668
34627,529,15509
34628,311,2163
34629,614,3274
34630,945,5506
34631,1767,13477
34632,967,17383
34633,1591,1020
34634,290,5532
34635,156,18060
34636,162,18878
34637,1124,455
34638,1109,6462
34639,1123,946
34640,1763,19476
34641,915,14203
34642,433,11353
34643,760,2515
34644,1258,12372
34645,828,5450
34646,1879,11512
34647,878,15792
34648,821,16656
34649,359,17192
34650,166,18278
34651,1765,8626
34652,434,7635
34653,1120,4699
34654,474,7317
34655,370,14624
34656,1820,19170
34657,1996,3013
34658,1032,9406
34659,524,11199
34660,196,13008
34661,1317,133
34662,131,14228
34663,346,14225
34664,963,18434
34665,1836,17316
34666,1925,3547
34667,1557,11222
34668,275,13001
34669,110,16802
34670,207,10848
34671,683,10538
34672,30,9474
34673,1487,18567
34674,26,9964
34675,1090,17019
34676,1199,15314
34677,1713,19425
34678,181,15358
34679,907,16164
34680,1612,9128
34681,437,11407
34682,909,14747
34683,947,19873
34684,278,10421
34685,294,12935
34686,482,14716
34687,299,4775
34688,133,7102
34689,1703,12983
34690,1422,7894
34691,1139,1085
34692,1663,16945
34693,1274,5715
34694,1992,14507
34695,106,3361
34696,1851,13698
34697,581,1084
34698,708,18902
34699,396,3161
34700,601,7950
34701,35,4744
34702,973,5562
34703,457,7688
34704,671,6792
34705,889,14764
34706,282,3850
34707,1705,10618
34708,671,10157
34709,596,4732
34710,442,3474
34711,1618,18811
34712,1947,1090
34713,128,13170
34714,160,10591
34715,729,9766
34716,910,8410
34717,1882,17991
34718,1268,7862
34719,49,17760
34720,766,1994
34721,1591,14223
34722,9,15022
34723,1550,6806
34724,333,10487
34725,1984,18690
34726,431,18867
34727,1349,4324
34728,243,17692
34729,1620,14548
34730,1527,15166
34731,1169,11038
34732,1877,15724
34733,727,18007
34734,5,16681
34735,79,8844
34736,660,19541
34737,317,13663
34738,1467,4331
34739,1351,8762
34740,1916,2080
34741,36,4571
34742,941,15393
34743,1851,16121
34744,1730,3267
34745,1775,9597
34746,337,11032
34747,886,9125
34748,1,9343
34749,16,14228
34750,1308,6831
34751,1803,14668
34752,665,13507
34753,617,17658
34754,1888,564
34755,1562,4738
34756,142,1048
34757,896,14773
34758,451,16071
34759,1788,3932
34760,1931,7400
34761,1650,14727
34762,1633,11385
34763,964,19232
34764,1217,17063
34765,1708,17762
34766,1517,12555
34767,834,10126
34768,863,12565
34769,1853,18786
34770,407,5004
34771,1061,13413
34772,96,5572
34773,58,13411
34774,570,7840
34775,548,9808
34776,372,11583
34777,1482,3906
34778,926,5870
34779,273,4063
34780,464,9590
34781,1646,10025
34782,1320,18020
34783,1043,3168
34784,315,12967
34785,1073,2035
34786,1629,2950
34787,1197,1531
34788,1634,19434
34789,835,2911
34790,1226,13336
34791,334,17511
34792,1622,12284
34793,403,1727
34794,298,17859
34795,255,13535
34796,770,18467
34797,1093,18504
34798,1871,15454
34799,221,11449
34800,1465,19241
34801,490,2121
34802,1462,276
34803,450,979
34804,774,15329
34805,1856,14602
34806,1416,6791
34807,285,15666
34808,915,12769
34809,162,9289
34810,1281,11822
34811,1534,8783
34812,753,1214
34813,64,13697
34814,2,16029
34815,1735,12317
34816,754,6655
34817,75,5642
34818,1023,4022
34819,855,17572
34820,287,352
34821,1178,932
34822,979,16442
34823,655,5048
34824,209,1580
34825,1715,11892
34826,873,489
34827,1648,13697
34828,1375,11777
34829,203,11047
34830,1393,17108
34831,1205,19486
34832,1197,9160
34833,1581,17798
34834,499,1245
34835,337,14992
34836,368,16796
34837,1365,2789
34838,656,3227
34839,304,5549
34840,342,6318
34841,48,6037
34842,231,4883
34843,1259,16945
34844,332,15446
34845,1274,9629
34846,922,10177
34847,1851,5904
34848,1,1396
34849,823,12927
34850,1163,11659
34851,1588,10135
34852,818,17238
34853,1187,14152
34854,672,3639
34855,1024,13229
34856,422,17504
34857,183,14643
34858,1423,5661
34859,699,7977
34860,1147,3459
34861,1104,4256
34862,1126,10200
34863,410,8227
34864,489,11846
34865,145,10220
34866,130,15735
34867,1248,6549
34868,1668,14026
34869,1849,14784
34870,1015,16668
34871,1547,3499
34872,1703,3391
34873,1364,5974
34874,1162,3330
34875,638,14485
34876,659,16200
34877,1494,7260
34878,700,14326
34879,1201,10561
34880,972,10502
34881,1837,18994
34882,1461,5885
34883,920,6796
34884,1163,7106
34885,307,3131
34886,1841,10509
34887,166,5934
34888,1649,18829
34889,1270,14142
34890,1577,45
34891,1506,8715
34892,835,17064
34893,377,19829
34894,1144,3744
34895,385,15255
34896,1401,9070
34897,1620,17362
34898,1076,7322
34899,805,15532
34900,1361,8647
34901,19,9304
34902,1433,9377
34903,334,10407
34904,556,7729
34905,497,19823
34906,1036,5022
34907,720,19597
34908,1546,14837
34909,390,4774
34910,567,4878
34911,1268,14104
34912,411,16331
34913,1473,10376
34914,1917,1588
34915,1644,7234
34916,1098,1924
34917,234,19935
34918,440,19651
34919,1596,2717
34920,558,18573
34921,621,9254
34922,585,14540
34923,548,17742
34924,1737,13150
34925,1177,15282
34926,1120,12228
34927,14,12596
34928,344,16192
34929,272,6094
34930,1896,6115
34931,1764,17645
34932,1127,3134
34933,1968,406
34934,369,7302
34935,1053,1115
34936,455,14679
34937,1139,8851
34938,45,14678
34939,1775,16980
34940,1847,13873
34941,1089,14
34942,1092,8042
34943,1207,18157
34944,724,12186
34945,841,6067
34946,1752,8585
34947,565,2311
34948,747,980
34949,837,3044
34950,1924,18226
34951,1364,9772
34952,80,16723
34953,942,15603
34954,1695,9943
34955,394,4468
34956,154,7116
34957,934,5501
34958,93,6137
34959,186,1048
34960,260,18559
34961,846,3661
34962,1266,19320
34963,427,17325
34964,1328,12204
34965,1917,9961
34966,1625,53
34967,632,4296
34968,559,6542
34969,905,3202
34970,1441,11749
34971,337,11030
34972,1590,15724
34973,1088,16750
34974,223,7905
34975,905,6514
34976,540,273
34977,1277,19337
34978,1673,16993
34979,603,13631
34980,527,5698
34981,1761,2290
34982,1488,12030
34983,10,18940
34984,1345,8335
34985,640,17383
34986,1242,4972
34987,1795,18922
34988,19,16820
34989,582,14810
34990,412,15909
34991,678,18956
34992,1882,6636
34993,1020,14499
34994,225,8766
34995,1580,2319
34996,190,7004
34997,188,14780
34998,1026,6248
34999,137,15640
35000,1606,1299
35001,153,18865
35002,899,10402
35003,1243,2833
35004,1127,13102
35005,475,16466
35006,9,15287
35007,204,11548
35008,157,17809
35009,1535,9552
35010,743,19868
35011,644,13357
35012,53,7371
35013,472,14687
35014,184,8895
35015,768,7454
35016,285,7062
35017,1394,6462
35018,1242,15433
35019,1857,3998
35020,497,2685
35021,1736,13305
35022,616,8926
35023,359,13168
35024,746,6798
35025,1714,17106
35026,350,8466
35027,675,14303
35028,1722,14838
35029,1529,10090
35030,1862,12904
35031,52,19095
35032,1081,1293
35033,1026,17146
35034,718,11788
35035,1476,17380
35036,1283,13655
35037,1811,9065
35038,1340,4871
35039,721,5143
35040,912,17204
35041,1182,12985
35042,112,16109
35043,725,6050
35044,37,13567
35045,1190,7900
35046,667,11155
35047,806,8022
35048,896,1490
35049,397,13799
35050,1099,16304
35051,1817,17302
35052,1930,15044
35053,1293,19020
35054,441,10425
35055,1471,5428
35056,1506,8834
35057,1989,13180
35058,1838,11460
35059,1448,12813
35060,1924,13069
35061,1944,116
35062,1727,12810
35063,1332,8579
35064,878,13374
35065,1501,11676
35066,1276,6114
35067,273,4567
35068,1822,19429
35069,1407,2466
35070,1655,621
35071,985,1471
35072,1706,14054
35073,1653,18186
35074,1761,5755
35075,1159,9468
35076,1513,2985
35077,40,17711
35078,1201,2024
35079,1981,14597
35080,590,13015
35081,73,12042
35082,367,10921
35083,77,7460
35084,233,2858
35085,174,19851
35086,652,768
35087,1066,2266
35088,925,11158
35089,72,11953
35090,411,9776
35091,500,7080
35092,1543,259
35093,1552,248
35094,76,5613
35095,1030,16969
35096,616,16787
35097,471,8207
35098,994,13022
35099,1629,18759
35100,1507,15994
35101,804,14502
35102,1655,16655
35103,296,2352
35104,204,13769
35105,1866,11545
35106,295,1597
35107,1703,10002
35108,596,10666
35109,1688,19379
35110,205,6437
35111,1206,17857
35112,57,14544
35113,1144,13114
35114,899,17660
35115,1200,5575
35116,524,8014
35117,1540,8355
35118,601,9888
35119,336,2184
35120,376,6774
35121,1123,1413
35122,898,13573
35123,296,8061
35124,1475,9955
35125,1277,9335
35126,245,8747
35127,1008,6620
35128,1034,7472
35129,851,17779
35130,1424,2066
35131,47,7654
35132,425,3991
35133,899,6430
35134,276,14130
35135,1996,4841
35136,42,16198
35137,1562,5019
35138,1671,16090
35139,1409,19757
35140,1755,14660
35141,941,11628
35142,1646,2146
35143,826,7585
35144,1050,1153
35145,1549,14218
35146,508,8864
35147,192,5427
35148,287,16508
35149,1204,13095
35150,923,12855
35151,539,1378
35152,769,9036
35153,1262,3643
35154,1717,10330
35155,731,15233
35156,450,4280
35157,1182,15581
35158,965,10019
35159,355,8667
35160,1573,6902
35161,1371,16228
35162,1510,17550
35163,1918,7926
35164,1916,17813
35165,665,9397
35166,1644,7165
35167,968,5791
35168,691,8967
35169,1003,7619
35170,691,18484
35171,1331,19239
35172,677,1175
35173,1112,13262
35174,1226,14455
35175,1960,13882
35176,486,15049
35177,1534,10139
35178,735,10398
35179,421,12431
35180,138,14110
35181,571,1425
35182,818,19605
35183,1007,19525
35184,156,5547
35185,1560,18449
35186,313,547
35187,1848,1912
35188,145,6849
35189,679,10475
35190,1950,2529
35191,1533,8850
35192,1371,13222
35193,1431,16750
35194,941,10150
35195,414,6357
35196,163,18442
35197,556,15307
35198,1171,17480
35199,1969,8579
35200,1731,16833
35201,1026,7341
35202,1805,10067
35203,1627,15204
35204,900,13251
35205,1583,14110
35206,1549,11112
35207,1620,10545
35208,1734,12903
35209,1103,11272
35210,1729,13071
35211,435,16813
35212,1161,1040
35213,599,3005
35214,66,2656
35215,1871,8865
35216,753,6510
35217,742,14946
35218,1964,16104
35219,239,3396
35220,1154,15867
35221,1431,3598
35222,1094,16724
35223,1822,8711
35224,1587,7804
35225,1800,4745
35226,125,10971
35227,537,19517
35228,878,13491
35229,1596,15629
35230,1317,7059
35231,1213,9105
35232,1278,6827
35233,1329,15770
35234,1683,10108
35235,441,6627
35236,1522,5186
35237,1508,15609
35238,661,7303
35239,1742,1100
35240,1854,1306
35241,480,10921
35242,1414,9371
35243,1054,6614
35244,365,18578
35245,1982,12406
35246,1238,18060
35247,27,4698
35248,1486,13613
35249,290,7397
35250,1143,10842
35251,521,1058
35252,19,12549
35253,1340,4138
35254,784,2174
35255,25,6751
35256,86,8700
35257,1037,12896
35258,1248,7291
35259,1383,12524
35260,378,8079
35261,1105,8899
35262,1582,4816
35263,1008,19143
35264,42,3166
35265,1285,3286
35266,411,3066
35267,1956,18834
35268,1278,13521
35269,498,15195
35270,1702,13761
35271,422,17622
35272,757,12278
35273,1350,13536
35274,1213,17515
35275,1406,1549
35276,505,3045
35277,1259,7871
35278,1930,16172
35279,1295,6093
35280,1455,18148
35281,854,5469
35282,1855,173
35283,1054,13417
35284,1317,3049
35285,373,1371
35286,180,7898
35287,314,16362
35288,1969,19014
35289,2,821
35290,948,9995
35291,765,18387
35292,772,6793
35293,511,13522
35294,63,8270
35295,1004,1998
35296,1605,4380
35297,1911,5997
35298,869,19659
35299,241,18001
35300,255,15635
35301,1240,2389
35302,1564,14673
35303,1729,8109
35304,174,16433
35305,1249,13305
35306,1440,9407
35307,1883,7242
35308,375,16825
35309,709,5016
35310,737,18867
35311,1320,3408
35312,1739,10608
35313,1861,1129
35314,1814,17867
35315,558,397
35316,1866,17480
35317,1338,15860
35318,1869,16736
35319,856,14993
35320,1338,9397
35321,1441,15621
35322,388,966
35323,733,11709
35324,1189,7320
35325,325,9462
35326,170,9228
35327,1553,5439
35328,608,8572
35329,640,19144
35330,408,12719
35331,362,15722
35332,351,2885
35333,1005,15941
35334,1270,9380
35335,1694,727
35336,1803,17468
35337,1142,4778
35338,326,1162
35339,608,7244
35340,1175,10285
35341,1179,61
35342,682,18992
35343,870,11387
35344,1810,6225
35345,255,17770
35346,502,7330
35347,94,8235
35348,155,4608
35349,937,12387
35350,51,12156
35351,1078,19942
35352,1363,18056
35353,658,6065
35354,1736,16372
35355,4,19568
35356,1417,6734
35357,1301,9815
35358,1919,16062
35359,1437,4217
35360,1815,13011
35361,350,14293
35362,592,8807
35363,201,2719
35364,458,7155
35365,1004,16656
35366,1070,10200
35367,1976,13531
35368,118,5549
35369,1810,2411
35370,113,17825
35371,788,17319
35372,23,19533
35373,1274,4648
35374,1840,10677
35375,1152,340
35376,1748,15168
35377,981,4744
35378,244,16386
35379,1835,14366
35380,1869,6013
35381,1230,5185
35382,1886,14849
35383,744,966
35384,1986,18564
35385,1155,1917
35386,823,8608
35387,579,10966
35388,1287,12258
35389,1563,14110
35390,214,3742
35391,1362,953
35392,1244,1176
35393,458,11602
35394,414,2921
35395,816,17790
35396,1667,7755
35397,1075,12213
35398,1685,1845
35399,710,8620
35400,517,4956
35401,307,10924
35402,955,12319
35403,1953,18124
35404,1506,491
35405,615,14140
35406,1145,2746
35407,1664,236
35408,1210,16989
35409,1389,18926
35410,981,11740
35411,1788,3433
35412,1777,2815
35413,1750,2697
35414,105,2762
35415,533,12423
35416,1233,1278
35417,1637,11436
35418,875,4807
35419,354,461
35420,243,5749
35421,1802,4857
35422,1422,16537
35423,302,1067
35424,1686,1042
35425,1147,6386
35426,6,242
35427,856,1265
35428,678,12647
35429,1444,14909
35430,1151,9912
35431,1284,2054
35432,821,9157
35433,523,10471
35434,774,12497
35435,439,10711
35436,821,8733
35437,970,8885
35438,1150,16154
35439,924,3483
35440,652,4652
35441,1181,6162
35442,753,12982
35443,795,681
35444,1360,1850
35445,1032,4696
35446,439,16770
35447,39,8809
35448,1563,2279
35449,652,2477
35450,1952,14439
35451,1610,1526
35452,1329,9455
35453,1484,16669
35454,1291,6874
35455,654,4230
35456,1360,5590
35457,49,11548
35458,201,5432
35459,1425,5158
35460,142,2231
35461,1656,12673
35462,1500,13801
35463,334,16347
35464,1732,8030
35465,754,12494
35466,1471,5439
35467,699,18447
35468,468,15617
35469,1882,11332
35470,1821,2295
35471,1421,19534
35472,1343,2384
35473,1058,13325
35474,382,2487
35475,1242,12498
35476,176,3478
35477,1850,14375
35478,1474,6366
35479,906,3096
35480,191,19194
35481,729,1038
35482,385,17989
35483,1276,2498
35484,406,927
35485,722,4399
35486,1412,13803
35487,1138,6621
35488,1013,14700
35489,328,5717
35490,436,6824
35491,1717,16576
35492,272,626
35493,1790,8668
35494,1212,18131
35495,860,3471
35496,1390,12766
35497,1607,9389
35498,1930,5646
35499,1177,1066
35500,1145,8172
35501,1166,2382
35502,1773,4049
35503,1009,14202
35504,322,4736
35505,131,6993
35506,1597,7736
35507,297,7183
35508,795,10783
35509,1490,3779
35510,1346,7035
35511,733,12994
35512,416,6390
35513,86,7168
35514,1935,8397
35515,544,9943
35516,1874,7754
35517,1098,3067
35518,86,19997
35519,381,11637
35520,835,10376
35521,1247,5121
35522,584,11953
35523,1516,3357
35524,664,11946
35525,904,1048
35526,317,5132
35527,606,10575
35528,1677,8739
35529,1931,13086
35530,1116,4653
35531,1206,16955
35532,804,12625
35533,455,8487
35534,630,13913
35535,219,3588
35536,1803,208
35537,1136,11719
35538,866,16873
35539,766,7268
35540,1144,10474
35541,1309,15786
35542,1043,14678
35543,433,13377
35544,140,2770
35545,1916,12748
35546,1793,3841
35547,847,15910
35548,1233,1560
35549,560,1574
35550,1038,10127
35551,355,7894
35552,1692,4365
35553,493,16471
35554,426,14913
35555,1694,3941
35556,76,10135
35557,1880,12039
35558,1426,14527
35559,1850,17075
35560,825,19902
35561,209,6812
35562,339,9637
35563,1003,16073
35564,117,733
35565,1946,9063
35566,1293,812
35567,1167,17119
35568,460,3345
35569,347,13643
35570,376,17886
35571,779,1333
35572,1467,13497
35573,821,18567
35574,1659,14116
35575,306,12205
35576,465,11201
35577,778,2716
35578,728,10011
35579,404,12423
35580,1747,6483
35581,1102,1126
35582,1488,11833
35583,1964,13742
35584,419,17758
35585,437,8618
35586,1696,14037
35587,1053,13736
35588,540,1983
35589,1619,3347
35590,495,13025
35591,1180,17379
35592,1565,12339
35593,571,12387
35594,1168,19071
35595,1757,11496
35596,395,10382
35597,1256,17685
35598,488,17151
35599,903,2288
35600,260,4696
35601,79,12811
35602,1116,19771
35603,924,14429
35604,207,12165
35605,1207,6148
35606,1657,7893
35607,1550,16179
35608,43,4739
35609,1315,2782
35610,1086,3228
35611,1935,19124
35612,1071,14256
35613,1230,15239
35614,1955,6351
35615,1300,16625
35616,1076,1295
35617,1317,15175
35618,1705,10836
35619,257,950
35620,1596,208
35621,1724,3330
35622,177,11767
35623,1885,10268
35624,860,15981
35625,829,7216
35626,1914,9268
35627,928,19915
35628,1063,12508
35629,1355,15010
35630,1400,16620
35631,1234,17352
35632,480,12540
35633,1151,8472
35634,562,12658
35635,1317,19462
35636,1312,12301
35637,1460,1621
35638,407,3334
35639,1413,13868
35640,1359,13909
35641,137,6094
35642,1919,6786
35643,226,12678
35644,832,9343
35645,923,4590
35646,1883,8663
35647,1521,5854
35648,73,17392
35649,49,10364
35650,1646,4214
35651,1593,3449
35652,1057,17507
35653,1662,2594
35654,288,5450
35655,232,18337
35656,31,16323
35657,271,12964
35658,197,15878
35659,946,11361
35660,2,6297
35661,384,17738
35662,740,19543
35663,125,1053
35664,968,18967
35665,1147,1928
35666,759,18640
35667,545,1512
35668,1212,15056
35669,357,13838
35670,196,2436
35671,1865,14375
35672,1448,100
35673,1742,10710
35674,1876,5501
35675,574,8028
35676,310,619
35677,1300,8370
35678,560,10676
35679,1466,10272
35680,1999,7254
35681,539,13940
35682,1024,8358
35683,369,14890
35684,723,19660
35685,596,19577
35686,821,8315
35687,1014,18394
35688,710,16057
35689,255,117
35690,889,14891
35691,223,3969
35692,484,8197
35693,1462,19772
35694,468,13754
35695,951,1479
35696,864,5554
35697,1800,13631
35698,994,9242
35699,1609,2661
35700,1899,1326
35701,1411,16792
35702,774,17413
35703,1241,8881
35704,363,19305
35705,1699,6857
35706,222,11237
35707,939,15054
35708,1373,10350
35709,410,172
35710,381,13906
35711,29,7201
35712,1332,1566
35713,1448,16577
35714,1317,14218
35715,1031,1817
35716,1590,14100
35717,544,13832
35718,258,15112
35719,1093,10710
35720,1142,16076
35721,145,15466
35722,362,15397
35723,981,7956
35724,158,10926
35725,1458,16384
35726,517,1302
35727,1087,2627
35728,814,19433
35729,120,6330
35730,1687,9942
35731,1518,7255
35732,1511,7764
35733,1651,12584
35734,28,8234
35735,1724,10387
35736,403,11454
35737,1420,17517
35738,1476,8609
35739,1393,17434
35740,1271,8974
35741,1807,15267
35742,1496,15004
35743,1666,2386
35744,1153,17228
35745,792,5637
35746,330,6885
35747,192,16469
35748,1551,4292
35749,396,11088
35750,504,6066
35751,1968,16393
35752,1831,14213
35753,1397,19585
35754,137,13569
35755,1057,17743
35756,1471,2248
35757,1736,13124
35758,616,13136
35759,1099,8814
35760,880,5165
35761,1710,15643
35762,986,8278
35763,1498,16984
35764,741,13483
35765,1130,3456
35766,1661,5389
35767,681,4281
35768,906,12045
35769,1666,18034
35770,284,2194
35771,955,5461
35772,1953,1493
35773,1867,11239
35774,396,10074
35775,897,13462
35776,1071,19831
35777,188,19907
35778,563,4172
35779,1174,8271
35780,1283,12577
35781,500,3739
35782,611,3095
35783,313,14027
35784,1037,11442
35785,358,13543
35786,1643,10477
35787,719,8331
35788,1114,1970
35789,610,13309
35790,1088,17828
35791,330,8145
35792,388,17980
35793,1180,5450
35794,1960,8728
35795,185,7245
35796,1875,15426
35797,1008,7454
35798,1779,7760
35799,1665,10032
35800,396,9428
35801,442,19334
35802,466,19718
35803,1860,14549
35804,890,13151
35805,156,815
35806,1045,17469
35807,449,7381
35808,225,16163
35809,1539,19584
35810,1361,19460
35811,1881,7542
35812,344,18415
35813,152,2642
35814,1877,17887
35815,1892,16173
35816,967,17822
35817,1261,8261
35818,955,9740
35819,1060,11045
35820,1362,15517
35821,417,7856
35822,628,6100
35823,1426,11494
35824,1851,2058
35825,1297,17995
35826,1024,8488
35827,518,12873
35828,450,8360
35829,1528,2447
35830,585,12747
35831,310,3777
35832,538,15222
35833,1382,19270
35834,257,13673
35835,758,17553
35836,1567,18739
35837,1001,2261
35838,1977,11075
35839,1121,15406
35840,260,12048
35841,1617,3757
35842,1611,7140
35843,242,12018
35844,1892,11127
35845,28,14954
35846,1802,13290
35847,1445,19825
35848,450,16085
35849,973,16508
35850,1527,3486
35851,1043,19785
35852,1278,11627
35853,1623,3449
35854,826,10825
35855,820,5902
35856,384,5350
35857,524,13200
35858,173,13587
35859,1701,6894
35860,56,12615
35861,1155,5498
35862,1479,10350
35863,1293,8300
35864,1675,11112
35865,662,6152
35866,488,15100
35867,1865,2903
35868,1725,12790
35869,1699,14110
35870,1859,9486
35871,27,6791
35872,441,3195
35873,1568,9930
35874,64,9784
35875,1871,4232
35876,833,17643
35877,1597,14980
35878,63,10890
35879,1999,19083
35880,1546,19026
35881,291,14235
35882,349,12927
35883,394,6595
35884,841,10038
35885,1033,4864
35886,1468,4891
35887,633,2643
35888,124,362
35889,1768,1784
35890,469,5529
35891,1220,2891
35892,718,1971
35893,776,19255
35894,658,15384
35895,154,7266
35896,1529,14954
35897,1734,9368
35898,969,8913
35899,510,18328
35900,475,4182
35901,393,4359
35902,1467,19740
35903,953,9728
35904,1796,9619
35905,1018,10609
35906,1171,15458
35907,1345,15368
35908,1847,197
35909,1385,17022
35910,2000,12278
35911,14,11145
35912,1007,3766
35913,10,16816
35914,329,4347
35915,1846,12970
35916,1239,2258
35917,1499,7540
35918,550,384
35919,1590,3828
35920,1703,4539
35921,1015,14190
35922,761,1665
35923,1515,16442
35924,1976,16110
35925,697,811
35926,1164,13092
35927,1876,8421
35928,577,14145
35929,1395,4800
35930,1328,3820
35931,1613,11035
35932,1817,995
35933,1305,16339
35934,236,15170
35935,435,6746
35936,751,1922
35937,1072,12575
35938,1964,14089
35939,786,5846
35940,577,12729
35941,1775,298
35942,811,562
35943,904,5029
35944,550,3256
35945,952,3167
35946,361,8733
35947,569,12680
35948,770,13985
35949,709,973
35950,841,13009
35951,773,7900
35952,1905,16104
35953,1608,15599
35954,1652,1234
35955,868,16006
35956,389,3409
35957,691,9792
35958,292,16545
35959,996,669
35960,187,11188
35961,1638,5733
35962,1991,11437
35963,1089,244
35964,1180,3014
35965,623,354
35966,754,4416
35967,224,4256
35968,1198,7697
35969,1992,5677
35970,959,15908
35971,1218,8182
35972,140,835
35973,1849,9517
35974,772,1409
35975,1601,6335
35976,44,3453
35977,1493,7735
35978,1695,11609
35979,1126,5121
35980,978,12534
35981,1982,2883
35982,161,6747
35983,551,1613
35984,1906,4254
35985,1365,18947
35986,304,5441
35987,1556,13882
35988,1640,5780
35989,1052,317
35990,1393,10851
35991,101,3757
35992,723,8722
35993,1882,1924
35994,1047,4509
35995,19,5732
35996,1854,6279
35997,1288,10335
35998,849,3788
35999,1027,15555
36000,388,18215
36001,573,10588
36002,1839,7726
36003,986,7497
36004,1457,3346
36005,473,15344
36006,806,16276
36007,1207,8203
36008,682,4085
36009,1292,12074
36010,168,12583
36011,1889,10347
36012,196,16614
36013,1895,477
36014,618,18610
36015,340,4978
36016,1574,12999
36017,816,10611
36018,345,203
36019,1706,5127
36020,1892,16078
36021,522,14891
36022,1890,1098
36023,859,7735
36024,1553,13642
36025,245,11931
36026,661,10621
36027,1095,3864
36028,1311,8540
36029,454,2320
36030,275,17685
36031,914,11431
36032,1870,8642
36033,1661,7725
36034,1885,4708
36035,1340,3751
36036,1541,17249
36037,656,2205
36038,1079,9702
36039,514,9660
36040,641,9553
36041,809,4334
36042,906,10434
36043,138,10936
36044,1075,7474
36045,1429,24
36046,130,16552
36047,313,13972
36048,219,12279
36049,1483,17465
36050,1663,12528
36051,836,8874
36052,813,2198
36053,848,3539
36054,1098,6767
36055,1154,2439
36056,1377,3159
36057,1163,6094
36058,246,12771
36059,95,7603
36060,61,12565
36061,1120,14271
36062,791,6550
36063,1811,1487
36064,783,856
36065,933,7784
36066,1720,2366
36067,561,399
36068,1647,5882
36069,1457,5007
36070,1444,4554
36071,1019,9779
36072,1993,4907
36073,1360,15476
36074,1098,3008
36075,1213,5937
36076,1583,12829
36077,1227,12389
36078,668,8279
36079,461,15382
36080,1941,12607
36081,1864,6061
36082,646,16094
36083,1623,16859
36084,26,739
36085,19,10703
36086,195,13352
36087,1897,2918
36088,1635,8303
36089,749,4808
36090,1886,206
36091,1040,11275
36092,1372,13391
36093,159,13490
36094,598,14406
36095,456,7044
36096,696,18721
36097,131,19436
36098,1608,19345
36099,1231,10524
36100,766,7257
36101,1756,2959
36102,903,17396
36103,1052,1624
36104,498,16713
36105,657,19422
36106,71,15045
36107,203,14969
36108,407,3957
36109,616,15051
36110,1747,4622
36111,939,6402
36112,101,3270
36113,1933,14978
36114,1969,9017
36115,1517,5889
36116,1988,291
36117,1624,19344
36118,1529,1524
36119,139,6534
36120,1631,4528
36121,249,3788
36122,839,19088
36123,242,3164
36124,1128,12771
36125,1184,17662
36126,1092,19632
36127,906,10504
36128,945,6017
36129,706,12692
36130,1839,11184
36131,1304,19389
36132,33,4405
36133,1012,55
36134,1570,10054
36135,1838,5850
36136,794,17447
36137,202,9897
36138,418,11300
36139,1622,6614
36140,1786,13519
36141,530,3859
36142,1532,5787
36143,306,10958
36144,397,1176
36145,1488,12673
36146,1402,14699
36147,1251,12868
36148,1465,10392
36149,732,19879
36150,1091,5017
36151,1291,11083
36152,1878,19671
36153,1642,10440
36154,455,19434
36155,1754,13054
36156,354,11953
36157,1101,12311
36158,164,19012
36159,40,19450
36160,1580,17119
36161,800,3386
36162,330,5529
36163,43,6288
36164,1287,9345
36165,1903,15567
36166,1348,5871
36167,1571,11044
36168,1976,9917
36169,1956,4993
36170,238,17990
36171,1012,16600
36172,810,8890
36173,485,4481
36174,937,15362
36175,1630,10546
36176,203,13683
36177,1409,13666
36178,474,2728
36179,1466,2656
36180,82,8113
36181,1371,12362
36182,898,5648
36183,948,18677
36184,1738,18397
36185,1568,15417
36186,1201,13270
36187,3,18430
36188,773,13767
36189,238,7376
36190,1014,1892
36191,1667,14688
36192,411,9823
36193,1550,17198
36194,48,18037
36195,1570,16402
36196,1095,12598
36197,1292,8938
36198,59,7539
36199,914,10289
36200,1747,19251
36201,94,4193
36202,1777,9247
36203,1156,11519
36204,1808,10627
36205,46,9628
36206,1994,4453
36207,1537,2984
36208,1148,4549
36209,1881,7248
36210,1893,9156
36211,1613,9907
36212,653,3790
36213,568,6753
36214,639,1598
36215,34,7115
36216,37,9273
36217,1043,5888
36218,1885,18830
36219,889,16927
36220,1020,3015
36221,1303,6538
36222,90,6533
36223,57,3758
36224,973,6116
36225,922,2990
36226,608,3055
36227,1068,19550
36228,617,5022
36229,1822,16252
36230,327,6146
36231,420,2782
36232,230,3290
36233,70,12023
36234,412,15135
36235,1263,9618
36236,364,6028
36237,232,3770
36238,882,15894
36239,1255,15984
36240,663,12949
36241,637,6732
36242,202,4338
36243,526,162
36244,1447,17927
36245,1939,48
36246,542,18905
36247,292,1400
36248,1588,15874
36249,492,2193
36250,143,19247
36251,1484,8457
36252,263,16922
36253,1609,11385
36254,1383,9703
36255,1779,18809
36256,1461,15691
36257,765,16485
36258,1476,11825
36259,926,10012
36260,475,10553
36261,1908,4985
36262,1262,1345
36263,199,7
36264,773,4267
36265,1316,11878
36266,1645,2558
36267,513,14706
36268,88,1763
36269,1203,494
36270,1071,3001
36271,367,15080
36272,1671,17027
36273,259,16756
36274,912,7275
36275,1887,17706
36276,1517,3786
36277,778,8145
36278,180,18099
36279,762,2434
36280,786,2801
36281,162,2398
36282,585,6095
36283,383,3759
36284,884,12643
36285,201,6897
36286,112,4982
36287,1763,8749
36288,1888,6496
36289,1334,17915
36290,1278,15758
36291,869,2653
36292,1411,566
36293,833,17992
36294,1309,19042
36295,415,6220
36296,870,9898
36297,820,8389
36298,1407,17557
36299,585,2915
36300,922,1206
36301,1094,7823
36302,1171,7578
36303,1207,14215
36304,605,12867
36305,844,10767
36306,1806,269
36307,719,16597
36308,1003,7946
36309,306,12066
36310,182,3476
36311,1785,18089
36312,993,11591
36313,36,4812
36314,73,11035
36315,725,17619
36316,449,6113
36317,84,5172
36318,1394,2876
36319,1293,1961
36320,1814,14567
36321,1913,5838
36322,1236,2782
36323,1462,15872
36324,474,6946
36325,862,16269
36326,1502,17955
36327,1178,11264
36328,379,7923
36329,1093,2024
36330,1220,16023
36331,1433,2322
36332,500,18223
36333,689,7115
36334,1824,7131
36335,1204,14839
36336,643,3110
36337,427,16368
36338,1453,18854
36339,1515,8306
36340,680,14269
36341,962,16643
36342,1388,14291
36343,1755,9592
36344,90,8709
36345,404,6258
36346,1491,18896
36347,159,770
36348,1745,18426
36349,836,1735
36350,1689,855
36351,1749,7580
36352,239,1605
36353,963,17482
36354,1031,5752
36355,22,19878
36356,1197,18652
36357,1410,18172
36358,926,14524
36359,236,18266
36360,526,4601
36361,1950,14417
36362,1350,10580
36363,1620,17310
36364,91,3640
36365,1464,2379
36366,1241,7600
36367,1337,10252
36368,343,7739
36369,231,1935
36370,1186,13356
36371,1475,9379
36372,1979,16086
36373,211,147
36374,492,13928
36375,1251,17777
36376,1553,11846
36377,1166,2269
36378,1065,15162
36379,1261,16310
36380,627,9486
36381,489,12157
36382,1209,8768
36383,177,5892
36384,1778,17462
36385,1444,5833
36386,338,13607
36387,1934,3964
36388,1543,7191
36389,1292,12818
36390,1162,9279
36391,1987,14151
36392,831,12048
36393,111,6181
36394,1709,7460
36395,460,1258
36396,1682,17611
36397,1416,5727
36398,1174,19827
36399,936,5586
36400,721,12877
36401,987,16079
36402,429,3170
36403,7,3678
36404,766,4016
36405,1608,18099
36406,1044,19730
36407,1190,14541
36408,149,6945
36409,1394,16318
36410,1028,13093
36411,47,12504
36412,1807,3030
36413,316,13969
36414,1697,18821
36415,925,19089
36416,1146,19417
36417,29,13269
36418,1891,7568
36419,1552,6911
36420,1932,16097
36421,1780,11570
36422,852,16478
36423,1369,4660
36424,318,18465
36425,631,7078
36426,674,3483
36427,147,11176
36428,167,356
36429,214,11349
36430,1829,11
36431,359,6095
36432,1083,534
36433,1345,19052
36434,537,10186
36435,1472,13055
36436,1456,9631
36437,862,15481
36438,884,9072
36439,837,13220
36440,722,12884
36441,1048,18105
36442,1841,17777
36443,1109,17237
36444,380,11272
36445,1816,12330
36446,1773,1627
36447,1579,5384
36448,1220,7510
36449,359,17322
36450,883,4399
36451,1821,3883
36452,1037,18850
36453,662,556
36454,1824,7202
36455,539,16395
36456,1697,5306
36457,1434,3498
36458,1146,17119
36459,1273,14551
36460,1903,643
36461,1485,1857
36462,1660,11596
36463,302,12627
36464,325,14827
36465,1604,9080
36466,739,932
36467,23,8259
36468,1988,7005
36469,284,6002
36470,1969,17492
36471,1179,6032
36472,945,8755
36473,376,10980
36474,222,2606
36475,1067,1384
36476,794,14295
36477,379,9273
36478,1217,59
36479,662,19445
36480,531,4981
36481,1504,4629
36482,1580,10587
36483,460,19932
36484,1061,9813
36485,1600,14627
36486,791,1396
36487,42,374
36488,1064,2039
36489,1580,10070
36490,1218,13102
36491,922,15712
36492,457,13071
36493,1015,7351
36494,841,11840
36495,1146,19469
36496,1651,2088
36497,533,1781
36498,1045,13709
36499,1049,17078
36500,681,2246
36501,747,18703
36502,95,6482
36503,371,10787
36504,431,6434
36505,334,7761
36506,529,6356
36507,1371,13767
36508,1491,4409
36509,946,1024
36510,1767,9543
36511,450,3215
36512,1686,13826
36513,1785,17005
36514,123,4823
36515,826,11451
36516,1092,12984
36517,1776,15901
36518,429,12205
36519,1436,17891
36520,415,1208
36521,110,15846
36522,1603,1710
36523,1686,12363
36524,497,2138
36525,1345,10546
36526,763,17099
36527,21,7876
36528,744,19180
36529,817,460
36530,968,11236
36531,1467,9055
36532,1086,12777
36533,190,5900
36534,1643,4844
36535,910,11311
36536,346,2405
36537,708,9815
36538,1957,8748
36539,1614,11310
36540,691,4078
36541,1468,9175
36542,1372,10221
36543,697,4140
36544,1501,16442
36545,1364,9363
36546,1036,14031
36547,319,16814
36548,1835,18258
36549,428,11497
36550,1739,2033
36551,738,12105
36552,106,18766
36553,341,10263
36554,889,13115
36555,1275,7513
36556,1387,15253
36557,367,9470
36558,1201,1849
36559,1028,2521
36560,1956,10808
36561,792,19955
36562,1744,14239
36563,427,14430
36564,1294,15862
36565,407,8412
36566,425,3468
36567,1083,17267
36568,537,3766
36569,184,16456
36570,27,9135
36571,189,14699
36572,1771,9227
36573,1893,5600
36574,179,14386
36575,1787,12314
36576,1644,16725
36577,879,10346
36578,1752,471
36579,632,17768
36580,566,8572
36581,351,13703
36582,1515,13348
36583,244,4047
36584,325,19312
36585,83,5783
36586,66,18603
36587,1853,15349
36588,1497,19083
36589,1264,11737
36590,1975,12268
36591,783,28
36592,570,16381
36593,1242,1497
36594,71,3939
36595,468,19184
36596,1088,10944
36597,144,7010
36598,1557,13076
36599,360,19173
36600,1563,13127
36601,582,11441
36602,891,13113
36603,613,3036
36604,464,18489
36605,79,1385
36606,1009,7286
36607,974,14144
36608,1004,2536
36609,1371,15529
36610,485,19453
36611,817,2356
36612,339,6826
36613,1226,2427
36614,880,7609
36615,1287,15043
36616,1667,11048
36617,561,15834
36618,106,11135
36619,858,12959
36620,671,14062
36621,414,16328
36622,1611,6112
36623,1316,18105
36624,1412,8336
36625,1185,10541
36626,1067,4884
36627,1823,11881
36628,1424,2847
36629,841,12899
36630,173,4310
36631,666,13331
36632,1489,19535
36633,1375,3542
36634,1199,9514
36635,1383,19128
36636,1451,16286
36637,238,1766
36638,465,17367
36639,1840,16530
36640,123,196
36641,336,14573
36642,1184,10497
36643,1651,3058
36644,560,16299
36645,887,8247
36646,1164,5762
36647,310,12564
36648,557,10171
36649,981,10948
36650,497,8722
36651,967,10142
36652,1690,9636
36653,1764,6831
36654,1178,295
36655,418,9737
36656,1057,3618
36657,618,15473
36658,547,11755
36659,879,3548
36660,40,16187
36661,1039,14839
36662,1871,6230
36663,1465,1336
36664,1154,12858
36665,1206,14616
36666,65,417
36667,1536,948
36668,428,17375
36669,1749,929
36670,1235,5061
36671,437,837
36672,212,2295
36673,126,13548
36674,382,3213
36675,1230,7540
36676,470,3008
36677,1493,17454
36678,1338,14827
36679,1244,9170
36680,1673,10528
36681,855,13971
36682,1961,16952
36683,591,9500
36684,1027,14724
36685,309,8432
36686,872,1649
36687,979,9640
36688,521,16636
36689,1347,5845
36690,291,6027
36691,1648,8340
36692,1767,19946
36693,537,15626
36694,293,16853
36695,481,3954
36696,59,12736
36697,1291,15828
36698,1116,2730
36699,1021,8197
36700,197,17486
36701,1473,48
36702,1590,3002
36703,123,4062
36704,950,3213
36705,988,19091
36706,388,17628
36707,1024,5271
36708,514,7528
36709,1849,13083
36710,400,16640
36711,531,12551
36712,1970,16711
36713,576,5215
36714,1467,15290
36715,849,19728
36716,922,13797
36717,1923,1720
36718,305,12177
36719,218,17404
36720,930,19815
36721,1895,10484
36722,279,12468
36723,590,18579
36724,560,5721
36725,1518,9437
36726,1056,10742
36727,107,5039
36728,1878,2204
36729,146,7074
36730,1226,19630
36731,1137,4584
36732,1085,15643
36733,983,17344
36734,1625,7403
36735,1623,13606
36736,1315,18538
36737,328,7870
36738,1290,6709
36739,1621,6802
36740,472,15664
36741,504,6867
36742,1944,6864
36743,4,5825
36744,1762,4941
36745,1760,16840
36746,1888,2684
36747,492,987
36748,144,6949
36749,270,6844
36750,497,16504
36751,466,17438
36752,917,9398
36753,144,4703
36754,109,17175
36755,271,687
36756,481,9867
36757,595,2909
36758,794,7285
36759,1190,5729
36760,1145,5811
36761,1389,1186
36762,937,14162
36763,128,8022
36764,1498,5724
36765,329,10144
36766,1046,16920
36767,1324,4702
36768,1364,4954
36769,707,19882
36770,1358,16496
36771,601,10926
36772,1831,16033
36773,596,9866
36774,30,16569
36775,490,15562
36776,1045,1235
36777,442,1778
36778,394,1500
36779,896,12499
36780,592,3197
36781,129,3138
36782,1675,3253
36783,476,10495
36784,825,5947
36785,1889,8024
36786,1044,8907
36787,795,11873
36788,1884,6637
36789,1648,9557
36790,62,14216
36791,1577,4345
36792,971,17385
36793,1480,16149
36794,1676,15827
36795,380,550
36796,1474,17967
36797,1415,18731
36798,1328,11778
36799,1908,10716
36800,1251,1985
36801,304,5540
36802,787,6864
36803,667,975
36804,1720,12410
36805,1067,12426
36806,928,3745
36807,1686,18749
36808,659,8007
36809,651,30
36810,1927,4775
36811,247,6718
36812,878,7362
36813,33,19817
36814,1851,14944
36815,1856,13194
36816,1053,16612
36817,1190,7658
36818,895,357
36819,1251,14270
36820,1801,1221
36821,106,3786
36822,165,9590
36823,1462,8202
36824,682,18881
36825,1896,19868
36826,1831,18520
36827,376,5817
36828,1547,5462
36829,1236,17750
36830,917,3632
36831,587,7068
36832,145,6815
36833,749,12865
36834,1010,13288
36835,1193,14484
36836,1500,8473
36837,1082,1212
36838,748,15976
36839,18,14793
36840,27,2808
36841,800,19059
36842,1216,4498
36843,240,18838
36844,644,3457
36845,342,811
36846,1083,8892
36847,1614,5844
36848,1623,12166
36849,1415,7545
36850,762,6148
36851,297,5933
36852,379,14689
36853,428,231
36854,262,10856
36855,610,12366
36856,1873,10970
36857,443,3152
36858,1666,17923
36859,28,6920
36860,1766,7991
36861,1079,15471
36862,844,8199
36863,1205,6845
36864,172,15772
36865,1055,1961
36866,998,2788
36867,1252,19431
36868,1956,5165
36869,1473,10108
36870,847,9415
36871,205,2085
36872,1675,10387
36873,326,17587
36874,260,2695
36875,299,3026
36876,534,1950
36877,780,4969
36878,1838,3961
36879,279,1123
36880,39,14217
36881,1835,7527
36882,1468,9731
36883,1816,2315
36884,829,13042
36885,1481,9346
36886,1598,19108
36887,1036,116
36888,108,7688
36889,1446,1644
36890,92,10204
36891,1254,1567
36892,396,12897
36893,310,15835
36894,1016,18134
36895,1394,1727
36896,1034,2196
36897,1527,2694
36898,1951,10819
36899,1563,12881
36900,1570,8764
36901,468,11712
36902,1638,2272
36903,1440,5415
36904,552,2432
36905,485,8090
36906,951,19115
36907,946,8155
36908,648,14879
36909,6,6669
36910,1175,1172
36911,1001,18249
36912,729,3439
36913,335,9619
36914,1802,17060
36915,815,9207
36916,463,10832
36917,1805,9339
36918,841,2449
36919,337,14434
36920,1780,1650
36921,1985,16035
36922,617,8780
36923,1374,5413
36924,1207,3449
36925,1423,19100
36926,315,8847
36927,977,1888
36928,1819,4180
36929,1356,9741
36930,1320,252
36931,1093,10807
36932,366,13138
36933,823,7046
36934,933,1384
36935,1619,15462
36936,784,1713
36937,1443,4314
36938,305,16395
36939,1376,13919
36940,84,10995
36941,1110,12225
36942,326,3801
36943,723,361
36944,1812,9800
36945,954,9845
36946,1048,4071
36947,567,17245
36948,1127,13555
36949,826,17810
36950,1636,939
36951,1678,7566
36952,482,5649
36953,818,5758
36954,1797,11562
36955,1269,19730
36956,1321,15890
36957,554,10524
36958,841,723
36959,1645,15374
36960,1192,19253
36961,1002,1001
36962,350,17536
36963,577,7589
36964,1387,4218
36965,1566,15527
36966,100,411
36967,1796,4732
36968,1965,14081
36969,275,18670
36970,1384,6955
36971,1632,17465
36972,252,9185
36973,993,6898
36974,1585,7818
36975,827,5817
36976,1213,5131
36977,1031,6674
36978,1197,5031
36979,1134,13021
36980,1552,8355
36981,1453,18790
36982,1229,10003
36983,49,1418
36984,1357,18277
36985,999,15845
36986,1593,7554
36987,1104,7506
36988,77,19797
36989,1506,3538
36990,656,6097
36991,1580,5324
36992,67,6064
36993,602,16941
36994,1543,10295
36995,823,7032
36996,1310,9856
36997,1480,7975
36998,298,10836
36999,54,13992
37000,1921,14830
37001,629,8836
37002,1883,702
37003,113,11909
37004,747,17119
37005,958,7417
37006,276,12124
37007,166,17599
37008,529,10970
37009,1065,11164
37010,1140,11102
37011,1133,12323
37012,1151,11630
37013,532,15336
37014,667,2188
37015,1350,9699
37016,1853,9499
37017,686,1903
37018,547,18687
37019,900,2174
37020,158,7507
37021,442,5073
37022,566,9997
37023,1364,17620
37024,525,10600
37025,611,846
37026,1898,16618
37027,614,12729
37028,518,934
37029,1141,19896
37030,362,3946
37031,1561,14981
37032,271,13847
37033,1253,19555
37034,1094,19623
37035,1544,12272
37036,398,19356
37037,1790,2434
37038,81,14810
37039,420,5089
37040,552,612
37041,1046,19612
37042,924,961
37043,124,11785
37044,1579,15969
37045,1636,7299
37046,1394,12574
37047,529,15586
37048,938,13833
37049,1761,3558
37050,529,6737
37051,1873,6750
37052,613,4981
37053,1738,19725
37054,668,2690
37055,620,15692
37056,1043,14321
37057,543,4428
37058,1232,18408
37059,935,9212
37060,745,12995
37061,1295,15604
37062,762,4833
37063,1086,9855
37064,395,18880
37065,973,17784
37066,1492,6002
37067,1760,8504
37068,1009,4885
37069,737,15446
37070,993,1766
37071,1159,2584
37072,204,4318
37073,1277,9753
37074,1385,17287
37075,405,9810
37076,489,12468
37077,637,19875
37078,1855,3361
37079,29,17277
37080,1466,16491
37081,1050,838
37082,574,1464
37083,965,11355
37084,1322,15306
37085,308,15320
37086,1560,6621
37087,434,3077
37088,526,18100
37089,538,19155
37090,91,12819
37091,1484,1849
37092,776,11854
37093,1297,5726
37094,878,8123
37095,1378,5867
37096,826,4917
37097,523,8699
37098,114,9633
37099,1140,15991
37100,1140,3846
37101,1136,6553
37102,898,17344
37103,1718,17638
37104,1081,7150
37105,1658,5758
37106,393,8295
37107,1843,15186
37108,508,11017
37109,287,15700
37110,1320,10950
37111,265,868
37112,680,1505
37113,39,18725
37114,1140,15121
37115,1,11337
37116,1023,13416
37117,26,16221
37118,1760,16417
37119,1025,8448
37120,1209,2674
37121,328,16762
37122,664,991
37123,685,17575
37124,1962,17907
37125,704,13972
37126,391,8476
37127,1028,17230
37128,759,824
37129,901,18429
37130,1357,16499
37131,1571,10735
37132,76,17591
37133,1335,13182
37134,432,3351
37135,839,10517
37136,1255,2755
37137,130,7678
37138,1993,19606
37139,1904,12221
37140,1171,2134
37141,511,19556
37142,1777,12856
37143,1071,1863
37144,131,9816
37145,1328,3351
37146,1124,17512
37147,34,4277
37148,1663,19176
37149,1777,15716
37150,984,2395
37151,331,11390
37152,406,7756
37153,389,13764
37154,612,5979
37155,1388,15582
37156,971,1815
37157,842,3391
37158,879,15292
37159,253,19946
37160,98,1437
37161,1651,143
37162,1624,6734
37163,1508,14735
37164,492,11769
37165,210,19006
37166,1413,7792
37167,561,13931
37168,332,9082
37169,706,5931
37170,463,14308
37171,1933,4733
37172,1116,9891
37173,152,2383
37174,1693,10641
37175,79,12665
37176,820,9806
37177,1749,17476
37178,1722,11917
37179,1131,13241
37180,1039,13973
37181,861,9302
37182,732,2082
37183,520,18196
37184,174,1522
37185,973,422
37186,1193,11822
37187,709,4374
37188,1891,5800
37189,1737,8885
37190,789,13063
37191,1708,11558
37192,1966,11993
37193,1983,17688
37194,740,12445
37195,637,3844
37196,379,11093
37197,309,3134
37198,1966,136
37199,242,7698
37200,102,2045
37201,1317,3179
37202,336,17438
37203,733,7546
37204,241,8028
37205,595,2287
37206,1376,10517
37207,27,17934
37208,1694,16157
37209,934,14156
37210,720,7276
37211,1147,17567
37212,1744,5619
37213,875,7530
37214,313,17419
37215,1463,16221
37216,140,9143
37217,319,10032
37218,495,13647
37219,428,6820
37220,1834,911
37221,1834,9388
37222,239,12091
37223,1566,18529
37224,47,13836
37225,1819,11737
37226,1014,6715
37227,1834,18473
37228,264,3883
37229,1008,4738
37230,1761,6391
37231,1800,10980
37232,421,481
37233,346,13965
37234,1568,645
37235,1719,4502
37236,785,1351
37237,287,16562
37238,1962,6253
37239,653,4981
37240,1338,5498
37241,335,3042
37242,607,6226
37243,998,4283
37244,1533,11987
37245,396,3014
37246,485,7598
37247,773,3780
37248,894,19049
37249,816,2412
37250,34,15787
37251,1381,4013
37252,362,18883
37253,179,7798
37254,667,15373
37255,204,15347
37256,374,911
37257,599,11542
37258,252,15318
37259,1830,4661
37260,227,4010
37261,1371,3075
37262,1853,5300
37263,1072,2408
37264,968,13547
37265,835,170
37266,704,13748
37267,894,5647
37268,1185,15589
37269,1005,17346
37270,13,18564
37271,1145,10796
37272,695,13090
37273,1506,16842
37274,1534,18018
37275,449,18864
37276,373,14828
37277,1961,5198
37278,749,9513
37279,1342,17254
37280,1151,7609
37281,75,8483
37282,1880,15942
37283,540,16680
37284,719,17302
37285,755,4992
37286,1035,8266
37287,122,12039
37288,1712,663
37289,1743,13348
37290,1125,1686
37291,974,1026
37292,727,8272
37293,779,15304
37294,1250,6303
37295,814,19612
37296,950,9688
37297,1639,13925
37298,53,5814
37299,694,3759
37300,1891,12494
37301,1667,2522
37302,1006,15518
37303,657,11069
37304,242,15803
37305,1385,2234
37306,922,3502
37307,263,2165
37308,1005,11359
37309,1427,4081
37310,661,2411
37311,15,2128
37312,120,14574
37313,1820,10915
37314,1089,45
37315,311,11432
37316,1761,16213
37317,1968,18794
37318,1630,1683
37319,724,19310
37320,290,1789
37321,1791,1085
37322,225,3184
37323,590,19074
37324,1685,8627
37325,1834,16667
37326,1878,16320
37327,95,10613
37328,901,628
37329,590,15029
37330,194,8290
37331,1054,17015
37332,450,17626
37333,1182,18037
37334,808,11673
37335,870,15504
37336,775,13400
37337,1531,15361
37338,118,2934
37339,1599,10014
37340,1585,15285
37341,1793,2029
37342,323,1995
37343,795,4856
37344,992,5181
37345,1952,13725
37346,1373,2800
37347,260,18392
37348,1976,1571
37349,1459,11976
37350,718,8374
37351,63,7939
37352,1181,4889
37353,196,8405
37354,109,9212
37355,1242,888
37356,367,5958
37357,883,1528
37358,242,9839
37359,1238,19114
37360,835,16199
37361,934,10942
37362,248,11763
37363,1478,18721
37364,865,18533
37365,1695,18734
37366,1346,9956
37367,1442,1670
37368,1998,3368
37369,566,16497
37370,1796,19862
37371,653,10
37372,449,3930
37373,1430,12892
37374,667,9144
37375,1137,17634
37376,1998,15056
37377,1261,10472
37378,524,17926
37379,1464,13409
37380,127,13596
37381,399,4765
37382,288,11893
37383,671,1220
37384,981,5477
37385,647,7327
37386,469,15864
37387,1232,17370
37388,455,15380
37389,1332,3223
37390,1952,5508
37391,99,3804
37392,468,5358
37393,159,1910
37394,1680,2891
37395,1306,9709
37396,1844,16539
37397,1239,19036
37398,435,2477
37399,1989,15111
37400,422,2346
37401,1325,15104
37402,1982,7599
37403,984,6266
37404,406,8094
37405,877,3212
37406,87,5304
37407,984,17279
37408,1244,7227
37409,1605,6269
37410,381,1417
37411,1006,16108
37412,543,17248
37413,1218,10779
37414,1688,10630
37415,179,7271
37416,327,13603
37417,891,9123
37418,959,9260
37419,118,55
37420,1464,13947
37421,21,1820
37422,1433,495
37423,137,6984
37424,1314,8561
37425,950,14788
37426,1393,1108
37427,1067,4231
37428,82,16480
37429,1995,511
37430,508,10775
37431,563,3029
37432,284,11450
37433,1916,19884
37434,1405,10869
37435,1534,1168
37436,1200,2931
37437,1493,4845
37438,1140,1132
37439,43,10208
37440,31,210
37441,1659,11828
37442,564,18831
37443,1633,15277
37444,188,8111
37445,934,10267
37446,1204,14794
37447,1895,9329
37448,1006,7056
37449,19,16748
37450,1637,5325
37451,726,10183
37452,1698,7642
37453,1898,11098
37454,683,7561
37455,965,18509
37456,1187,5237
37457,1759,3799
37458,799,15837
37459,1815,15767
37460,375,10668
37461,746,11153
37462,1762,8682
37463,561,6801
37464,952,8937
37465,1749,14937
37466,510,3136
37467,1069,14469
37468,392,9873
37469,1847,2780
37470,44,17852
37471,521,17377
37472,177,5317
37473,839,318
37474,717,10219
37475,7,5421
37476,391,1239
37477,272,14709
37478,1687,8277
37479,1582,10682
37480,1029,3258
37481,317,1061
37482,859,18215
37483,532,11625
37484,1314,19080
37485,269,1568
37486,1848,10235
37487,363,16669
37488,1472,1704
37489,671,10160
37490,1493,7789
37491,1382,1560
37492,993,7699
37493,1193,3515
37494,1683,4946
37495,959,1674
37496,1160,9802
37497,373,10064
37498,1801,16199
37499,1838,11847
37500,1803,9090
37501,1113,5517
37502,841,2269
37503,408,11829
37504,1379,17224
37505,821,19869
37506,622,286
37507,816,5768
37508,529,8275
37509,959,20
37510,207,908
37511,1809,7261
37512,1172,10441
37513,631,3933
37514,1048,16531
37515,1198,13528
37516,920,14506
37517,645,6904
37518,959,4217
37519,165,11435
37520,472,14601
37521,1160,8166
37522,1270,104
37523,888,10963
37524,999,13519
37525,1797,8951
37526,1458,3560
37527,1906,5134
37528,435,3576
37529,290,10793
37530,516,8467
37531,1726,17305
37532,1668,18125
37533,546,3705
37534,406,1962
37535,308,11886
37536,1725,4583
37537,576,15913
37538,1918,10423
37539,520,5113
37540,1281,10966
37541,237,9189
37542,919,4497
37543,471,10995
37544,966,11498
37545,1608,3505
37546,274,19840
37547,294,3797
37548,916,13559
37549,1300,19414
37550,1777,17709
37551,1250,4570
37552,99,8766
37553,212,18113
37554,1617,16287
37555,730,16966
37556,434,1962
37557,1027,14244
37558,654,19717
37559,753,4560
37560,706,18250
37561,545,5543
37562,1631,18375
37563,1780,1577
37564,408,12696
37565,913,4712
37566,762,5039
37567,1126,19738
37568,1913,9402
37569,192,3355
37570,1552,5044
37571,814,10954
37572,1080,10809
37573,804,10457
37574,1004,648
37575,20,4848
37576,362,8752
37577,407,1834
37578,580,6100
37579,1952,889
37580,324,14456
37581,13,2113
37582,175,6063
37583,134,14777
37584,1211,10451
37585,854,2773
37586,1429,3973
37587,1104,19768
37588,1637,7101
37589,222,19318
37590,1676,4453
37591,1951,8155
37592,142,4473
37593,1194,7446
37594,1940,10893
37595,1716,11055
37596,796,17180
37597,624,5862
37598,1119,11995
37599,1242,11492
37600,789,916
37601,475,12836
37602,597,5682
37603,1456,12294
37604,122,2787
37605,1727,12204
37606,368,258
37607,897,9374
37608,95,18727
37609,1053,12668
37610,657,5734
37611,1824,15254
37612,1752,13878
37613,1241,8295
37614,1941,14610
37615,1069,15334
37616,190,14170
37617,1213,5052
37618,1489,16749
37619,351,13130
37620,577,15753
37621,1472,899
37622,800,13469
37623,1094,6271
37624,1467,182
37625,770,14892
37626,371,16316
37627,1667,1846
37628,1061,11104
37629,679,17704
37630,490,3244
37631,1613,14000
37632,413,5870
37633,512,8728
37634,815,11307
37635,691,8077
37636,1777,3909
37637,1363,14102
37638,343,12143
37639,133,13331
37640,1591,15565
37641,48,2823
37642,1947,19365
37643,916,18383
37644,971,10261
37645,1262,8703
37646,1939,8323
37647,414,14883
37648,1819,5323
37649,469,9255
37650,459,14524
37651,102,8519
37652,1457,5096
37653,342,7901
37654,164,16844
37655,133,14948
37656,1508,5129
37657,1335,15333
37658,1508,526
37659,1847,5816
37660,1244,19661
37661,1648,12334
37662,162,6242
37663,1243,15336
37664,717,10481
37665,1190,10182
37666,1227,6131
37667,226,18513
37668,558,9786
37669,1399,9274
37670,1398,19065
37671,94,10813
37672,965,17998
37673,122,369
37674,21,19717
37675,805,17104
37676,1652,570
37677,1126,17332
37678,1840,11636
37679,622,15694
37680,319,11394
37681,263,15431
37682,775,3565
37683,1908,3155
37684,1626,10968
37685,1025,19187
37686,46,6361
37687,1580,16424
37688,1269,4407
37689,776,1410
37690,83,18325
37691,472,3712
37692,640,18044
37693,684,2952
37694,1948,14630
37695,1228,7266
37696,314,8270
37697,1134,2524
37698,1398,3518
37699,777,3323
37700,1147,3479
37701,1134,3759
37702,1516,12729
37703,1215,8536
37704,958,5746
37705,1368,18912
37706,357,221
37707,462,16747
37708,670,18537
37709,801,16494
37710,1332,7250
37711,1926,2527
37712,796,5496
37713,1735,16791
37714,805,2547
37715,452,15731
37716,1772,14345
37717,795,951
37718,1480,11467
37719,772,15114
37720,1278,7950
37721,272,7291
37722,686,10532
37723,1268,6130
37724,311,17487
37725,1952,12907
37726,66,3619
37727,584,8460
37728,1883,18666
37729,1927,8133
37730,1609,6655
37731,1048,9559
37732,1342,834
37733,459,6475
37734,1110,2828
37735,1386,16558
37736,1350,18325
37737,1546,11712
37738,889,6343
37739,1505,18190
37740,1534,17291
37741,1066,15614
37742,313,7875
37743,36,4222
37744,1038,7355
37745,234,18912
37746,1337,9022
37747,737,12732
37748,116,2911
37749,230,11683
37750,1421,13544
37751,1125,15331
37752,1145,10501
37753,436,18762
37754,215,3369
37755,948,15062
37756,562,909
37757,706,6705
37758,1418,4198
37759,1161,12803
37760,609,4414
37761,192,14304
37762,6,6456
37763,957,8283
37764,1356,8498
37765,1318,7215
37766,1794,14892
37767,273,4276
37768,1872,6000
37769,1631,3254
37770,1082,12403
37771,1778,18910
37772,1617,13615
37773,342,17790
37774,506,8422
37775,1270,3857
37776,938,15338
37777,1897,7160
37778,1803,13665
37779,1726,12120
37780,1593,3970
37781,778,17803
37782,525,12205
37783,778,17594
37784,752,11568
37785,1657,6244
37786,1549,8811
37787,196,5569
37788,678,10390
37789,1895,1733
37790,891,7929
37791,1961,6030
37792,705,2259
37793,1384,12086
37794,733,10764
37795,425,12840
37796,31,15613
37797,1656,8174
37798,1140,1850
37799,371,16709
37800,178,11095
37801,337,1119
37802,1376,1608
37803,790,503
37804,1221,11530
37805,1838,10193
37806,363,1698
37807,1738,17972
37808,926,11904
37809,1502,4153
37810,1248,2391
37811,241,9755
37812,1723,16385
37813,1823,14999
37814,153,17964
37815,1336,5750
37816,531,17372
37817,1453,9024
37818,961,18186
37819,834,3769
37820,1991,13591
37821,577,9890
37822,1849,18555
37823,1068,12366
37824,209,4251
37825,420,14916
37826,582,13253
37827,1385,4435
37828,1694,3683
37829,817,16962
37830,163,5010
37831,494,3165
37832,1857,910
37833,1103,6931
37834,261,17584
37835,170,14021
37836,695,6825
37837,438,1415
37838,442,319
37839,496,15511
37840,1729,9224
37841,204,4948
37842,262,8071
37843,1107,2169
37844,294,12259
37845,1917,1133
37846,46,14263
37847,179,3240
37848,1116,3093
37849,734,267
37850,1587,17610
37851,1207,9555
37852,1542,9381
37853,1391,6024
37854,484,7714
37855,396,11430
37856,1164,16337
37857,1191,881
37858,219,16189
37859,14,6443
37860,1315,2034
37861,1980,16110
37862,1104,15376
37863,97,3298
37864,273,12672
37865,1397,9185
37866,151,15283
37867,1715,12640
37868,1185,6421
37869,801,17588
37870,991,6733
37871,1363,8003
37872,676,4540
37873,1156,15648
37874,614,4634
37875,1684,2527
37876,245,10934
37877,1416,11890
37878,1226,10345
37879,238,5183
37880,1821,5617
37881,1307,4444
37882,1114,12371
37883,1743,3048
37884,1303,19542
37885,1225,17521
37886,1821,8272
37887,1351,15782
37888,528,12133
37889,1424,12550
37890,998,15502
37891,1089,7194
37892,1537,18846
37893,1428,701
37894,1943,1246
37895,1635,16852
37896,689,1015
37897,206,15272
37898,1036,8005
37899,521,19184
37900,86,1245
37901,1249,5406
37902,775,11223
37903,991,6346
37904,1728,7511
37905,1655,16217
37906,799,5875
37907,1043,7488
37908,1917,2212
37909,1561,7042
37910,1120,7403
37911,10,17180
37912,1443,19128
37913,1111,15961
37914,1457,17864
37915,934,2064
37916,791,5396
37917,246,4628
37918,1498,14262
37919,1709,8535
37920,61,16383
37921,190,3925
37922,1552,8192
37923,1987,15755
37924,1949,1500
37925,491,15465
37926,614,6344
37927,239,10087
37928,522,11143
37929,1639,9648
37930,1035,1549
37931,579,19538
37932,1283,10350
37933,1477,19429
37934,1672,11116
37935,1748,717
37936,1595,8454
37937,507,13126
37938,759,17773
37939,1119,6570
37940,863,16781
37941,541,5750
37942,1809,12038
37943,427,6522
37944,1626,5592
37945,105,17960
37946,368,15037
37947,1151,15737
37948,1542,15734
37949,1149,15578
37950,53,16188
37951,1317,3209
37952,1859,6100
37953,1051,11658
37954,596,7071
37955,837,2524
37956,974,9542
37957,1298,19639
37958,142,14321
37959,1173,6362
37960,1730,9415
37961,1489,17798
37962,1367,18622
37963,1432,5230
37964,1657,12725
37965,1082,16315
37966,1696,119
37967,1286,10056
37968,1467,4319
37969,884,1950
37970,881,8767
37971,1386,10635
37972,1103,6674
37973,479,18217
37974,20,1595
37975,1471,3519
37976,419,1670
37977,880,4515
37978,484,13978
37979,1594,8287
37980,1098,5549
37981,1388,2786
37982,1516,7988
37983,167,14796
37984,31,12624
37985,530,6155
37986,149,17213
37987,386,9752
37988,1697,5237
37989,782,13094
37990,626,14190
37991,1633,4663
37992,1484,7938
37993,1384,11337
37994,486,6015
37995,822,16368
37996,842,12687
37997,531,14601
37998,1211,2556
37999,511,9
38000,378,11727
38001,5,3491
38002,1541,548
38003,1104,4008
38004,805,17479
38005,333,11248
38006,212,13373
38007,1630,14885
38008,791,2829
38009,1885,2682
38010,296,2442
38011,1017,2371
38012,1532,6722
38013,1997,18894
38014,640,15236
38015,1056,4405
38016,896,625
38017,1503,9560
38018,514,682
38019,1891,2781
38020,159,9262
38021,331,13431
38022,1601,7210
38023,1619,9822
38024,355,1966
38025,1670,6679
38026,1773,6890
38027,984,5357
38028,1295,11581
38029,1982,65
38030,1400,11569
38031,1882,12692
38032,208,4000
38033,859,12643
38034,1207,19091
38035,246,19331
38036,263,12918
38037,19,19569
38038,1161,19805
38039,1344,16548
38040,1115,8899
38041,604,19551
38042,1932,16056
38043,1356,13357
38044,829,112
38045,413,6870
38046,1958,12456
38047,1270,8282
38048,633,796
38049,1235,11151
38050,1829,2978
38051,827,11070
38052,91,6899
38053,1784,6380
38054,738,9495
38055,818,12785
38056,1752,546
38057,859,4247
38058,203,8969
38059,1841,8142
38060,1264,18153
38061,444,16939
38062,1429,9553
38063,1223,6692
38064,1722,15344
38065,278,6652
38066,22,8770
38067,233,16714
38068,396,1031
38069,114,10558
38070,144,12094
38071,142,11909
38072,1243,9944
38073,895,1060
38074,1738,3116
38075,747,9235
38076,696,8386
38077,1355,8384
38078,1505,9239
38079,1168,6113
38080,261,9550
38081,1449,8188
38082,498,6770
38083,1953,3615
38084,1119,7395
38085,1529,2790
38086,1228,16846
38087,1599,7944
38088,1433,11131
38089,1197,16026
38090,970,19460
38091,1426,18489
38092,1891,13319
38093,1368,12336
38094,1609,14460
38095,840,7291
38096,1722,15494
38097,961,14079
38098,1536,13378
38099,26,9322
38100,906,10551
38101,1831,1484
38102,711,3203
38103,982,18598
38104,804,15199
38105,698,19457
38106,736,6796
38107,354,1273
38108,93,3820
38109,1034,18502
38110,1601,13220
38111,134,910
38112,867,8613
38113,1486,1450
38114,1392,1528
38115,1146,6031
38116,1289,16664
38117,794,9330
38118,1376,202
38119,1459,7156
38120,412,6176
38121,1488,1037
38122,460,10452
38123,1509,18306
38124,1797,13133
38125,1090,13812
38126,1677,9312
38127,1754,9192
38128,1043,137
38129,191,3342
38130,341,2797
38131,1689,5768
38132,637,16141
38133,304,47
38134,1781,18847
38135,402,19614
38136,1017,13991
38137,7,13409
38138,1464,5938
38139,1105,17937
38140,659,7322
38141,914,14514
38142,1701,7828
38143,156,17703
38144,1133,6118
38145,1721,13712
38146,1412,16152
38147,1713,9673
38148,1584,12627
38149,947,3061
38150,1149,14224
38151,501,11215
38152,1998,17827
38153,1099,17476
38154,1623,3111
38155,1819,8199
38156,498,8634
38157,1437,2470
38158,1451,16785
38159,945,8019
38160,609,17062
38161,1835,12008
38162,1547,6317
38163,116,10992
38164,1654,5713
38165,1184,2033
38166,371,517
38167,508,2853
38168,1553,2957
38169,34,19185
38170,758,17056
38171,780,13648
38172,973,526
38173,645,13971
38174,985,17011
38175,1280,2666
38176,483,8758
38177,527,9369
38178,261,11396
38179,513,10671
38180,1299,17145
38181,500,6680
38182,354,6578
38183,9,10744
38184,817,6713
38185,1946,5718
38186,1692,7874
38187,590,4866
38188,1975,17648
38189,1718,7161
38190,1612,11963
38191,359,1747
38192,1286,6620
38193,31,12507
38194,1074,18433
38195,220,12524
38196,1087,16542
38197,1553,7306
38198,815,4517
38199,733,11257
38200,249,11731
38201,781,15186
38202,20,19432
38203,1661,14548
38204,1434,9870
38205,388,8589
38206,1442,10797
38207,489,7613
38208,561,11287
38209,300,17652
38210,334,18206
38211,892,4715
38212,280,3627
38213,750,5789
38214,347,10851
38215,1005,15059
38216,1108,8149
38217,754,4112
38218,1023,14297
38219,460,656
38220,78,6158
38221,1549,7897
38222,1968,2648
38223,173,15342
38224,39,4121
38225,1108,3621
38226,1517,6891
38227,333,12694
38228,544,6162
38229,1239,7692
38230,1777,17660
38231,579,5887
38232,202,4680
38233,677,6026
38234,1585,17258
38235,431,5091
38236,106,631
38237,277,15040
38238,1528,15996
38239,1642,16837
38240,652,4771
38241,1179,819
38242,805,5022
38243,1666,11575
38244,110,3954
38245,514,13398
38246,1788,5191
38247,1118,8484
38248,1740,6825
38249,1456,14266
38250,1014,2591
38251,1227,16778
38252,1112,14595
38253,1531,16415
38254,839,1164
38255,908,12854
38256,1342,11505
38257,224,15585
38258,1052,16145
38259,667,1849
38260,1337,2311
38261,1752,18056
38262,578,7162
38263,1102,8314
38264,83,14349
38265,16,1146
38266,508,13141
38267,1464,15702
38268,1356,6714
38269,1270,8780
38270,1124,3303
38271,184,6649
38272,1988,13410
38273,1334,14637
38274,650,7075
38275,253,14548
38276,774,9907
38277,1748,17369
38278,1294,7755
38279,990,2637
38280,1084,1957
38281,104,986
38282,940,5828
38283,1072,4701
38284,1925,3880
38285,1193,18483
38286,62,11083
38287,1444,6277
38288,86,14529
38289,847,14881
38290,1065,17659
38291,261,16328
38292,565,17672
38293,1222,6638
38294,1647,6910
38295,1000,17356
38296,814,6788
38297,1684,9411
38298,38,17328
38299,1285,9161
38300,334,17034
38301,47,11181
38302,1949,5090
38303,1201,17855
38304,87,12826
38305,1673,8193
38306,639,270
38307,1206,18928
38308,1305,15548
38309,464,17282
38310,703,5381
38311,493,2393
38312,1816,18337
38313,1037,13525
38314,535,3945
38315,1709,19534
38316,401,8065
38317,1086,7851
38318,1751,19438
38319,1357,10270
38320,656,18309
38321,1733,7059
38322,279,3911
38323,1744,12794
38324,62,11885
38325,921,8775
38326,612,616
38327,1776,15374
38328,477,8780
38329,1595,17921
38330,10,380
38331,493,7897
38332,1317,18673
38333,324,16361
38334,1890,19494
38335,1508,9458
38336,211,5542
38337,1781,11042
38338,1742,2083
38339,1446,18962
38340,213,851
38341,1033,10011
38342,672,19980
38343,1020,17840
38344,1783,12425
38345,965,10724
38346,336,11654
38347,1803,729
38348,1453,14622
38349,512,4260
38350,882,10592
38351,762,10385
38352,1597,10446
38353,162,14332
38354,1444,16284
38355,332,15536
38356,1963,3138
38357,1650,8202
38358,938,13730
38359,1686,880
38360,1944,9994
38361,1720,10536
38362,987,16894
38363,1417,15559
38364,1448,6272
38365,1968,16213
38366,1149,7244
38367,398,16776
38368,1856,4460
38369,1548,7196
38370,568,19401
38371,300,5899
38372,1768,16312
38373,819,8941
38374,897,13113
38375,1926,13644
38376,1209,2829
38377,880,13109
38378,879,16103
38379,819,18854
38380,734,10562
38381,1802,17359
38382,1059,10148
38383,1918,7282
38384,587,5404
38385,1300,10099
38386,46,4441
38387,112,2125
38388,573,10790
38389,1452,5919
38390,735,15646
38391,1511,10953
38392,270,15533
38393,934,16008
38394,234,2862
38395,1978,5112
38396,302,14037
38397,525,11169
38398,1421,12369
38399,951,3149
38400,1812,17881
38401,1195,17815
38402,1352,18299
38403,1115,13288
38404,928,6554
38405,479,6192
38406,977,8232
38407,1142,3943
38408,1033,4595
38409,960,1117
38410,1392,13838
38411,611,13501
38412,1114,3694
38413,112,8304
38414,1048,8936
38415,421,15655
38416,368,17599
38417,1756,8341
38418,255,2211
38419,1288,5461
38420,915,17391
38421,475,6280
38422,874,15599
38423,980,17428
38424,1200,7391
38425,318,15204
38426,76,4321
38427,650,17408
38428,875,6541
38429,1928,7054
38430,1773,670
38431,101,3751
38432,747,1650
38433,1811,17166
38434,1419,7902
38435,1412,9823
38436,1324,1677
38437,319,5890
38438,619,8480
38439,1419,16838
38440,1823,17782
38441,1858,15284
38442,1838,8400
38443,1140,3324
38444,1978,2391
38445,1351,5267
38446,1075,419
38447,1432,1341
38448,1131,18180
38449,575,7714
38450,58,14330
38451,387,2174
38452,562,13757
38453,131,9611
38454,1726,5482
38455,918,19956
38456,1692,12873
38457,23,15303
38458,1299,3582
38459,1692,1440
38460,393,6833
38461,1363,19208
38462,219,13148
38463,1872,11737
38464,1152,7681
38465,1943,19188
38466,970,8056
38467,1778,1155
38468,1162,954
38469,1431,16322
38470,482,19476
38471,1829,19412
38472,161,13027
38473,1103,22
38474,1586,8784
38475,1751,4492
38476,184,3232
38477,528,366
38478,445,5468
38479,851,1353
38480,178,5201
38481,482,7782
38482,1189,7895
38483,1538,13514
38484,1751,14776
38485,812,55
38486,1012,5958
38487,1244,17540
38488,1901,16635
38489,343,14296
38490,126,1210
38491,88,18363
38492,1030,1248
38493,1910,16748
38494,254,19416
38495,921,4812
38496,586,6449
38497,519,18210
38498,1144,5071
38499,772,12585
38500,1022,13297
38501,554,9359
38502,192,19993
38503,922,10405
38504,1874,271
38505,310,10973
38506,1894,8193
38507,1162,19332
38508,1900,18630
38509,234,8936
38510,848,4723
38511,1706,1630
38512,1762,3848
38513,79,13887
38514,48,8433
38515,419,10869
38516,508,1211
38517,1811,5922
38518,1742,17418
38519,45,17228
38520,1771,1283
38521,1938,9627
38522,1712,18458
38523,1875,3962
38524,1698,3010
38525,789,7345
38526,778,3901
38527,1029,17115
38528,25,12898
38529,683,11864
38530,802,4298
38531,620,12282
38532,1998,16625
38533,1138,1353
38534,40,8603
38535,178,526
38536,276,14409
38537,547,6659
38538,1071,712
38539,1597,4433
38540,1503,8610
38541,1559,14880
38542,611,332
38543,560,18518
38544,1075,4873
38545,1057,18740
38546,212,16146
38547,1841,2794
38548,1034,10557
38549,1889,10244
38550,290,14139
38551,531,5443
38552,1959,4615
38553,14,2152
38554,933,13756
38555,519,11238
38556,1271,19088
38557,929,14811
38558,1298,5922
38559,697,363
38560,1272,11916
38561,554,2576
38562,1637,2504
38563,1153,7012
38564,1439,9140
38565,1962,1725
38566,1382,7744
38567,150,15981
38568,453,2564
38569,1672,12929
38570,907,15464
38571,1431,9592
38572,1431,5801
38573,377,1150
38574,1119,14830
38575,1568,6047
38576,1237,3029
38577,701,13645
38578,591,7428
38579,1486,10528
38580,1700,19750
38581,1139,11900
38582,1904,14845
38583,921,9785
38584,1464,3811
38585,1373,6566
38586,1231,15731
38587,103,7168
38588,778,12949
38589,1690,3364
38590,561,17098
38591,1719,7760
38592,871,17308
38593,1143,9816
38594,1287,13550
38595,157,6886
38596,1078,14604
38597,1086,2239
38598,1245,16191
38599,687,1750
38600,338,7094
38601,1418,7536
38602,129,1041
38603,1272,8516
38604,1356,6665
38605,1680,12785
38606,1511,4715
38607,1452,1379
38608,1682,18181
38609,1606,6769
38610,1803,90
38611,1895,4371
38612,475,6829
38613,1503,15556
38614,1409,10082
38615,1076,1379
38616,226,10415
38617,1557,19802
38618,848,16817
38619,1774,2201
38620,1057,12221
38621,1772,15168
38622,107,18123
38623,469,18409
38624,868,15744
38625,1030,4333
38626,1410,8270
38627,1804,18073
38628,1397,15586
38629,1545,1749
38630,397,15711
38631,629,14414
38632,1108,14374
38633,209,19922
38634,648,9663
38635,536,6893
38636,145,9713
38637,1907,8290
38638,381,12840
38639,589,3251
38640,1634,18741
38641,1800,14555
38642,1988,15725
38643,226,7211
38644,971,7917
38645,1338,2675
38646,1207,13086
38647,576,11263
38648,539,7697
38649,262,10204
38650,696,3972
38651,1004,10576
38652,1254,15786
38653,219,19226
38654,1544,10097
38655,133,9044
38656,1831,4156
38657,136,14262
38658,151,19491
38659,1207,4019
38660,1569,3659
38661,104,5961
38662,1596,1277
38663,672,14157
38664,1139,14667
38665,1817,13908
38666,119,7914
38667,1708,15913
38668,223,3490
38669,1201,5455
38670,1389,13592
38671,993,14405
38672,127,8185
38673,1786,8904
38674,1369,14477
38675,1431,6259
38676,713,1394
38677,206,336
38678,1330,17133
38679,1986,14065
38680,149,4699
38681,1797,5224
38682,1990,11333
38683,1757,15512
38684,1799,16139
38685,1350,1117
38686,1962,8966
38687,135,19707
38688,165,4191
38689,869,15400
38690,327,19941
38691,1367,1601
38692,1183,15148
38693,141,7651
38694,620,10866
38695,1102,8922
38696,692,8786
38697,618,12116
38698,1349,4694
38699,1668,12318
38700,615,19507
38701,265,6693
38702,1067,13446
38703,593,19838
38704,1021,19515
38705,282,2853
38706,809,752
38707,1985,7145
38708,307,9936
38709,420,9275
38710,1201,19576
38711,509,17388
38712,1323,15126
38713,1792,7143
38714,1908,11335
38715,1151,6638
38716,599,670
38717,1888,6140
38718,1688,17375
38719,443,9009
38720,737,8939
38721,1772,18304
38722,1803,10611
38723,1268,16397
38724,1851,18417
38725,173,11033
38726,652,17853
38727,19,10637
38728,1916,11947
38729,596,15248
38730,1499,6571
38731,1416,8336
38732,638,192
38733,1335,8601
38734,236,5892
38735,1182,18091
38736,827,17960
38737,873,19080
38738,1228,11014
38739,1461,8685
38740,1424,4444
38741,1215,19912
38742,761,18163
38743,1578,1187
38744,191,10881
38745,1528,14738
38746,1974,3200
38747,1566,17728
38748,1900,17046
38749,4,2393
38750,806,16005
38751,363,12599
38752,85,7114
38753,304,9035
38754,672,2534
38755,1953,610
38756,437,14269
38757,1511,9456
38758,772,18465
38759,7,18437
38760,1339,7793
38761,198,7272
38762,518,6155
38763,755,16212
38764,446,15172
38765,285,1257
38766,472,11155
38767,67,19591
38768,1208,17335
38769,3,4032
38770,1993,785
38771,1793,15318
38772,1062,14892
38773,311,5228
38774,865,2506
38775,1320,6329
38776,328,8617
38777,1688,11872
38778,441,10155
38779,194,16981
38780,988,410
38781,1296,14526
38782,724,19927
38783,1857,12873
38784,1990,9322
38785,773,12099
38786,1467,8709
38787,1253,9931
38788,1230,11533
38789,1365,1665
38790,779,14849
38791,208,8940
38792,1603,14185
38793,219,4087
38794,1622,14488
38795,840,14847
38796,1196,5109
38797,575,6948
38798,1701,18788
38799,311,1866
38800,191,8177
38801,1816,1542
38802,193,18190
38803,856,18735
38804,92,17562
38805,473,7855
38806,57,2608
38807,286,18054
38808,256,9284
38809,1421,8411
38810,1026,5320
38811,1415,645
38812,1692,4201
38813,126,12592
38814,1711,5891
38815,499,3035
38816,1744,17783
38817,618,5756
38818,1692,719
38819,668,1366
38820,1131,8892
38821,408,16264
38822,359,10513
38823,516,19803
38824,1194,11944
38825,203,2995
38826,1306,9975
38827,1567,9650
38828,839,5647
38829,1661,635
38830,606,5585
38831,1264,9143
38832,1083,4161
38833,700,8623
38834,1407,13525
38835,292,13871
38836,514,2687
38837,1873,15226
38838,1273,2526
38839,1259,5274
38840,1550,16667
38841,726,12499
38842,654,2498
38843,570,11214
38844,233,11572
38845,344,6577
38846,1311,315
38847,240,17306
38848,1864,17339
38849,1955,9596
38850,1133,2310
38851,735,10884
38852,777,12409
38853,1902,12205
38854,973,16841
38855,255,18481
38856,1999,5741
38857,1224,6033
38858,1773,14699
38859,264,5941
38860,310,6862
38861,1130,14811
38862,746,12573
38863,1369,8186
38864,611,9313
38865,1702,4887
38866,1263,57
38867,1131,17276
38868,1377,6738
38869,1854,18504
38870,1987,15532
38871,1817,3585
38872,598,10696
38873,1002,10439
38874,1543,12943
38875,888,1535
38876,1592,18790
38877,1109,811
38878,233,10816
38879,531,4764
38880,915,1054
38881,781,730
38882,1092,7944
38883,1913,1405
38884,101,3480
38885,1483,11052
38886,206,5133
38887,1854,3391
38888,1052,2346
38889,1019,3168
38890,1077,9311
38891,1710,8350
38892,1213,13004
38893,1877,12419
38894,727,5122
38895,1486,860
38896,62,19193
38897,1320,9643
38898,661,786
38899,35,14031
38900,1636,8320
38901,721,3723
38902,901,15986
38903,1095,17024
38904,1131,14253
38905,1701,10685
38906,1745,1360
38907,596,13576
38908,1854,15389
38909,1737,7997
38910,1092,18843
38911,1712,14695
38912,979,18369
38913,1597,14719
38914,461,10834
38915,411,15810
38916,659,11234
38917,1312,13321
38918,111,17756
38919,1175,19324
38920,1596,5963
38921,92,2142
38922,1604,12886
38923,985,7135
38924,481,10861
38925,1161,553
38926,623,15499
38927,1924,2289
38928,1324,12791
38929,1583,6732
38930,1207,8629
38931,430,9381
38932,328,9776
38933,1424,15988
38934,1420,18764
38935,1429,7840
38936,1290,11540
38937,1608,16217
38938,526,15428
38939,4,10940
38940,1541,11216
38941,1730,5772
38942,805,5119
38943,1770,18691
38944,550,9256
38945,1862,6171
38946,1695,12164
38947,1210,5293
38948,1349,18239
38949,1063,1401
38950,1047,18915
38951,1440,19602
38952,1,14554
38953,1226,4207
38954,442,13658
38955,17,1812
38956,1494,19751
38957,631,7054
38958,1692,16414
38959,853,19309
38960,373,16879
38961,714,13417
38962,636,3614
38963,1455,8864
38964,737,15510
38965,189,15800
38966,1776,6237
38967,1737,7229
38968,555,1526
38969,1505,2065
38970,257,18797
38971,1828,1925
38972,809,4076
38973,1388,3368
38974,687,10381
38975,1864,14239
38976,576,13466
38977,201,8402
38978,458,19250
38979,1356,15588
38980,1172,972
38981,781,1458
38982,798,28
38983,1593,14736
38984,1615,13074
38985,585,8591
38986,354,19754
38987,642,1550
38988,1422,12864
38989,498,9112
38990,1679,11696
38991,1120,5731
38992,717,17597
38993,1196,983
38994,1287,4194
38995,535,19225
38996,769,17596
38997,1769,5565
38998,171,8031
38999,1076,5922
39000,1348,13142
39001,1908,12098
39002,449,5116
39003,1337,3382
39004,471,567
39005,453,4294
39006,1205,640
39007,852,6726
39008,731,13704
39009,1710,12247
39010,747,16176
39011,70,9575
39012,1814,13919
39013,922,6059
39014,1804,11155
39015,91,1339
39016,1279,3128
39017,156,19472
39018,527,1915
39019,995,16
39020,1478,18474
39021,1318,2607
39022,1657,4685
39023,55,8258
39024,1547,11668
39025,1962,2710
39026,1280,99
39027,1179,19812
39028,214,9910
39029,93,324
39030,429,16920
39031,137,17516
39032,719,10495
39033,446,10481
39034,1530,19512
39035,1731,1881
39036,601,7144
39037,1295,9834
39038,949,4779
39039,56,282
39040,1083,2519
39041,508,4389
39042,673,10551
39043,1901,15727
39044,1936,10655
39045,219,14324
39046,1782,5702
39047,1188,10693
39048,114,16510
39049,893,17157
39050,202,14251
39051,604,2994
39052,453,2155
39053,938,2771
39054,1337,9833
39055,1754,13687
39056,1863,13378
39057,581,19954
39058,69,14096
39059,1647,8226
39060,866,11727
39061,1882,9904
39062,1556,4341
39063,1041,2989
39064,1182,14403
39065,1579,14279
39066,957,13337
39067,776,17469
39068,1025,3049
39069,454,12970
39070,536,19019
39071,1939,19458
39072,839,14818
39073,1877,18180
39074,451,6963
39075,1693,5251
39076,1988,5284
39077,1783,12010
39078,1053,13499
39079,1441,12858
39080,59,6255
39081,1278,14903
39082,475,9932
39083,203,16193
39084,1847,5051
39085,563,15569
39086,698,19790
39087,1379,2404
39088,1967,10466
39089,1569,9141
39090,1068,3772
39091,1805,16389
39092,1620,16034
39093,1355,10449
39094,1862,19675
39095,523,1913
39096,350,1764
39097,1342,16255
39098,1,19167
39099,133,9568
39100,819,17961
39101,1442,13684
39102,1415,2367
39103,893,13553
39104,846,1981
39105,1241,1990
39106,815,17223
39107,1136,8157
39108,592,14187
39109,1317,12890
39110,1508,19663
39111,1678,6834
39112,345,19119
39113,1589,4515
39114,1490,16062
39115,715,166
39116,1075,17652
39117,1608,18064
39118,890,4653
39119,551,19571
39120,1763,16393
39121,1869,18439
39122,1180,17938
39123,1926,1642
39124,1605,17907
39125,1628,19493
39126,652,6487
39127,11,19841
39128,488,6558
39129,1347,3642
39130,543,18152
39131,1280,19793
39132,213,13465
39133,1463,5109
39134,1145,892
39135,381,17295
39136,473,2751
39137,597,10049
39138,1998,139
39139,883,17561
39140,1457,15801
39141,1105,10802
39142,1153,16694
39143,1471,14803
39144,1867,16797
39145,909,7619
39146,968,14336
39147,942,14177
39148,519,17235
39149,950,1302
39150,2000,19443
39151,586,9291
39152,539,14998
39153,1824,8575
39154,1800,8362
39155,1931,4906
39156,1053,4279
39157,1404,19942
39158,187,4258
39159,1456,9745
39160,852,6355
39161,1138,1165
39162,1730,13676
39163,884,685
39164,1746,10841
39165,100,14402
39166,1052,10812
39167,575,3510
39168,1772,3832
39169,965,12686
39170,1133,15160
39171,1290,15268
39172,400,4707
39173,1413,17865
39174,1768,11315
39175,974,7507
39176,1440,1078
39177,1521,17375
39178,465,5543
39179,1071,18690
39180,1602,12946
39181,347,5107
39182,1486,19334
39183,1581,671
39184,1381,15759
39185,514,3367
39186,1286,17805
39187,814,9508
39188,21,16789
39189,556,9715
39190,908,16721
39191,1091,582
39192,65,405
39193,1351,3412
39194,283,18368
39195,224,19004
39196,204,6745
39197,168,3617
39198,636,14996
39199,1527,1492
39200,1390,396
39201,1054,11084
39202,1669,15831
39203,269,16638
39204,370,9701
39205,351,12471
39206,876,8161
39207,633,7709
39208,248,15986
39209,411,19649
39210,1490,8046
39211,203,12824
39212,1555,6096
39213,1731,721
39214,620,12182
39215,448,18671
39216,1573,7529
39217,1412,14881
39218,705,10355
39219,428,6901
39220,545,5778
39221,1092,16004
39222,777,5506
39223,1008,15507
39224,1439,364
39225,1332,18353
39226,958,2769
39227,1598,16256
39228,854,9719
39229,1521,17378
39230,1332,14454
39231,1007,19898
39232,1329,16928
39233,68,919
39234,1961,8687
39235,1375,3725
39236,1254,17627
39237,813,2252
39238,1603,13043
39239,980,16438
39240,753,11458
39241,75,2064
39242,1030,18582
39243,1714,9092
39244,179,3787
39245,1918,11617
39246,1914,166
39247,441,8562
39248,1656,1256
39249,1156,12636
39250,494,9251
39251,569,9400
39252,1031,16752
39253,696,11788
39254,71,18329
39255,1031,5886
39256,1536,3351
39257,1583,9236
39258,1893,7969
39259,146,12006
39260,22,2634
39261,1013,7396
39262,1651,2021
39263,585,13664
39264,501,14519
39265,968,16501
39266,985,6381
39267,1706,17585
39268,1158,6763
39269,1349,3893
39270,1405,7334
39271,605,13264
39272,854,15778
39273,1194,7402
39274,433,2550
39275,1362,12203
39276,1989,10604
39277,40,10820
39278,415,13572
39279,1578,4526
39280,1418,13066
39281,325,7474
39282,1370,16516
39283,1915,12730
39284,622,16696
39285,31,9790
39286,1873,19722
39287,198,4217
39288,134,11097
39289,801,14938
39290,1973,6419
39291,164,4786
39292,531,4738
39293,1128,11382
39294,691,18718
39295,1055,4615
39296,538,19486
39297,923,9880
39298,860,17672
39299,1544,19055
39300,1007,13220
39301,1539,13938
39302,1074,4850
39303,579,17917
39304,439,271
39305,110,3993
39306,1978,18062
39307,1880,10841
39308,1402,12727
39309,1796,516
39310,636,16222
39311,1134,16887
39312,53,4293
39313,1321,13229
39314,1872,1600
39315,1292,9734
39316,645,9743
39317,226,16276
39318,893,2441
39319,485,579
39320,1024,8299
39321,1996,14796
39322,1047,10554
39323,1823,9810
39324,932,3678
39325,678,1745
39326,894,9801
39327,921,19009
39328,958,18246
39329,892,1859
39330,1804,13262
39331,60,4925
39332,1148,14525
39333,882,15602
39334,1868,3195
39335,96,17466
39336,1826,14728
39337,266,10195
39338,1920,15624
39339,1861,2569
39340,1269,18409
39341,1959,12275
39342,1589,18517
39343,156,4082
39344,1233,14307
39345,1414,14908
39346,864,7994
39347,535,8495
39348,666,10904
39349,1950,9584
39350,724,1566
39351,212,16256
39352,519,17844
39353,1931,12372
39354,98,19380
39355,1583,2372
39356,925,3241
39357,1407,180
39358,912,15512
39359,1567,5332
39360,1556,7199
39361,339,4817
39362,1200,5269
39363,1727,15854
39364,226,10248
39365,1421,13225
39366,1798,2667
39367,1303,5231
39368,1653,11964
39369,1856,965
39370,1267,3259
39371,574,3936
39372,41,17286
39373,1411,2752
39374,65,14141
39375,1813,18110
39376,1924,2912
39377,1908,19104
39378,866,9944
39379,1784,3932
39380,666,13956
39381,569,8104
39382,644,13355
39383,508,16072
39384,478,4975
39385,1889,5582
39386,1503,4578
39387,578,8355
39388,619,1732
39389,615,7273
39390,534,12421
39391,1099,6135
39392,1567,17415
39393,15,2690
39394,1781,3481
39395,505,17501
39396,655,6810
39397,1104,19227
39398,1686,2418
39399,592,16441
39400,443,11010
39401,524,18874
39402,1538,2700
39403,845,10709
39404,418,9382
39405,1892,7170
39406,1839,4193
39407,784,12242
39408,451,2010
39409,296,10318
39410,1159,4519
39411,968,8173
39412,546,18662
39413,554,4366
39414,334,16254
39415,1609,1470
39416,1897,15455
39417,1562,17734
39418,868,6053
39419,980,18896
39420,949,12021
39421,1294,429
39422,353,7149
39423,1847,15259
39424,197,4858
39425,159,12209
39426,685,5494
39427,613,16682
39428,1302,1970
39429,1035,16056
39430,959,8877
39431,797,19541
39432,657,4670
39433,674,15858
39434,584,1768
39435,459,5561
39436,447,17148
39437,1878,17579
39438,401,14875
39439,136,12082
39440,64,4085
39441,1071,4772
39442,1186,5591
39443,489,8258
39444,769,1753
39445,1068,8608
39446,466,13269
39447,1707,17335
39448,1442,15476
39449,1631,10637
39450,1781,12543
39451,974,12051
39452,201,11845
39453,1608,5322
39454,1362,6044
39455,736,7070
39456,1068,19851
39457,1670,2146
39458,903,4026
39459,900,5411
39460,699,12516
39461,26,18938
39462,1621,17060
39463,244,18033
39464,930,6236
39465,1582,1935
39466,11,5374
39467,1433,5371
39468,857,5356
39469,316,4333
39470,1773,10275
39471,1290,16387
39472,1646,17833
39473,184,10721
39474,1611,17159
39475,1481,9532
39476,1510,19172
39477,1852,10483
39478,602,7387
39479,12,10460
39480,1836,14842
39481,1007,14467
39482,1996,13013
39483,398,4177
39484,1551,5984
39485,677,3287
39486,1260,7291
39487,970,7825
39488,82,10702
39489,1094,12175
39490,422,6669
39491,519,11377
39492,878,8839
39493,1018,4294
39494,986,15059
39495,1646,16869
39496,1205,18821
39497,290,799
39498,928,11292
39499,1555,3789
39500,386,14780
39501,1831,4338
39502,1861,9010
39503,1394,18860
39504,1528,8262
39505,779,17878
39506,1658,7732
39507,1622,7192
39508,1366,3047
39509,1343,777
39510,1617,5493
39511,1396,9435
39512,922,7078
39513,1366,2624
39514,1993,14033
39515,776,11293
39516,750,8657
39517,5,5523
39518,966,11335
39519,434,4978
39520,1787,15079
39521,1317,11755
39522,419,6034
39523,201,13621
39524,976,13276
39525,239,3734
39526,555,1481
39527,1209,2294
39528,808,10590
39529,150,735
39530,584,10131
39531,1784,9120
39532,1011,7344
39533,913,17143
39534,528,17610
39535,1615,17738
39536,1076,17340
39537,1365,18243
39538,1757,14463
39539,1992,939
39540,829,16621
39541,1464,2102
39542,719,15213
39543,1492,10599
39544,13,63
39545,1810,13814
39546,969,6257
39547,1713,7871
39548,952,2729
39549,874,7864
39550,386,17355
39551,986,10980
39552,1013,12560
39553,1856,3163
39554,873,19106
39555,549,19383
39556,1310,19775
39557,1584,7182
39558,383,7626
39559,701,19353
39560,668,8039
39561,1376,8559
39562,872,7981
39563,1059,10437
39564,509,11631
39565,1009,17496
39566,1318,7040
39567,860,19446
39568,1661,14632
39569,14,17148
39570,439,19392
39571,171,10755
39572,1229,760
39573,313,14515
39574,588,10242
39575,202,432
39576,1051,11901
39577,1328,13884
39578,21,4842
39579,1224,17235
39580,1297,15886
39581,1327,9644
39582,1150,1259
39583,141,12419
39584,1500,9169
39585,453,2112
39586,1619,13632
39587,370,10201
39588,1634,10868
39589,1157,14671
39590,1790,17951
39591,267,3541
39592,126,4112
39593,1685,19128
39594,669,2470
39595,1784,7098
39596,436,996
39597,893,15307
39598,1470,13692
39599,1550,19127
39600,86,12802
39601,1317,7047
39602,1561,12517
39603,445,14138
39604,1980,13373
39605,566,4022
39606,1075,6906
39607,1419,13525
39608,860,12445
39609,1354,4276
39610,92,6583
39611,1361,4658
39612,121,7550
39613,1889,18766
39614,1918,10358
39615,296,17989
39616,1002,11863
39617,1199,11631
39618,1538,86
39619,141,15482
39620,1877,7732
39621,283,15915
39622,1695,1776
39623,516,6395
39624,502,10204
39625,1655,5383
39626,1374,19184
39627,393,8475
39628,1577,566
39629,1191,17754
39630,1356,1336
39631,41,6085
39632,1647,6557
39633,1557,11210
39634,839,8213
39635,729,19814
39636,1171,18131
39637,1062,16320
39638,291,13840
39639,1566,5529
39640,1450,16822
39641,996,145
39642,652,6599
39643,990,12044
39644,1361,2782
39645,1065,13981
39646,1993,3966
39647,230,13185
39648,675,16137
39649,784,16300
39650,1283,13391
39651,1008,1853
39652,856,1989
39653,946,19240
39654,1551,13529
39655,1781,6482
39656,658,19903
39657,1445,3382
39658,1232,19479
39659,60,76
39660,218,16662
39661,835,3404
39662,1788,5771
39663,468,11931
39664,1169,2444
39665,1328,1950
39666,846,2198
39667,1686,10608
39668,528,18249
39669,1001,7315
39670,753,4768
39671,544,6415
39672,909,15466
39673,159,17455
39674,1937,19476
39675,361,15049
39676,1477,16060
39677,210,4269
39678,1660,6478
39679,33,17176
39680,1836,15049
39681,231,13192
39682,1147,7961
39683,1742,11303
39684,666,11410
39685,323,3159
39686,1017,18972
39687,976,2365
39688,731,13471
39689,1762,18073
39690,1358,19250
39691,1457,4399
39692,1805,2069
39693,1296,19998
39694,1438,6767
39695,372,13058
39696,1948,16944
39697,441,8237
39698,978,12369
39699,455,3953
39700,954,139
39701,1089,12378
39702,602,16325
39703,1831,16254
39704,85,7759
39705,1996,4294
39706,1325,6274
39707,1851,5507
39708,333,16255
39709,147,7584
39710,1203,3450
39711,268,12801
39712,1463,14192
39713,914,3489
39714,1666,7247
39715,228,999
39716,1129,15066
39717,1386,1262
39718,183,14426
39719,1113,4319
39720,861,10452
39721,1255,1424
39722,829,18439
39723,54,4092
39724,1358,8980
39725,1145,41
39726,563,1610
39727,294,11941
39728,1695,2275
39729,332,8201
39730,649,9753
39731,648,16652
39732,760,3210
39733,767,12851
39734,463,13967
39735,734,11238
39736,1133,5537
39737,504,14410
39738,1321,4342
39739,1717,7428
39740,177,1557
39741,1449,19655
39742,1778,8636
39743,317,14889
39744,1195,9590
39745,1481,11905
39746,44,1639
39747,1397,16747
39748,1772,18676
39749,1938,16783
39750,1377,19311
39751,192,13295
39752,800,5508
39753,1822,10231
39754,896,11585
39755,1802,17993
39756,1413,2217
39757,348,12198
39758,1764,15850
39759,1996,2004
39760,938,12343
39761,1662,9360
39762,851,18791
39763,484,12606
39764,1177,9042
39765,1515,11159
39766,1388,9196
39767,1782,19547
39768,1987,1352
39769,1172,18684
39770,1069,10992
39771,749,10877
39772,327,17536
39773,1147,9020
39774,1429,14751
39775,1711,10430
39776,32,16993
39777,1329,14055
39778,1437,10046
39779,4,1968
39780,646,13165
39781,256,10866
39782,1011,15716
39783,632,15024
39784,1718,15345
39785,38,14959
39786,621,13266
39787,1152,14248
39788,331,12254
39789,1768,9645
39790,502,17130
39791,1445,13771
39792,1024,3406
39793,606,15178
39794,115,3498
39795,744,3619
39796,1884,17356
39797,1609,17807
39798,1428,1465
39799,239,18346
39800,1064,3674
39801,76,6508
39802,556,15622
39803,1024,10392
39804,1965,9185
39805,857,12221
39806,1631,6885
39807,1686,10928
39808,157,9822
39809,1435,2095
39810,1518,6049
39811,1381,7868
39812,613,8000
39813,195,1442
39814,1161,673
39815,784,6647
39816,1039,2722
39817,1033,2572
39818,1707,9087
39819,31,12549
39820,920,4548
39821,1850,13845
39822,1184,7107
39823,654,3565
39824,693,2772
39825,1050,10911
39826,1458,19343
39827,1510,14767
39828,1982,17011
39829,943,14877
39830,1595,16262
39831,1997,11072
39832,387,9045
39833,1149,11453
39834,600,14057
39835,1688,5538
39836,935,14282
39837,982,17274
39838,1297,12888
39839,417,4885
39840,754,19246
39841,1898,3582
39842,1355,545
39843,249,1000
39844,1096,745
39845,1142,10083
39846,1407,1871
39847,1866,13151
39848,799,9911
39849,894,7792
39850,1559,18495
39851,213,18689
39852,1125,10459
39853,196,11404
39854,1957,17456
39855,623,8734
39856,1244,8031
39857,1017,6484
39858,1007,14527
39859,1380,2859
39860,162,2938
39861,401,2708
39862,241,12580
39863,482,5623
39864,724,14099
39865,1836,1822
39866,1493,6832
39867,940,19513
39868,895,4546
39869,842,19701
39870,420,5434
39871,514,3819
39872,610,13109
39873,247,16648
39874,544,6855
39875,730,7671
39876,120,3107
39877,1046,11752
39878,1660,16949
39879,1944,5224
39880,972,9558
39881,1463,4287
39882,864,15053
39883,783,18896
39884,1780,4054
39885,1368,4959
39886,1553,5591
39887,811,7400
39888,1844,11452
39889,138,15633
39890,1957,13440
39891,230,3911
39892,1345,3877
39893,1176,2972
39894,218,9717
39895,430,3582
39896,961,9332
39897,1093,1836
39898,1693,1084
39899,1572,11400
39900,259,11545
39901,108,5483
39902,646,11192
39903,787,16138
39904,236,15800
39905,799,8381
39906,272,1261
39907,706,9692
39908,421,18470
39909,728,2651
39910,1021,13674
39911,636,11912
39912,348,2867
39913,1503,6130
39914,1251,18173
39915,1231,13655
39916,1661,5449
39917,1052,6295
39918,1869,16774
39919,1071,1937
39920,584,9645
39921,1741,1549
39922,348,5191
39923,1977,10146
39924,1657,19821
39925,1891,2648
39926,1123,3065
39927,997,3009
39928,188,8026
39929,965,17572
39930,1155,3354
39931,1237,5791
39932,1607,2500
39933,48,10462
39934,1618,19286
39935,1798,15796
39936,1805,1707
39937,1606,12135
39938,1270,7775
39939,233,10811
39940,200,1349
39941,1146,4880
39942,27,6171
39943,1199,889
39944,144,6925
39945,1412,7556
39946,682,19467
39947,1966,18468
39948,1736,12773
39949,907,15045
39950,1502,15098
39951,1876,13241
39952,1363,1538
39953,986,12054
39954,198,16790
39955,751,10992
39956,761,13338
39957,1426,12262
39958,1088,11438
39959,326,8568
39960,1018,16919
39961,1975,19332
39962,1255,18263
39963,902,7909
39964,93,12690
39965,1581,15698
39966,1593,19392
39967,1018,17636
39968,1057,3957
39969,817,12484
39970,238,17448
39971,468,5344
39972,1855,3902
39973,447,9171
39974,1965,5010
39975,244,4191
39976,1314,4717
39977,1775,2728
39978,967,17972
39979,769,16304
39980,98,1514
39981,1250,10424
39982,1826,5882
39983,714,1394
39984,1919,17556
39985,1523,18839
39986,739,5633
39987,989,10105
39988,278,17740
39989,670,16194
39990,146,10482
39991,1652,19845
39992,1361,9145
39993,1043,15091
39994,1107,19280
39995,1725,10386
39996,1614,2761
39997,1784,15174
39998,1072,13316
39999,1609,8250
40000,1408,3703
40001,1033,12161
40002,1716,11465
40003,1800,12657
40004,936,3966
40005,802,1816
40006,165,18017
40007,347,6235
40008,897,12483
40009,569,12973
40010,885,6236
40011,711,11875
40012,389,754
40013,1471,4376
40014,1789,15147
40015,1965,7101
40016,1673,2501
40017,1452,15917
40018,899,16369
40019,1893,2192
40020,1272,354
40021,718,7665
40022,1800,11324
40023,1284,14996
40024,114,17830
40025,387,19067
40026,846,18170
40027,1537,18841
40028,1450,9054
40029,112,725
40030,1610,12717
40031,659,12704
40032,301,16015
40033,101,19832
40034,1371,1297
40035,765,3123
40036,1476,11308
40037,495,14093
40038,994,12513
40039,982,18041
40040,723,18070
40041,939,6037
40042,473,10519
40043,1590,16013
40044,1910,13304
40045,1076,7948
40046,1873,17066
40047,1293,3729
40048,1213,10758
40049,652,9065
40050,1106,18195
40051,1357,4885
40052,901,6523
40053,436,1124
40054,347,5817
40055,1645,1289
40056,1091,2164
40057,175,17479
40058,1638,14057
40059,1367,19707
40060,1131,17144
40061,777,16699
40062,1923,16215
40063,1652,6390
40064,1592,18600
40065,609,968
40066,633,18016
40067,1146,9781
40068,668,15028
40069,1012,36
40070,249,19903
40071,847,11968
40072,315,2890
40073,464,7385
40074,1589,13563
40075,1715,10470
40076,699,7389
40077,1732,18289
40078,1990,5536
40079,1049,19559
40080,610,19389
40081,806,8641
40082,1691,2781
40083,1480,6860
40084,1917,5965
40085,1164,12686
40086,1131,16487
40087,1434,5434
40088,884,5609
40089,556,2905
40090,954,16351
40091,1756,16034
40092,827,18692
40093,1659,18660
40094,334,10983
40095,585,12506
40096,584,5946
40097,349,15581
40098,764,17145
40099,1569,10515
40100,359,4154
40101,847,10895
40102,1737,9886
40103,1119,7941
40104,844,5740
40105,309,5834
40106,321,6320
40107,1644,15353
40108,1825,12751
40109,1175,11896
40110,841,11569
40111,1942,6625
40112,1495,13822
40113,1042,5355
40114,1094,19320
40115,488,19250
40116,1608,5206
40117,605,15320
40118,1058,6813
40119,894,8283
40120,1413,16944
40121,78,7641
40122,1870,8125
40123,503,17534
40124,224,5794
40125,1,12190
40126,1240,3586
40127,1455,6930
40128,1885,293
40129,1149,18833
40130,1267,15712
40131,1121,424
40132,307,3299
40133,1907,16539
40134,547,15196
40135,1,2499
40136,1731,9611
40137,1054,10354
40138,739,16006
40139,1987,16531
40140,778,17332
40141,1974,5765
40142,740,13611
40143,1443,8737
40144,1201,15445
40145,358,4176
40146,1440,17387
40147,1005,9134
40148,601,3684
40149,1919,7991
40150,1830,8761
40151,1803,16227
40152,1368,12359
40153,861,8298
40154,1780,13843
40155,1307,8018
40156,1190,12073
40157,1013,9021
40158,920,17527
40159,395,1071
40160,1930,5932
40161,57,1873
40162,1359,2389
40163,473,11763
40164,1369,6930
40165,843,16124
40166,874,9080
40167,1310,551
40168,939,9382
40169,1034,11651
40170,795,9205
40171,1259,17305
40172,652,16004
40173,862,10673
40174,1842,2196
40175,594,8918
40176,220,8943
40177,925,10267
40178,838,14989
40179,1810,3617
40180,29,7728
40181,1402,13860
40182,331,1116
40183,523,10454
40184,1987,18454
40185,732,10721
40186,1101,3381
40187,819,6174
40188,729,7961
40189,415,16052
40190,840,13245
40191,1912,7501
40192,196,13795
40193,1696,6224
40194,721,7238
40195,1404,12966
40196,1242,13576
40197,977,8858
40198,784,3498
40199,1351,8037
40200,125,3712
40201,1838,12835
40202,276,5629
40203,1850,19997
40204,1113,17091
40205,433,12122
40206,1944,17357
40207,228,19432
40208,120,156
40209,865,2616
40210,1776,16783
40211,521,8453
40212,1572,9583
40213,160,6072
40214,1536,2726
40215,1155,3605
40216,136,12371
40217,42,6475
40218,259,4886
40219,1380,9867
40220,331,8768
40221,1425,16627
40222,506,10220
40223,302,1897
40224,843,9438
40225,1688,7473
40226,584,19400
40227,1615,2399
40228,975,1828
40229,288,1329
40230,1372,10498
40231,404,18784
40232,1572,7534
40233,1059,16919
40234,994,13305
40235,1321,19512
40236,91,8836
40237,596,8406
40238,1708,16183
40239,717,19415
40240,1350,6831
40241,976,15633
40242,678,4133
40243,560,18349
40244,1092,9780
40245,426,12412
40246,1597,11541
40247,1625,14704
40248,1859,7131
40249,806,433
40250,1518,5947
40251,743,6023
40252,798,10813
40253,1558,14728
40254,1516,15121
40255,942,6525
40256,74,3108
40257,1270,10690
40258,862,7881
40259,8,7323
40260,212,2234
40261,1463,13500
40262,1569,17014
40263,1902,18904
40264,1205,13876
40265,444,6641
40266,496,9851
40267,1360,1337
40268,1736,14912
40269,1943,7839
40270,387,5975
40271,222,6683
40272,1401,16766
40273,395,8600
40274,950,8432
40275,1292,1966
40276,1761,143
40277,325,18102
40278,871,15847
40279,901,2659
40280,205,3103
40281,1826,9322
40282,1760,7110
40283,490,12161
40284,196,16390
40285,1197,18613
40286,1593,8175
40287,1810,15076
40288,1395,2906
40289,392,4215
40290,1368,5499
40291,1463,12589
40292,378,18835
40293,712,7281
40294,128,12645
40295,900,11011
40296,1048,1767
40297,308,15402
40298,1347,12006
40299,83,7767
40300,976,16993
40301,1827,16152
40302,1555,1976
40303,1610,13384
40304,1476,6848
40305,1702,10310
40306,1857,920
40307,1169,6810
40308,986,19547
40309,415,8548
40310,900,15954
40311,1970,1175
40312,1809,18466
40313,1527,10908
40314,398,9902
40315,1335,15502
40316,70,5883
40317,1430,15549
40318,422,16197
40319,392,6355
40320,180,6665
40321,701,11534
40322,12,13788
40323,1160,11484
40324,902,10495
40325,655,16955
40326,99,15536
40327,1118,18844
40328,1421,13025
40329,670,1072
40330,1337,7102
40331,1463,7438
40332,826,1519
40333,531,7299
40334,467,2465
40335,744,5840
40336,533,17349
40337,762,4972
40338,1965,17012
40339,341,16950
40340,1323,10748
40341,439,10041
40342,1513,15653
40343,1803,16927
40344,920,18223
40345,1468,242
40346,1690,12343
40347,1279,13771
40348,1701,17545
40349,36,18358
40350,1176,18371
40351,210,10947
40352,632,773
40353,1954,4025
40354,653,18750
40355,719,9322
40356,1535,18778
40357,1337,127
40358,1203,10680
40359,1044,6815
40360,469,11016
40361,1943,19184
40362,963,11613
40363,372,9158
40364,1428,296
40365,1381,8875
40366,529,10133
40367,558,7890
40368,16,10822
40369,1476,8648
40370,1530,4179
40371,1521,733
40372,1223,8588
40373,701,6127
40374,380,7269
40375,145,18193
40376,681,2536
40377,1847,18521
40378,824,6447
40379,360,10645
40380,155,16304
40381,788,613
40382,1896,6061
40383,358,3302
40384,1517,4421
40385,770,7558
40386,537,14857
40387,328,12007
40388,1486,4505
40389,870,7438
40390,1162,1595
40391,978,15847
40392,556,10215
40393,1272,19237
40394,583,12259
40395,763,185
40396,1072,15613
40397,336,19367
40398,525,6626
40399,782,5004
40400,452,15439
40401,1141,18903
40402,1432,13259
40403,1561,5967
40404,187,12242
40405,760,3705
40406,635,2913
40407,1280,1624
40408,1400,11077
40409,1068,7535
40410,888,33
40411,1802,3623
40412,1035,6704
40413,1579,14663
40414,1061,1354
40415,1083,11979
40416,612,19211
40417,1063,6246
40418,1054,6135
40419,352,4813
40420,934,5238
40421,1281,9007
40422,1499,2211
40423,617,17595
40424,818,10677
40425,1264,17888
40426,1452,10132
40427,413,15378
40428,1200,1438
40429,1022,13023
40430,129,7285
40431,1296,10854
40432,1407,12755
40433,1221,9865
40434,1670,7677
40435,374,12220
40436,1768,16651
40437,144,9479
40438,709,7955
40439,1353,7607
40440,936,4600
40441,729,2748
40442,1574,16974
40443,398,3274
40444,1383,18316
40445,1588,17181
40446,1335,7424
40447,1957,6644
40448,401,7762
40449,1063,8020
40450,1575,219
40451,1359,8834
40452,35,14264
40453,1917,19622
40454,643,11688
40455,1852,6581
40456,585,15398
40457,462,19082
40458,1416,14298
40459,1580,12195
40460,1119,19244
40461,1386,15367
40462,719,14567
40463,354,7252
40464,1165,475
40465,3,697
40466,512,11680
40467,137,3893
40468,487,9548
40469,1384,5427
40470,1125,7655
40471,471,15752
40472,1505,5988
40473,1956,19153
40474,228,6483
40475,1537,121
40476,1879,18742
40477,300,8228
40478,679,1282
40479,1115,12155
40480,1719,690
40481,1381,13893
40482,1900,390
40483,1126,6050
40484,1855,2597
40485,1903,1933
40486,87,10444
40487,11,13713
40488,1391,14536
40489,474,15600
40490,1806,272
40491,1122,3881
40492,1907,11759
40493,1339,8684
40494,929,9732
40495,160,7793
40496,1602,18065
40497,795,6598
40498,1372,11722
40499,1181,2416
40500,1268,16913
40501,302,433
40502,328,4616
40503,1246,19833
40504,1648,352
40505,492,16734
40506,261,1091
40507,386,4329
40508,1989,12708
40509,1135,3648
40510,621,17203
40511,1677,5025
40512,1169,13501
40513,966,7452
40514,273,12532
40515,1833,16322
40516,1283,15832
40517,1029,1476
40518,1640,5416
40519,1576,3542
40520,189,17454
40521,1525,15533
40522,800,4268
40523,493,9131
40524,1446,7437
40525,887,17415
40526,423,10090
40527,179,13332
40528,1776,7560
40529,618,17418
40530,336,11133
40531,436,3634
40532,551,849
40533,48,13404
40534,181,2876
40535,654,14506
40536,819,12102
40537,1595,9282
40538,1781,2158
40539,1025,6995
40540,52,650
40541,1035,16001
40542,343,19958
40543,452,5982
40544,1683,6573
40545,1241,13847
40546,186,17043
40547,298,18642
40548,143,11476
40549,1623,13732
40550,1821,4087
40551,769,16503
40552,1473,3155
40553,573,9680
40554,873,15070
40555,706,17472
40556,68,18291
40557,480,12514
40558,1545,6276
40559,1684,13864
40560,583,14632
40561,1420,17390
40562,135,19989
40563,477,1901
40564,730,4929
40565,1558,6748
40566,140,11957
40567,146,2552
40568,1310,7277
40569,838,3250
40570,1839,9143
40571,99,6447
40572,259,9700
40573,159,12254
40574,1313,7931
40575,175,3308
40576,868,10034
40577,226,6902
40578,1059,14313
40579,1781,1499
40580,717,967
40581,782,4701
40582,170,728
40583,653,14866
40584,1646,17348
40585,139,9298
40586,1833,15267
40587,979,3606
40588,284,7026
40589,1714,6798
40590,1115,1945
40591,1586,3374
40592,622,3294
40593,83,12089
40594,1314,966
40595,1576,101
40596,1082,3813
40597,1743,9668
40598,807,699
40599,1466,16250
40600,1006,789
40601,552,5664
40602,1628,7053
40603,338,200
40604,1220,5057
40605,939,17976
40606,1695,16654
40607,146,15645
40608,1331,16677
40609,514,6907
40610,1096,2398
40611,142,15015
40612,1480,5396
40613,1585,16462
40614,482,6063
40615,1841,15895
40616,1950,16276
40617,1201,1549
40618,563,12898
40619,1891,14260
40620,1552,19894
40621,1183,8187
40622,1606,6189
40623,697,12328
40624,1365,4118
40625,970,1511
40626,263,4888
40627,288,11462
40628,1347,390
40629,196,8764
40630,1262,11921
40631,1171,7624
40632,904,17329
40633,188,15252
40634,760,15534
40635,1649,17017
40636,1734,4159
40637,1596,6259
40638,1382,611
40639,878,19536
40640,951,13271
40641,37,8969
40642,436,10798
40643,1736,8195
40644,1195,14247
40645,1594,12040
40646,1639,13081
40647,1474,19244
40648,825,8274
40649,1145,10706
40650,576,5877
40651,939,15221
40652,1384,10837
40653,43,12483
40654,1881,10692
40655,431,11554
40656,1815,3063
40657,1773,16781
40658,959,18792
40659,1878,12013
40660,802,7023
40661,1846,8388
40662,1272,13808
40663,1928,12331
40664,1519,13776
40665,1510,6562
40666,1483,17670
40667,469,14893
40668,1551,3707
40669,1703,7019
40670,487,11589
40671,487,5546
40672,105,169
40673,1741,2997
40674,985,13728
40675,584,19672
40676,741,6943
40677,1309,18646
40678,1959,8607
40679,1950,10145
40680,368,11928
40681,1096,18633
40682,758,4333
40683,1205,18423
40684,199,11651
40685,860,5703
40686,1872,6911
40687,1365,18424
40688,48,663
40689,1657,11804
40690,1336,14167
40691,1228,3522
40692,574,16851
40693,193,13127
40694,1186,963
40695,321,14410
40696,213,15540
40697,920,13691
40698,568,10307
40699,1057,12615
40700,1169,5453
40701,775,16311
40702,601,6489
40703,328,11328
40704,1488,4941
40705,285,4298
40706,1194,7790
40707,895,16043
40708,1412,12201
40709,1997,3342
40710,1433,14981
40711,1773,4334
40712,540,2492
40713,1920,8673
40714,1440,7726
40715,52,3075
40716,875,19622
40717,1256,3362
40718,560,18386
40719,505,10198
40720,224,11041
40721,812,17503
40722,605,17498
40723,1547,17966
40724,641,9597
40725,1590,15758
40726,576,8003
40727,420,15152
40728,718,143
40729,1898,4916
40730,621,1840
40731,1353,11266
40732,1188,16494
40733,589,9066
40734,1475,345
40735,1202,8794
40736,1903,18141
40737,1275,19241
40738,1265,9205
40739,1014,19094
40740,1317,4874
40741,1647,13712
40742,1763,8440
40743,1550,6853
40744,1274,1845
40745,1843,3171
40746,1713,13778
40747,1268,1215
40748,273,7944
40749,718,16419
40750,264,12774
40751,1617,3100
40752,165,19189
40753,1590,19541
40754,1028,19226
40755,259,7958
40756,1001,16705
40757,183,13649
40758,882,7240
40759,737,10197
40760,1619,2588
40761,194,13315
40762,215,11563
40763,7,15774
40764,1953,7214
40765,695,6840
40766,903,19934
40767,1178,8764
40768,824,2570
40769,214,9775
40770,1081,3683
40771,1281,9425
40772,1401,12785
40773,335,17393
40774,1993,18482
40775,70,18620
40776,1507,10018
40777,1884,13063
40778,1773,11500
40779,843,8214
40780,1729,16631
40781,834,6249
40782,120,18845
40783,1277,17250
40784,820,7423
40785,3,241
40786,369,11411
40787,243,7059
40788,441,19938
40789,1508,1549
40790,982,8668
40791,1401,11790
40792,973,7407
40793,1755,11676
40794,1779,10831
40795,855,192
40796,1018,14162
40797,1244,13214
40798,93,419
40799,717,5750
40800,528,6827
40801,195,12792
40802,1977,8128
40803,611,15636
40804,434,11319
40805,466,10082
40806,1976,10132
40807,680,6524
40808,1854,12063
40809,654,12342
40810,1125,10038
40811,412,3177
40812,927,19310
40813,1479,11641
40814,1138,17734
40815,583,11122
40816,1028,6442
40817,225,16139
40818,1327,16439
40819,165,10950
40820,1648,18854
40821,928,6799
40822,64,9738
40823,263,17088
40824,888,3070
40825,1656,8419
40826,311,15447
40827,930,4770
40828,297,14582
40829,433,510
40830,1381,16879
40831,1648,4854
40832,1348,1967
40833,1510,11483
40834,967,2005
40835,1773,708
40836,1502,5282
40837,1353,2264
40838,1334,6432
40839,83,14165
40840,1079,8960
40841,1579,1406
40842,1787,8144
40843,1024,18407
40844,1555,18841
40845,288,3612
40846,1025,17684
40847,666,7107
40848,853,10145
40849,1692,4794
40850,1973,19519
40851,753,13361
40852,248,16402
40853,1428,16198
40854,1361,4366
40855,1133,15722
40856,1403,7011
40857,1439,2857
40858,1167,15409
40859,1847,7420
40860,121,13941
40861,1447,15191
40862,651,13764
40863,67,9250
40864,16,15827
40865,54,15866
40866,1554,15281
40867,433,8521
40868,823,1899
40869,1262,18251
40870,443,13528
40871,1003,17716
40872,952,619
40873,1283,18242
40874,1605,15220
40875,756,1830
40876,924,18079
40877,1680,15904
40878,135,9887
40879,516,1366
40880,1863,996
40881,382,19904
40882,759,15558
40883,1060,5262
40884,112,18880
40885,1988,11193
40886,1051,9689
40887,356,19591
40888,1759,14612
40889,1360,7340
40890,280,18054
40891,335,11980
40892,517,9213
40893,1460,2971
40894,428,11998
40895,1283,4223
40896,175,18679
40897,555,19965
40898,684,17047
40899,499,312
40900,870,5397
40901,1265,1132
40902,1213,7463
40903,1809,1284
40904,961,19028
40905,1677,11110
40906,1783,5818
40907,410,2396
40908,1185,16006
40909,727,19410
40910,568,10788
40911,1488,4954
40912,982,16463
40913,1806,16687
40914,684,9388
40915,72,11125
40916,58,19661
40917,1452,150
40918,395,19233
40919,861,17695
40920,1571,12718
40921,396,19393
40922,1525,11614
40923,853,9356
40924,1589,1164
40925,1477,170
40926,1598,14075
40927,1700,12437
40928,100,14578
40929,1787,10902
40930,1721,4585
40931,130,12373
40932,1236,12643
40933,349,9993
40934,1286,414
40935,1698,1696
40936,696,16507
40937,1443,2300
40938,852,7826
40939,1369,18731
40940,984,12929
40941,1192,2857
40942,190,2455
40943,995,19555
40944,1808,11633
40945,378,5286
40946,967,9512
40947,1595,7328
40948,1148,12572
40949,893,5959
40950,1622,5322
40951,1219,7145
40952,1615,14566
40953,1613,4167
40954,775,1784
40955,472,5165
40956,373,11381
40957,948,12692
40958,858,10799
40959,934,18319
40960,649,6278
40961,39,14344
40962,300,12461
40963,640,3680
40964,1452,7201
40965,230,2161
40966,1816,7747
40967,66,3648
40968,1598,6773
40969,613,11948
40970,1979,18612
40971,715,11591
40972,746,530
40973,1881,662
40974,147,10141
40975,73,14123
40976,1162,625
40977,493,17154
40978,1747,1136
40979,131,8489
40980,989,5913
40981,1567,1295
40982,1233,7709
40983,613,355
40984,1218,9988
40985,420,3255
40986,355,7289
40987,273,18248
40988,929,3781
40989,478,4014
40990,546,19913
40991,1039,3238
40992,864,19328
40993,1000,16531
40994,1143,7679
40995,53,8360
40996,774,2599
40997,1423,18985
40998,530,9793
40999,1180,10287
41000,847,9749
41001,852,8010
41002,315,12123
41003,1280,13842
41004,897,11500
41005,1451,6117
41006,1900,5116
41007,123,5437
41008,1273,15245
41009,740,14465
41010,1942,237
41011,132,718
41012,542,5836
41013,573,9760
41014,1830,15998
41015,1055,14663
41016,1515,11990
41017,43,5705
41018,876,16287
41019,1926,15023
41020,412,17229
41021,74,18916
41022,141,7097
41023,1101,12592
41024,43,15834
41025,460,5291
41026,1201,9616
41027,231,2188
41028,620,9140
41029,470,10424
41030,1424,8772
41031,1651,14409
41032,1809,14456
41033,1297,15967
41034,439,8862
41035,1030,3352
41036,1720,18183
41037,1490,6647
41038,1821,9354
41039,1211,5397
41040,268,3459
41041,1648,10862
41042,590,18258
41043,1174,10610
41044,1672,15129
41045,1740,2850
41046,457,11365
41047,1310,9350
41048,1327,1006
41049,1013,13290
41050,144,13368
41051,23,17460
41052,494,11002
41053,741,2490
41054,1657,13551
41055,1768,9824
41056,973,16185
41057,861,5493
41058,1704,11983
41059,1510,2494
41060,1829,19548
41061,1574,8492
41062,1713,4892
41063,124,5748
41064,623,6894
41065,688,11652
41066,408,1565
41067,1016,1838
41068,1031,13236
41069,737,1473
41070,615,6546
41071,1146,4309
41072,1939,18465
41073,300,295
41074,1875,3299
41075,1816,5721
41076,200,4381
41077,455,17655
41078,1112,13256
41079,209,15270
41080,728,7616
41081,529,2739
41082,920,18734
41083,1245,9843
41084,1905,3690
41085,399,7843
41086,970,7363
41087,1279,15419
41088,38,13464
41089,1329,5119
41090,94,3901
41091,697,2145
41092,824,9042
41093,957,14348
41094,205,6580
41095,654,10598
41096,1707,7900
41097,633,2823
41098,1775,10445
41099,1599,18098
41100,297,10607
41101,723,17535
41102,1253,8233
41103,986,13150
41104,1732,6858
41105,1880,5488
41106,1960,15418
41107,1918,9540
41108,1518,3653
41109,80,6771
41110,1254,14213
41111,1248,3468
41112,621,1985
41113,596,8493
41114,191,18435
41115,1984,1460
41116,1665,9559
41117,28,18694
41118,291,7853
41119,1715,1397
41120,1373,12278
41121,632,6281
41122,730,3695
41123,559,15241
41124,1526,7353
41125,160,13536
41126,215,15045
41127,556,7041
41128,240,2849
41129,712,16648
41130,1225,19839
41131,1868,14285
41132,317,5077
41133,129,14152
41134,1391,7262
41135,362,4034
41136,15,8720
41137,1514,13284
41138,851,2568
41139,773,9311
41140,138,8515
41141,1221,13963
41142,1003,10137
41143,329,10397
41144,170,13174
41145,917,15208
41146,1809,7523
41147,4,14857
41148,1055,10767
41149,1566,11799
41150,1995,18435
41151,422,12211
41152,868,17557
41153,289,3148
41154,749,9937
41155,566,11296
41156,175,7810
41157,1290,17653
41158,67,1913
41159,822,18545
41160,387,19504
41161,91,2381
41162,537,16188
41163,1403,14695
41164,443,8007
41165,813,7211
41166,302,2645
41167,1472,6344
41168,1760,16300
41169,1117,12372
41170,320,18661
41171,323,15853
41172,1275,2842
41173,1109,4569
41174,602,9287
41175,1498,11797
41176,841,4389
41177,1268,8035
41178,779,3506
41179,345,14529
41180,471,9005
41181,1422,7387
41182,1604,11879
41183,1269,5667
41184,400,11614
41185,1976,5840
41186,326,3710
41187,1222,8013
41188,1309,13553
41189,1507,8434
41190,561,4926
41191,1418,16323
41192,1094,19029
41193,563,6340
41194,1725,6306
41195,502,7728
41196,60,3450
41197,671,17559
41198,844,11412
41199,1864,3636
41200,191,662
41201,408,17118
41202,946,15714
41203,775,15223
41204,1123,6415
41205,1126,582
41206,292,8464
41207,15,9466
41208,289,2768
41209,490,12077
41210,1452,10248
41211,421,2095
41212,1737,12367
41213,1977,15497
41214,1738,18057
41215,1607,14335
41216,30,9307
41217,1628,9085
41218,1868,15833
41219,713,6229
41220,827,4441
41221,1454,19617
41222,1787,5862
41223,1104,14774
41224,1832,7277
41225,1491,4557
41226,992,19721
41227,1992,8010
41228,1091,2231
41229,1535,11051
41230,325,17958
41231,1002,5262
41232,459,12837
41233,1249,4578
41234,202,10584
41235,1750,6423
41236,1358,18454
41237,1445,16240
41238,496,3845
41239,899,2238
41240,1656,16292
41241,1064,15163
41242,1155,1303
41243,671,16607
41244,1229,8812
41245,695,13209
41246,186,15425
41247,1663,3199
41248,1042,478
41249,1288,16681
41250,1050,3018
41251,300,19627
41252,1263,13443
41253,843,11478
41254,271,8093
41255,1506,11512
41256,379,6451
41257,10,12212
41258,1091,12634
41259,94,14344
41260,1539,10112
41261,1073,17477
41262,1205,13532
41263,1268,1645
41264,1643,1472
41265,1404,14579
41266,473,5398
41267,502,9250
41268,476,4885
41269,699,18605
41270,455,12077
41271,445,15882
41272,9,6925
41273,1705,18553
41274,1547,411
41275,1171,3146
41276,556,12238
41277,1557,18808
41278,334,17024
41279,119,18124
41280,301,6196
41281,217,2988
41282,878,9181
41283,920,3806
41284,1230,6099
41285,1272,3096
41286,437,6775
41287,465,2042
41288,1731,3053
41289,285,9901
41290,231,14002
41291,895,6967
41292,6,6277
41293,969,8293
41294,879,19740
41295,1201,18328
41296,753,2268
41297,1714,19603
41298,117,15453
41299,1990,12244
41300,91,13189
41301,190,16236
41302,910,19857
41303,616,19659
41304,8,13375
41305,1599,16593
41306,1747,16532
41307,1871,18011
41308,1615,5783
41309,335,4395
41310,637,12617
41311,1851,8219
41312,1297,17242
41313,742,391
41314,20,8883
41315,1942,3729
41316,476,17541
41317,1794,5388
41318,1347,18910
41319,154,16159
41320,1701,16546
41321,3,10939
41322,1117,10215
41323,1165,18681
41324,1617,12037
41325,846,14054
41326,469,7118
41327,349,7676
41328,1448,9405
41329,1872,10964
41330,298,17232
41331,645,3705
41332,731,13479
41333,44,17885
41334,1852,9342
41335,986,13141
41336,1520,6219
41337,1195,7033
41338,1757,13899
41339,1645,17696
41340,1888,10006
41341,1986,4998
41342,1927,12137
41343,607,13054
41344,890,9313
41345,449,434
41346,1937,6954
41347,1948,11761
41348,883,15352
41349,1216,529
41350,1169,17451
41351,537,15496
41352,1639,9547
41353,1910,3143
41354,269,2780
41355,1720,2648
41356,105,1235
41357,1041,4523
41358,104,16585
41359,1355,18109
41360,1403,14812
41361,750,9022
41362,583,8864
41363,990,6494
41364,99,7364
41365,963,2063
41366,460,13595
41367,631,13926
41368,1159,15684
41369,455,7780
41370,1525,783
41371,1990,10788
41372,1737,17376
41373,1833,19456
41374,821,19695
41375,1276,10886
41376,498,19232
41377,1668,15008
41378,595,12638
41379,946,8489
41380,1537,4992
41381,1048,897
41382,758,17694
41383,1722,1089
41384,136,2370
41385,1249,1981
41386,890,11163
41387,1513,2506
41388,1129,8997
41389,455,17412
41390,586,3319
41391,53,18186
41392,237,15078
41393,1879,1874
41394,1622,17929
41395,920,9927
41396,1810,16477
41397,1702,7069
41398,167,4714
41399,726,13974
41400,1589,19809
41401,1681,16748
41402,176,19147
41403,5,18456
41404,1785,5700
41405,11,18989
41406,1072,16507
41407,1018,10358
41408,1362,14832
41409,481,16056
41410,128,6685
41411,1208,19228
41412,862,12493
41413,1621,19873
41414,1543,14268
41415,271,7798
41416,1082,16123
41417,121,13737
41418,1237,15382
41419,7,3572
41420,1344,6021
41421,1280,2786
41422,622,4455
41423,1683,1747
41424,195,3594
41425,1757,7049
41426,578,14076
41427,1502,16533
41428,435,18173
41429,1575,17634
41430,660,948
41431,1392,18452
41432,1657,273
41433,1585,17173
41434,206,3875
41435,379,783
41436,1191,3601
41437,928,14014
41438,1476,12706
41439,524,4343
41440,126,15489
41441,871,6078
41442,1361,4190
41443,622,18654
41444,305,8963
41445,1227,4178
41446,396,15940
41447,46,5271
41448,431,10536
41449,1392,12160
41450,1733,8085
41451,859,15155
41452,1419,12386
41453,1244,18777
41454,1113,18013
41455,728,17006
41456,1952,11656
41457,647,10703
41458,1281,11586
41459,1267,632
41460,1305,7919
41461,306,18179
41462,1793,17438
41463,1230,18713
41464,1601,2142
41465,102,12108
41466,950,16090
41467,407,8339
41468,276,18777
41469,512,896
41470,976,1931
41471,672,12402
41472,522,6004
41473,1274,9141
41474,1965,2337
41475,967,388
41476,1638,11241
41477,1271,18993
41478,571,17605
41479,1961,16214
41480,1287,5949
41481,215,12145
41482,1180,11033
41483,1311,5287
41484,973,16825
41485,1624,2454
41486,314,10620
41487,989,13654
41488,268,18948
41489,1395,6895
41490,870,11838
41491,474,683
41492,643,6154
41493,957,8490
41494,408,12869
41495,1179,17549
41496,1331,16799
41497,648,7740
41498,479,18016
41499,1972,16605
41500,1424,3633
41501,1043,1699
41502,1393,14099
41503,1036,3821
41504,419,1000
41505,979,3620
41506,1554,5730
41507,639,5392
41508,1988,13459
41509,1057,17226
41510,638,395
41511,1940,16601
41512,1356,14191
41513,1892,13466
41514,367,6483
41515,1453,5567
41516,1117,7125
41517,669,1035
41518,1044,4666
41519,1090,15631
41520,502,11273
41521,1697,2760
41522,1338,16916
41523,820,2139
41524,401,9231
41525,836,2335
41526,955,1626
41527,222,3615
41528,457,1699
41529,704,14857
41530,1673,5516
41531,1420,7543
41532,1475,9865
41533,255,10812
41534,1431,12777
41535,1021,14077
41536,1007,19803
41537,609,4205
41538,1064,18137
41539,172,16436
41540,809,9266
41541,192,10816
41542,1115,8235
41543,1944,11635
41544,929,6779
41545,1323,11766
41546,1167,985
41547,590,11344
41548,1703,19438
41549,1479,12088
41550,513,785
41551,1685,1833
41552,1973,7466
41553,1276,19272
41554,549,7966
41555,466,6818
41556,860,10760
41557,1707,9531
41558,1903,2879
41559,1549,18045
41560,1497,5365
41561,1556,16747
41562,1070,7813
41563,1620,15547
41564,1078,4169
41565,1387,1348
41566,468,5339
41567,1693,2959
41568,1760,16153
41569,1042,11555
41570,957,18901
41571,1364,11046
41572,842,14315
41573,1568,13904
41574,1635,11696
41575,1890,7389
41576,1788,2700
41577,1314,4161
41578,1938,17772
41579,1860,2809
41580,1790,4427
41581,1924,10334
41582,1038,14823
41583,1311,448
41584,1798,2160
41585,1059,4604
41586,839,5494
41587,256,15439
41588,643,3702
41589,1333,13187
41590,724,5046
41591,828,9036
41592,1159,19703
41593,1750,10101
41594,272,10230
41595,1723,2646
41596,1558,11648
41597,1412,7667
41598,1552,4792
41599,673,12979
41600,1430,13634
41601,1819,6101
41602,317,19419
41603,727,7990
41604,1066,17058
41605,936,19179
41606,297,15036
41607,1922,3141
41608,955,11481
41609,1937,7655
41610,1584,9766
41611,473,17558
41612,512,17497
41613,1544,8443
41614,67,15025
41615,787,6673
41616,1643,3664
41617,488,14392
41618,946,5999
41619,1093,17472
41620,1937,7012
41621,1165,15398
41622,443,8540
41623,540,10478
41624,1312,7540
41625,898,10844
41626,607,19392
41627,1447,7723
41628,1044,12203
41629,162,5001
41630,1351,10625
41631,317,13021
41632,850,1078
41633,1301,16157
41634,649,1981
41635,276,4498
41636,948,7802
41637,1816,16988
41638,1778,263
41639,1935,10096
41640,364,16536
41641,1670,16526
41642,1290,277
41643,1688,19145
41644,839,12780
41645,1828,6712
41646,340,17448
41647,1540,9248
41648,921,5954
41649,13,17925
41650,684,1971
41651,1794,13494
41652,1207,4862
41653,463,11681
41654,415,12868
41655,212,4368
41656,798,7917
41657,379,6477
41658,1186,3319
41659,1531,7191
41660,1191,10920
41661,1943,8954
41662,1798,14577
41663,874,2162
41664,175,7992
41665,1860,4709
41666,605,14819
41667,652,10936
41668,1969,14724
41669,546,7062
41670,1188,16348
41671,1664,2651
41672,1166,8926
41673,880,493
41674,590,365
41675,1251,6133
41676,74,11773
41677,66,19829
41678,1570,18764
41679,1666,16861
41680,368,1347
41681,443,14745
41682,1365,9596
41683,424,1355
41684,690,3983
41685,1422,7567
41686,1958,13113
41687,1236,9654
41688,594,7829
41689,373,4098
41690,1602,5551
41691,407,1614
41692,1190,7412
41693,212,4359
41694,1960,5145
41695,1940,9700
41696,1923,3020
41697,1574,182
41698,1993,15670
41699,238,3369
41700,730,18208
41701,305,18926
41702,1685,8739
41703,546,820
41704,1658,9827
41705,525,8404
41706,31,16329
41707,1330,18456
41708,502,14396
41709,154,19201
41710,1842,7574
41711,542,9871
41712,573,4376
41713,817,7832
41714,1331,108
41715,712,6573
41716,1313,18788
41717,109,5492
41718,1344,18496
41719,274,18749
41720,1301,5974
41721,105,18514
41722,1177,17905
41723,247,6423
41724,1428,1390
41725,608,11337
41726,745,18285
41727,1964,6970
41728,1783,15150
41729,766,8596
41730,981,6371
41731,156,9199
41732,660,2240
41733,1649,3865
41734,1434,15882
41735,1141,4266
41736,81,9210
41737,1077,1844
41738,373,6285
41739,578,7898
41740,557,7750
41741,429,2061
41742,1078,2364
41743,24,19908
41744,40,8333
41745,382,2389
41746,862,5679
41747,209,14345
41748,760,4893
41749,1025,2279
41750,1450,12205
41751,59,3801
41752,1727,4866
41753,760,3250
41754,1486,19119
41755,899,11659
41756,1410,1030
41757,183,18078
41758,1097,10032
41759,1643,3858
41760,1043,3557
41761,1966,9534
41762,1530,19608
41763,662,7500
41764,1262,14695
41765,830,12910
41766,931,14013
41767,166,13711
41768,749,2720
41769,1690,14934
41770,754,15747
41771,1767,1933
41772,1172,2648
41773,1319,15668
41774,1598,17655
41775,874,10737
41776,1692,5756
41777,1172,7159
41778,905,3831
41779,1427,5299
41780,1821,9633
41781,1161,3316
41782,1014,731
41783,1423,9485
41784,1492,3869
41785,1085,4296
41786,309,7229
41787,61,2861
41788,779,14835
41789,846,9324
41790,513,9244
41791,665,2983
41792,681,9998
41793,1951,1132
41794,1923,7539
41795,1170,11170
41796,584,18352
41797,1413,15095
41798,1697,9343
41799,1290,13384
41800,1487,11551
41801,948,14171
41802,146,15208
41803,420,9124
41804,1620,19475
41805,773,16998
41806,1969,2328
41807,1291,7702
41808,1878,15420
41809,1939,400
41810,406,7822
41811,497,1021
41812,203,3783
41813,533,13194
41814,649,7653
41815,1075,9655
41816,1808,12707
41817,761,8711
41818,1934,5365
41819,685,11145
41820,1741,12976
41821,1413,1093
41822,1320,1146
41823,709,6571
41824,1565,1382
41825,301,10687
41826,648,5493
41827,141,14260
41828,656,3239
41829,1515,14598
41830,1890,12243
41831,1076,15627
41832,1601,5314
41833,341,8139
41834,238,10353
41835,1985,11819
41836,770,11399
41837,759,3979
41838,812,3614
41839,49,19230
41840,1947,14684
41841,321,10580
41842,1608,19502
41843,1277,2722
41844,1074,16670
41845,1205,10305
41846,1957,9953
41847,1595,19553
41848,1474,4056
41849,553,17052
41850,446,13746
41851,1320,16032
41852,517,11597
41853,989,496
41854,1064,17702
41855,1419,2873
41856,1724,1689
41857,1655,7284
41858,421,14595
41859,10,16574
41860,1667,13256
41861,1103,10087
41862,1938,7453
41863,946,13269
41864,1286,6144
41865,407,16145
41866,1220,10688
41867,1160,10989
41868,349,6292
41869,686,18066
41870,587,9643
41871,546,9236
41872,990,3698
41873,1259,16458
41874,138,4107
41875,164,17825
41876,192,401
41877,708,17246
41878,310,9429
41879,267,2173
41880,1180,8952
41881,1492,14302
41882,1902,16978
41883,1839,4439
41884,1942,14977
41885,392,7876
41886,723,2785
41887,1546,9216
41888,1823,5953
41889,166,2019
41890,1052,168
41891,1876,15672
41892,1174,7984
41893,642,13529
41894,496,4410
41895,840,3584
41896,1462,18276
41897,287,1475
41898,544,1354
41899,1325,6614
41900,387,15031
41901,1804,9053
41902,256,13286
41903,1171,19910
41904,612,9102
41905,1159,1251
41906,393,4605
41907,371,18035
41908,1369,15197
41909,800,11547
41910,769,15317
41911,1330,7064
41912,1199,19792
41913,1134,16874
41914,1222,19402
41915,1546,7114
41916,511,16026
41917,350,6225
41918,77,7219
41919,1338,12758
41920,1917,1699
41921,1696,18720
41922,661,13203
41923,1318,3129
41924,1150,124
41925,1207,8590
41926,116,19472
41927,1650,15959
41928,745,11565
41929,460,3804
41930,1171,17109
41931,759,19079
41932,1029,7958
41933,266,2386
41934,214,8607
41935,1905,11745
41936,717,6330
41937,1026,13881
41938,979,11819
41939,573,2560
41940,1668,17814
41941,1355,4494
41942,705,4448
41943,1328,13412
41944,1883,6557
41945,1468,4030
41946,411,19986
41947,954,18926
41948,581,11667
41949,1844,13502
41950,1285,3888
41951,84,9823
41952,115,18030
41953,385,3213
41954,356,19996
41955,396,14574
41956,552,18532
41957,606,19724
41958,235,17808
41959,336,521
41960,491,7248
41961,1944,12721
41962,439,3317
41963,1879,14181
41964,139,8290
41965,1085,17753
41966,585,6162
41967,192,5237
41968,392,9600
41969,579,14979
41970,416,18572
41971,652,15520
41972,310,18079
41973,1902,10162
41974,45,3615
41975,64,17312
41976,1847,12053
41977,648,13179
41978,524,6955
41979,844,3487
41980,169,17600
41981,613,14150
41982,1467,16949
41983,190,7039
41984,1901,18737
41985,235,13890
41986,690,573
41987,948,3370
41988,1344,16583
41989,551,5827
41990,1560,9994
41991,610,15393
41992,1393,12782
41993,439,16119
41994,1541,19638
41995,1246,9016
41996,546,8192
41997,656,11615
41998,89,4329
41999,1398,17849
42000,1642,18924
42001,689,5294
42002,955,10163
42003,1954,13782
42004,537,19506
42005,275,17980
42006,339,17145
42007,1140,12834
42008,1470,5350
42009,1351,10552
42010,1282,3364
42011,88,9769
42012,1064,9495
42013,1929,2550
42014,1014,677
42015,138,8780
42016,446,5800
42017,984,17785
42018,1024,12384
42019,861,16941
42020,728,4480
42021,655,8870
42022,211,734
42023,1490,19742
42024,177,14978
42025,1476,15272
42026,204,16829
42027,761,9031
42028,1130,15266
42029,1600,11604
42030,267,941
42031,1923,2196
42032,964,13725
42033,1654,11649
42034,1226,3555
42035,601,10548
42036,1087,15747
42037,1660,10284
42038,329,5427
42039,1352,19715
42040,579,1582
42041,1216,14419
42042,967,5780
42043,212,2188
42044,853,1815
42045,1454,6591
42046,425,12363
42047,1462,5512
42048,1499,18443
42049,1440,14302
42050,819,3623
42051,1258,15699
42052,1569,1484
42053,228,8678
42054,38,16057
42055,1633,7151
42056,927,8206
42057,420,5643
42058,9,15856
42059,148,18072
42060,1896,14221
42061,1012,7794
42062,1845,15753
42063,1593,15692
42064,1890,13278
42065,929,10662
42066,657,8406
42067,187,12599
42068,32,11665
42069,1984,8957
42070,119,785
42071,1601,10405
42072,308,16905
42073,79,13827
42074,1273,17760
42075,699,16158
42076,599,977
42077,1283,5265
42078,1407,430
42079,1175,5202
42080,534,18451
42081,881,10611
42082,1674,13497
42083,922,18459
42084,1629,11491
42085,1433,18676
42086,1867,15995
42087,1499,6235
42088,1974,18755
42089,1064,13394
42090,1588,10627
42091,1158,12579
42092,1747,19711
42093,1974,10584
42094,64,3333
42095,904,14532
42096,568,13833
42097,1400,5609
42098,1716,1066
42099,1088,18761
42100,903,15049
42101,1804,689
42102,1798,16894
42103,1926,10381
42104,917,6982
42105,504,18426
42106,1521,12326
42107,251,1785
42108,1470,17730
42109,1538,5280
42110,1882,7852
42111,708,9099
42112,1671,7031
42113,1149,8602
42114,901,17123
42115,1363,15705
42116,1455,11757
42117,914,13413
42118,1883,4109
42119,594,13115
42120,451,12536
42121,604,7293
42122,402,5512
42123,602,7479
42124,140,18373
42125,1885,9618
42126,727,18740
42127,171,17695
42128,1940,18590
42129,1068,4647
42130,1925,10910
42131,325,13985
42132,934,11628
42133,1387,18658
42134,150,15399
42135,355,13674
42136,179,1013
42137,1958,7921
42138,314,10892
42139,1881,15352
42140,1931,4044
42141,1695,15497
42142,1540,4418
42143,1440,8119
42144,24,9398
42145,59,16453
42146,1220,2928
42147,875,8372
42148,1761,4256
42149,659,1261
42150,1563,14301
42151,732,4320
42152,1157,3079
42153,1783,7389
42154,559,18196
42155,51,14201
42156,1086,2311
42157,434,5663
42158,43,12169
42159,1424,3377
42160,1806,11884
42161,1288,598
42162,629,14441
42163,1813,8936
42164,242,13571
42165,1699,17853
42166,381,5773
42167,26,11485
42168,1330,10162
42169,1108,17966
42170,592,14532
42171,275,7534
42172,1323,4214
42173,363,12220
42174,24,9653
42175,1278,10302
42176,1571,6661
42177,1278,7110
42178,1033,15864
42179,582,4129
42180,1978,16044
42181,829,17097
42182,688,5896
42183,1820,5710
42184,1354,17496
42185,1248,11908
42186,297,6092
42187,767,7709
42188,724,6492
42189,728,4884
42190,663,4979
42191,651,11587
42192,1792,18240
42193,1553,11478
42194,732,5408
42195,535,2433
42196,480,12770
42197,523,13953
42198,1980,1319
42199,1549,18324
42200,1867,19739
42201,931,12936
42202,1693,13494
42203,1584,17091
42204,326,6188
42205,1714,1722
42206,1328,13352
42207,1882,19782
42208,1653,3480
42209,1111,19009
42210,946,8416
42211,219,9740
42212,1895,3265
42213,1293,2046
42214,248,8420
42215,1032,15894
42216,708,18591
42217,248,19942
42218,1465,8771
42219,1245,18588
42220,892,14033
42221,661,4861
42222,214,4301
42223,1128,2223
42224,792,2193
42225,1762,1257
42226,892,19868
42227,1868,4244
42228,217,7756
42229,837,15381
42230,1513,16557
42231,902,3096
42232,830,14956
42233,1923,4417
42234,923,7142
42235,1247,9761
42236,1924,15738
42237,973,5726
42238,1116,946
42239,1363,3685
42240,1475,19548
42241,629,16083
42242,1359,509
42243,225,14861
42244,283,25
42245,1641,1217
42246,1123,10848
42247,360,15914
42248,1641,4191
42249,458,15793
42250,1314,15556
42251,1630,9649
42252,1427,19138
42253,1052,12373
42254,1025,19966
42255,1978,12391
42256,880,16188
42257,1910,13932
42258,1989,18112
42259,1547,3110
42260,755,14050
42261,1419,1891
42262,1665,10014
42263,358,5715
42264,602,11957
42265,810,6524
42266,1025,1924
42267,1021,15667
42268,1106,7792
42269,204,14779
42270,1841,12927
42271,630,17555
42272,45,19148
42273,1643,18034
42274,815,14197
42275,1968,7686
42276,844,245
42277,323,18845
42278,21,1715
42279,107,18208
42280,589,5215
42281,120,11941
42282,1178,6864
42283,269,19923
42284,1905,15381
42285,1130,11501
42286,1200,18773
42287,734,1038
42288,1909,15883
42289,441,15478
42290,859,1127
42291,1885,12465
42292,916,16505
42293,393,19777
42294,999,8931
42295,1195,9050
42296,1703,15055
42297,1105,5713
42298,917,17569
42299,479,17152
42300,1395,2580
42301,1868,559
42302,815,18262
42303,1535,5433
42304,415,7392
42305,1944,11247
42306,140,12135
42307,213,15366
42308,793,16939
42309,1549,4813
42310,1711,6432
42311,453,18634
42312,135,1040
42313,1502,17319
42314,121,7839
42315,655,382
42316,1044,4630
42317,1618,9229
42318,1309,15964
42319,1402,13997
42320,255,13103
42321,1667,8698
42322,1728,17696
42323,1775,5961
42324,816,2265
42325,982,14290
42326,914,14512
42327,1021,16566
42328,1903,16901
42329,32,14
42330,1800,11918
42331,728,4361
42332,560,8659
42333,298,8539
42334,193,16249
42335,1016,14659
42336,167,4065
42337,1309,3727
42338,38,8408
42339,911,7641
42340,190,14881
42341,420,5503
42342,884,18636
42343,1897,10935
42344,908,14004
42345,1616,7611
42346,647,9688
42347,606,12135
42348,647,11354
42349,1588,6124
42350,881,3280
42351,805,12404
42352,655,17274
42353,1599,2838
42354,1812,18274
42355,1508,18880
42356,977,10604
42357,693,6612
42358,982,17570
42359,239,16050
42360,1762,12107
42361,1769,15045
42362,433,16002
42363,1435,9893
42364,1309,13997
42365,1836,19346
42366,36,17854
42367,1639,12819
42368,1726,1613
42369,1099,7269
42370,532,10670
42371,1641,735
42372,686,15388
42373,1233,3917
42374,1651,17832
42375,685,19983
42376,521,4480
42377,1869,11693
42378,540,19414
42379,1296,15008
42380,695,5798
42381,1196,15760
42382,1094,9227
42383,1899,18174
42384,36,17108
42385,200,15323
42386,972,14563
42387,180,14694
42388,552,10869
42389,1785,4935
42390,621,13052
42391,1514,4974
42392,1261,9211
42393,843,12205
42394,829,7899
42395,41,5656
42396,1666,10005
42397,929,17998
42398,1497,2743
42399,1280,1108
42400,690,3396
42401,52,2282
42402,866,15720
42403,709,9646
42404,597,10063
42405,1088,16585
42406,626,9585
42407,768,19561
42408,399,6522
42409,33,5981
42410,1247,14246
42411,1554,3859
42412,1487,10623
42413,833,16309
42414,1750,16276
42415,901,6592
42416,1294,15278
42417,49,13561
42418,700,8226
42419,1864,3081
42420,56,13319
42421,92,16081
42422,8,8537
42423,509,1568
42424,759,1597
42425,420,15555
42426,232,17145
42427,1563,8758
42428,580,19908
42429,1307,8729
42430,586,15402
42431,50,108
42432,1452,7801
42433,129,17760
42434,1053,11407
42435,1100,17857
42436,707,12412
42437,744,5911
42438,145,18949
42439,1393,14236
42440,277,6284
42441,411,5313
42442,1747,2315
42443,1934,16480
42444,927,16073
42445,1123,1819
42446,1264,4321
42447,642,14217
42448,1335,1888
42449,1255,16849
42450,1670,13798
42451,1994,9762
42452,1954,14324
42453,1467,14214
42454,1186,11795
42455,688,18575
42456,1218,15332
42457,224,3953
42458,1472,7070
42459,1266,2473
42460,314,6243
42461,1711,5783
42462,53,10637
42463,1072,3979
42464,1912,12467
42465,1273,5517
42466,1762,10780
42467,1861,15853
42468,60,17111
42469,915,12546
42470,720,15780
42471,1439,1403
42472,993,18841
42473,629,13563
42474,5,4861
42475,1660,19183
42476,833,15385
42477,957,18187
42478,1631,16650
42479,1036,1589
42480,959,6517
42481,948,11553
42482,440,5479
42483,331,8000
42484,1329,10021
42485,1958,19772
42486,1102,19215
42487,310,18160
42488,53,292
42489,501,17004
42490,583,4714
42491,540,19643
42492,163,3092
42493,472,3715
42494,363,13668
42495,1821,3365
42496,1632,8610
42497,204,8211
42498,1808,7293
42499,1043,8742
42500,710,10156
42501,855,1930
42502,1447,955
42503,1771,3940
42504,863,16628
42505,123,6889
42506,1637,12828
42507,244,76
42508,97,3908
42509,362,19528
42510,1437,15304
42511,634,1003
42512,1486,8304
42513,820,3069
42514,1812,12065
42515,128,5585
42516,1835,4260
42517,1155,6169
42518,901,5967
42519,29,18587
42520,264,4342
42521,1981,13182
42522,897,10767
42523,420,15219
42524,1872,19800
42525,129,18843
42526,747,395
42527,799,15768
42528,591,6625
42529,1688,7886
42530,1717,3358
42531,1755,3888
42532,1745,3180
42533,551,9052
42534,1014,12214
42535,119,15559
42536,1188,3471
42537,1663,4065
42538,872,13670
42539,912,10351
42540,1521,19968
42541,269,12420
42542,1866,15987
42543,309,8417
42544,274,16030
42545,401,7528
42546,1521,5673
42547,132,14898
42548,1267,5114
42549,618,15203
42550,276,2700
42551,877,4199
42552,96,15650
42553,126,2014
42554,867,19151
42555,1923,19337
42556,1774,3939
42557,1324,10706
42558,21,7074
42559,260,13746
42560,1273,19888
42561,405,18040
42562,554,15522
42563,476,17562
42564,1169,14671
42565,1463,8377
42566,1566,19009
42567,417,12175
42568,1627,13603
42569,806,1909
42570,558,9321
42571,1359,8925
42572,449,19503
42573,1668,72
42574,86,8392
42575,984,3872
42576,1144,8771
42577,273,8062
42578,600,2689
42579,1606,8646
42580,1577,8156
42581,1543,13019
42582,891,641
42583,700,16251
42584,91,10804
42585,1571,3907
42586,1439,9480
42587,1672,11321
42588,134,4310
42589,1351,14683
42590,1175,719
42591,76,2774
42592,699,10991
42593,1387,16959
42594,1418,12072
42595,853,17192
42596,1736,2796
42597,1200,1835
42598,1642,14096
42599,1533,4078
42600,1593,10567
42601,1463,5737
42602,666,15217
42603,305,12382
42604,1463,10583
42605,1535,4569
42606,609,6451
42607,1710,13553
42608,1600,4674
42609,100,18664
42610,190,7730
42611,707,1527
42612,1988,3383
42613,1855,9688
42614,254,18121
42615,1036,19539
42616,12,15958
42617,1005,11103
42618,1004,11260
42619,771,9997
42620,1448,12039
42621,505,7263
42622,551,2983
42623,205,14846
42624,851,5247
42625,1994,15729
42626,1773,7967
42627,267,17082
42628,248,3684
42629,1641,13409
42630,1078,10352
42631,768,6391
42632,1743,1849
42633,1860,2398
42634,794,6620
42635,147,6009
42636,29,15108
42637,1273,2063
42638,789,10790
42639,1521,19288
42640,1645,9441
42641,1622,16660
42642,1470,3340
42643,720,6138
42644,834,14596
42645,1855,10016
42646,1985,18516
42647,378,6675
42648,25,16894
42649,966,15840
42650,204,14728
42651,1090,11281
42652,832,5597
42653,1028,19173
42654,558,8660
42655,1898,2129
42656,1572,13153
42657,98,3171
42658,1569,16381
42659,809,11788
42660,1370,12353
42661,1877,7337
42662,1614,13306
42663,773,17231
42664,997,7147
42665,355,13422
42666,1880,147
42667,854,19656
42668,1905,18006
42669,1500,9978
42670,1921,3134
42671,348,16421
42672,1825,5197
42673,134,9789
42674,1437,1947
42675,1587,11042
42676,167,6544
42677,474,19172
42678,1154,13493
42679,378,8256
42680,587,11464
42681,1575,8300
42682,234,4518
42683,602,15770
42684,1208,8743
42685,446,6748
42686,1444,10834
42687,1705,1237
42688,1151,123
42689,354,17319
42690,1525,12028
42691,1482,19937
42692,1561,13046
42693,1384,8294
42694,1243,3559
42695,1585,19004
42696,1783,19105
42697,548,7869
42698,831,7393
42699,1191,271
42700,159,4332
42701,724,1841
42702,563,19151
42703,154,17263
42704,745,1421
42705,456,2063
42706,1313,16799
42707,605,16652
42708,1531,2179
42709,1370,4228
42710,568,14861
42711,819,17635
42712,1681,10305
42713,549,12005
42714,234,2748
42715,1133,14598
42716,529,11044
42717,1062,13898
42718,279,14771
42719,756,994
42720,1049,1922
42721,1828,4922
42722,159,14959
42723,643,18498
42724,846,3746
42725,1213,19705
42726,911,19731
42727,289,4710
42728,605,4570
42729,456,7259
42730,1110,10375
42731,1457,4012
42732,301,659
42733,1452,11761
42734,549,3849
42735,1524,3113
42736,1449,14536
42737,1541,2835
42738,1685,11176
42739,1570,19648
42740,394,7726
42741,1044,17611
42742,956,8718
42743,1193,16485
42744,226,18122
42745,541,19677
42746,1634,15391
42747,1705,10824
42748,1562,1505
42749,1699,7606
42750,261,2432
42751,530,16823
42752,1687,1909
42753,1734,12314
42754,531,12391
42755,1463,4181
42756,585,18907
42757,1281,9175
42758,1096,15980
42759,304,1833
42760,41,11693
42761,1649,4125
42762,1512,16765
42763,1546,4837
42764,1729,10626
42765,1399,15743
42766,1148,3826
42767,1982,15361
42768,86,19059
42769,282,12645
42770,1319,14310
42771,1224,292
42772,1503,10576
42773,631,899
42774,1074,151
42775,1481,4685
42776,1916,18021
42777,252,17054
42778,34,915
42779,1875,6298
42780,260,5759
42781,1623,11211
42782,43,3525
42783,1201,6075
42784,505,10689
42785,613,16899
42786,1616,16088
42787,1575,15459
42788,1893,169
42789,1900,12260
42790,1095,12036
42791,362,8034
42792,1338,11714
42793,1099,5158
42794,32,17388
42795,1160,9561
42796,3,8230
42797,1391,17770
42798,1692,395
42799,1881,9935
42800,169,5135
42801,1825,13708
42802,461,1416
42803,1973,13162
42804,1920,6782
42805,507,4469
42806,1746,1497
42807,154,8636
42808,145,15041
42809,374,14245
42810,135,16465
42811,24,19265
42812,1218,15624
42813,1784,2726
42814,230,7489
42815,1568,19423
42816,1974,14188
42817,1801,6546
42818,677,11521
42819,1513,1699
42820,1848,4044
42821,1466,2106
42822,581,18780
42823,821,11735
42824,634,4172
42825,557,12147
42826,1088,456
42827,949,16299
42828,1130,13395
42829,1311,15255
42830,428,15929
42831,1096,18728
42832,1336,18687
42833,361,17395
42834,517,18541
42835,1014,14983
42836,767,15158
42837,318,19781
42838,311,8381
42839,1487,1768
42840,672,3351
42841,283,7767
42842,1043,9205
42843,1012,8900
42844,654,1707
42845,1386,1241
42846,195,10457
42847,1346,15113
42848,1050,9891
42849,1144,7579
42850,118,1942
42851,1470,2259
42852,9,8062
42853,1998,12059
42854,518,15620
42855,1184,19004
42856,1395,10652
42857,179,3421
42858,1198,15044
42859,1074,17823
42860,953,3589
42861,629,18102
42862,652,16423
42863,1797,506
42864,319,17786
42865,693,2511
42866,1048,16912
42867,649,15649
42868,1971,18154
42869,1238,13991
42870,536,7636
42871,517,7042
42872,279,8088
42873,1527,13726
42874,662,862
42875,1762,19802
42876,465,13657
42877,1410,6164
42878,397,11067
42879,1545,11760
42880,651,9437
42881,1248,15008
42882,345,12136
42883,146,11156
42884,521,19608
42885,359,10800
42886,1830,8220
42887,1271,19949
42888,261,15533
42889,953,3123
42890,308,3767
42891,1074,19645
42892,1291,13954
42893,118,8658
42894,670,14242
42895,1430,13505
42896,1615,7188
42897,1610,15320
42898,469,16242
42899,1228,3817
42900,1264,17281
42901,215,17170
42902,492,3961
42903,1129,12117
42904,514,10555
42905,775,10763
42906,185,9200
42907,1662,17014
42908,721,17347
42909,923,16382
42910,1211,3771
42911,1502,3483
42912,781,2857
42913,90,7456
42914,1852,9057
42915,297,11372
42916,8,2567
42917,1114,5543
42918,1180,9534
42919,1112,5537
42920,1627,3819
42921,169,16063
42922,780,11414
42923,492,12894
42924,809,18627
42925,879,5260
42926,522,6053
42927,1125,1787
42928,793,6915
42929,1762,4487
42930,3,17324
42931,292,8664
42932,1857,3732
42933,1674,4141
42934,259,12629
42935,1286,7663
42936,435,3614
42937,101,12270
42938,341,1831
42939,671,1802
42940,1881,13930
42941,1788,8456
42942,1281,1322
42943,215,17365
42944,366,17031
42945,91,13303
42946,507,1711
42947,1942,7876
42948,1775,10398
42949,489,17334
42950,952,14520
42951,810,12175
42952,213,14152
42953,864,10277
42954,58,6109
42955,1928,9603
42956,1747,12047
42957,1608,12554
42958,1044,18044
42959,650,771
42960,1166,6976
42961,1788,18993
42962,1421,18120
42963,1144,19469
42964,772,7634
42965,364,11682
42966,792,3017
42967,1047,14855
42968,513,18367
42969,1222,6942
42970,362,17072
42971,876,15964
42972,1737,16761
42973,1086,19406
42974,312,9809
42975,498,4046
42976,1819,13644
42977,1716,1752
42978,1328,8582
42979,859,14398
42980,1661,14129
42981,1620,15246
42982,1557,12090
42983,63,60
42984,1092,17467
42985,1369,18388
42986,1182,13767
42987,203,1916
42988,1297,11091
42989,632,10550
42990,1836,8259
42991,158,15104
42992,1212,1124
42993,24,6412
42994,472,12954
42995,323,15672
42996,1399,18557
42997,762,19075
42998,1827,12918
42999,579,16496
43000,335,7738
43001,642,19957
43002,274,10190
43003,245,14287
43004,1451,16418
43005,1744,18131
43006,1011,16552
43007,142,17417
43008,903,16411
43009,1317,11707
43010,1858,2768
43011,917,2781
43012,6,119
43013,1741,11476
43014,794,5917
43015,1337,1653
43016,1265,10626
43017,248,19614
43018,9,9270
43019,757,13659
43020,1564,16205
43021,1825,15408
43022,1600,11708
43023,1250,9504
43024,758,8310
43025,850,10790
43026,984,7392
43027,807,18632
43028,149,14893
43029,915,3675
43030,311,6677
43031,212,4332
43032,196,19388
43033,90,2722
43034,658,115
43035,907,9412
43036,750,658
43037,1878,14283
43038,1499,16788
43039,1760,6545
43040,1438,13195
43041,649,10262
43042,1208,10225
43043,14,10110
43044,1274,4031
43045,555,8672
43046,712,10859
43047,692,4893
43048,818,14239
43049,717,5164
43050,1828,12592
43051,920,15516
43052,660,5065
43053,1206,5981
43054,1020,1967
43055,1951,8097
43056,699,19066
43057,1602,14654
43058,881,3658
43059,975,11870
43060,765,16629
43061,1198,5827
43062,998,2284
43063,844,18608
43064,564,1204
43065,215,12034
43066,1901,12081
43067,339,2046
43068,1807,1208
43069,1537,13161
43070,1670,12852
43071,1915,15768
43072,1990,16650
43073,1324,16972
43074,173,1433
43075,1940,8559
43076,75,7244
43077,1388,127
43078,321,3324
43079,71,654
43080,1724,18451
43081,1012,18243
43082,348,18823
43083,568,17761
43084,832,5500
43085,1749,9719
43086,1917,6865
43087,1164,3142
43088,605,11181
43089,1534,4703
43090,1383,14383
43091,1055,4955
43092,258,4212
43093,1640,9394
43094,793,2817
43095,1281,12921
43096,1883,8729
43097,884,2290
43098,488,4972
43099,1289,209
43100,1477,4487
43101,1792,12588
43102,432,14135
43103,590,3169
43104,1593,5248
43105,1777,8540
43106,529,8848
43107,993,16933
43108,61,4810
43109,1923,855
43110,634,18496
43111,743,6332
43112,648,18398
43113,553,3467
43114,1149,12183
43115,1375,10753
43116,893,14706
43117,903,852
43118,1639,9524
43119,778,3443
43120,1552,14388
43121,484,17559
43122,1201,11461
43123,227,14598
43124,241,15213
43125,225,1931
43126,123,18327
43127,1296,7643
43128,453,13979
43129,1029,2846
43130,1591,6821
43131,87,14822
43132,56,9087
43133,24,6976
43134,907,8676
43135,798,19268
43136,1327,5958
43137,1271,2427
43138,1257,15523
43139,729,15682
43140,855,14123
43141,1038,4288
43142,845,6642
43143,79,6633
43144,1967,14661
43145,594,3833
43146,1142,7725
43147,1698,10664
43148,1877,10606
43149,1900,1647
43150,1521,5420
43151,61,9356
43152,1130,17439
43153,1648,19351
43154,1286,16177
43155,1307,16608
43156,450,17611
43157,1646,17239
43158,856,14316
43159,1672,7130
43160,315,9715
43161,853,19136
43162,1258,16977
43163,716,18962
43164,667,159
43165,146,4014
43166,1218,4894
43167,1968,15773
43168,58,15970
43169,1326,8996
43170,107,15992
43171,1876,6858
43172,1261,19068
43173,1270,3828
43174,1857,623
43175,970,15936
43176,1340,118
43177,983,2325
43178,1864,13991
43179,1615,13519
43180,325,16008
43181,1923,13988
43182,1064,2301
43183,1553,12264
43184,1985,13744
43185,522,17807
43186,1790,5430
43187,616,8069
43188,1758,6445
43189,1846,18052
43190,285,6886
43191,1924,10009
43192,1414,5464
43193,479,17564
43194,709,2355
43195,347,3734
43196,1840,7593
43197,1400,7998
43198,1842,14471
43199,1534,9305
43200,1719,5388
43201,677,6675
43202,1597,7677
43203,822,16187
43204,1416,1227
43205,813,18797
43206,1293,7602
43207,935,6428
43208,403,16278
43209,1251,3235
43210,1124,7535
43211,1714,9962
43212,1265,14091
43213,1674,17266
43214,756,3919
43215,1730,15676
43216,1924,13325
43217,1763,10541
43218,135,15986
43219,1258,6373
43220,15,18021
43221,75,7297
43222,728,16352
43223,1643,13802
43224,336,5303
43225,1356,9037
43226,904,9531
43227,1367,6342
43228,1367,2323
43229,190,7409
43230,448,17697
43231,1435,11969
43232,443,2803
43233,287,8558
43234,1435,5246
43235,1000,18731
43236,1616,9291
43237,1955,15422
43238,906,10450
43239,812,731
43240,1626,521
43241,1873,5618
43242,973,19233
43243,808,6827
43244,399,12412
43245,448,1193
43246,1332,1231
43247,574,11542
43248,801,6842
43249,1614,17601
43250,1387,107
43251,1456,138
43252,761,19030
43253,333,5763
43254,1987,14961
43255,1756,18900
43256,1033,14501
43257,1874,15379
43258,665,18496
43259,292,14467
43260,535,18785
43261,1810,126
43262,647,4675
43263,557,12987
43264,558,16330
43265,1320,1165
43266,1862,8148
43267,1185,18212
43268,934,7256
43269,967,15064
43270,1081,8111
43271,571,11464
43272,334,7021
43273,1962,1075
43274,1044,1028
43275,570,18396
43276,1650,5118
43277,575,11170
43278,973,13799
43279,852,16195
43280,248,8807
43281,1453,19789
43282,1361,19879
43283,86,9344
43284,707,8728
43285,322,15574
43286,1524,8365
43287,294,188
43288,1142,6198
43289,1316,4826
43290,830,7324
43291,1338,5219
43292,885,3611
43293,486,4314
43294,1728,11254
43295,1842,9705
43296,676,7623
43297,555,2255
43298,1381,5637
43299,298,18627
43300,1431,10117
43301,1745,16304
43302,1094,11393
43303,665,12645
43304,1761,12371
43305,600,7138
43306,135,15367
43307,1455,5570
43308,688,1105
43309,417,11182
43310,1799,19516
43311,109,6295
43312,786,8104
43313,251,11594
43314,1140,2895
43315,348,3954
43316,1561,4497
43317,570,15670
43318,1787,8232
43319,1196,1042
43320,437,19690
43321,894,5311
43322,576,18470
43323,181,19486
43324,252,12418
43325,1632,16842
43326,1338,1148
43327,1201,9601
43328,1838,11850
43329,945,4051
43330,905,3344
43331,1663,10639
43332,1407,3447
43333,112,2246
43334,1831,16578
43335,805,15866
43336,343,19452
43337,342,16011
43338,1092,18811
43339,66,9238
43340,986,14090
43341,415,16304
43342,1280,12875
43343,268,18811
43344,166,13739
43345,1846,8359
43346,590,15868
43347,1122,17367
43348,1033,18215
43349,368,17197
43350,1372,8522
43351,641,19746
43352,1294,13543
43353,1948,9248
43354,740,14485
43355,1377,10239
43356,1055,19125
43357,1357,15326
43358,657,6218
43359,755,15125
43360,698,17567
43361,176,7471
43362,1902,17326
43363,1973,8567
43364,1430,451
43365,689,14170
43366,1383,14003
43367,1521,18167
43368,1087,9965
43369,1287,4378
43370,1917,12551
43371,361,14661
43372,254,4694
43373,1786,6932
43374,1509,4687
43375,1871,6766
43376,325,9637
43377,756,7346
43378,831,3110
43379,69,15443
43380,589,10902
43381,1432,7883
43382,681,15870
43383,1874,4065
43384,1734,19373
43385,1238,2772
43386,203,16330
43387,803,9226
43388,781,7279
43389,394,14629
43390,868,14420
43391,1870,8844
43392,1996,13524
43393,810,6348
43394,427,13594
43395,1411,4670
43396,679,515
43397,1133,10562
43398,1102,3704
43399,463,14874
43400,1153,19104
43401,562,14638
43402,1080,4819
43403,1524,17635
43404,1232,18539
43405,603,13030
43406,867,18085
43407,1663,18949
43408,1893,12353
43409,1346,1187
43410,1152,9000
43411,190,19222
43412,1888,14024
43413,542,19702
43414,1889,12783
43415,1666,8263
43416,925,3506
43417,1161,16394
43418,346,16955
43419,1620,13513
43420,94,8514
43421,345,11027
43422,1172,17033
43423,872,11476
43424,1847,19297
43425,156,14269
43426,1591,19083
43427,573,9933
43428,522,15091
43429,239,680
43430,549,8479
43431,1395,10721
43432,1010,2418
43433,1882,14233
43434,691,14066
43435,1658,10503
43436,66,19186
43437,1924,5072
43438,1410,13822
43439,380,8081
43440,1361,13464
43441,1192,1508
43442,1956,16541
43443,398,19093
43444,942,3794
43445,452,5878
43446,1479,19589
43447,366,16306
43448,799,7927
43449,1366,7557
43450,650,12571
43451,80,4211
43452,321,10948
43453,853,9045
43454,79,13613
43455,663,8357
43456,1884,17334
43457,1166,19859
43458,1151,6515
43459,619,15631
43460,477,13045
43461,1861,11943
43462,984,11419
43463,403,5957
43464,10,8668
43465,561,4730
43466,1337,12022
43467,222,10353
43468,500,10030
43469,98,12305
43470,1107,15385
43471,1142,14060
43472,1954,19252
43473,1029,4681
43474,327,12765
43475,244,6922
43476,590,15164
43477,1873,10684
43478,376,2107
43479,1091,6300
43480,1785,874
43481,832,15440
43482,1289,65
43483,985,3406
43484,1874,19003
43485,945,4120
43486,457,16115
43487,313,13511
43488,1558,13719
43489,75,9884
43490,1496,14102
43491,320,3515
43492,8,544
43493,1187,141
43494,815,2243
43495,1146,18231
43496,1814,784
43497,1318,18028
43498,1014,17272
43499,861,6461
43500,1202,5154
43501,1201,14762
43502,679,17952
43503,108,17801
43504,1492,10425
43505,1773,8831
43506,1048,10601
43507,1552,6792
43508,1254,994
43509,1387,19050
43510,869,11363
43511,642,16061
43512,1936,13636
43513,219,5521
43514,812,15597
43515,8,9084
43516,202,5813
43517,627,3140
43518,348,9997
43519,1723,8019
43520,1557,3634
43521,227,5502
43522,677,18893
43523,396,10803
43524,743,84
43525,1785,4779
43526,431,13490
43527,46,637
43528,1518,19449
43529,593,18761
43530,323,19447
43531,1089,12126
43532,131,8063
43533,1822,12199
43534,1238,5992
43535,846,923
43536,815,17977
43537,641,6243
43538,1487,292
43539,518,18847
43540,1015,3679
43541,1142,13070
43542,1257,12103
43543,557,3042
43544,929,925
43545,1800,17235
43546,1826,17573
43547,942,19186
43548,194,3475
43549,1119,5574
43550,650,6211
43551,1980,12088
43552,1938,4320
43553,1984,5688
43554,1957,19850
43555,328,15263
43556,431,10732
43557,25,8441
43558,685,19187
43559,316,7883
43560,1877,9326
43561,1906,12154
43562,1888,4489
43563,985,13778
43564,1868,1190
43565,958,3442
43566,1304,2795
43567,1220,11179
43568,1635,19927
43569,1293,17921
43570,581,11706
43571,1221,13380
43572,840,16926
43573,769,17799
43574,960,1473
43575,1269,17157
43576,55,5144
43577,673,16678
43578,90,8700
43579,1136,15851
43580,1900,8597
43581,876,7288
43582,761,10456
43583,794,18569
43584,1463,5043
43585,300,6016
43586,1151,15412
43587,1829,3623
43588,1440,14582
43589,657,3748
43590,343,5153
43591,822,6540
43592,1232,14168
43593,603,19317
43594,303,4733
43595,725,1584
43596,102,4425
43597,1092,13789
43598,1956,15382
43599,240,4763
43600,1889,9640
43601,1326,7764
43602,103,19218
43603,20,18110
43604,154,4882
43605,458,15206
43606,1379,8221
43607,581,15436
43608,1603,1625
43609,1590,17535
43610,1369,14466
43611,625,3626
43612,992,16840
43613,694,14209
43614,1578,14260
43615,424,3029
43616,1882,15886
43617,902,958
43618,1518,7841
43619,1899,3162
43620,308,9151
43621,1847,15240
43622,847,12404
43623,779,9931
43624,384,140
43625,308,4549
43626,516,3880
43627,479,9000
43628,1362,2158
43629,1356,12028
43630,301,13370
43631,1707,586
43632,959,6715
43633,1181,5793
43634,1213,4755
43635,934,4349
43636,73,5301
43637,1110,13483
43638,387,2150
43639,1705,7912
43640,1242,2647
43641,361,874
43642,152,3174
43643,5,11497
43644,1417,15546
43645,1212,14003
43646,985,4440
43647,1437,12897
43648,1151,6432
43649,271,1553
43650,1872,14169
43651,98,17861
43652,787,1159
43653,138,12067
43654,642,19301
43655,1214,5526
43656,1073,10858
43657,822,1943
43658,751,7321
43659,1670,9578
43660,359,3585
43661,63,15338
43662,1024,12979
43663,1120,7015
43664,171,981
43665,513,14589
43666,1437,2480
43667,1638,11785
43668,1138,562
43669,1824,9230
43670,807,5350
43671,425,10480
43672,199,930
43673,1469,14805
43674,1405,8178
43675,579,15051
43676,683,8961
43677,1692,9873
43678,1334,2905
43679,679,12036
43680,101,12577
43681,1608,18089
43682,933,4967
43683,944,8018
43684,117,11644
43685,1290,7627
43686,133,13182
43687,1422,19304
43688,1318,6475
43689,1973,11813
43690,1345,15493
43691,1783,4693
43692,1641,18609
43693,963,7351
43694,273,14922
43695,519,19547
43696,1607,5859
43697,1816,10031
43698,1199,1110
43699,536,2526
43700,1315,8029
43701,13,19301
43702,1672,15189
43703,1887,14488
43704,1812,6262
43705,1320,10673
43706,1431,4734
43707,1203,8270
43708,581,5464
43709,1319,4035
43710,1273,12148
43711,1196,17910
43712,1764,10833
43713,548,16629
43714,1526,2801
43715,629,18743
43716,1211,18941
43717,961,13323
43718,660,17583
43719,63,14822
43720,1201,9991
43721,201,17407
43722,1825,2705
43723,443,18903
43724,1140,6916
43725,417,6354
43726,951,18077
43727,1185,4590
43728,881,18940
43729,1468,16268
43730,304,16585
43731,1227,4980
43732,1545,17002
43733,331,17387
43734,125,15176
43735,1120,1385
43736,786,682
43737,1935,14273
43738,1877,17360
43739,1763,5166
43740,232,5973
43741,1818,3221
43742,1047,18522
43743,603,10463
43744,586,15428
43745,1483,2460
43746,566,5347
43747,1402,7663
43748,1597,11234
43749,1436,6395
43750,1992,4377
43751,497,9679
43752,1941,15559
43753,1743,11919
43754,227,1525
43755,1818,2231
43756,1773,18583
43757,1067,18652
43758,924,1204
43759,1455,9146
43760,1775,11756
43761,450,5283
43762,419,13791
43763,1836,10702
43764,1158,797
43765,1760,1267
43766,911,18617
43767,1193,8325
43768,962,12955
43769,1141,17779
43770,1701,15960
43771,1808,15760
43772,223,16488
43773,312,14809
43774,616,6250
43775,1272,4516
43776,1594,8678
43777,505,7582
43778,289,2618
43779,124,13897
43780,266,18843
43781,952,15093
43782,995,4624
43783,155,8297
43784,311,14378
43785,1849,1580
43786,692,2124
43787,1274,5427
43788,1284,709
43789,1786,9618
43790,1772,9374
43791,1603,19622
43792,473,15253
43793,1821,10098
43794,1226,5434
43795,1214,18797
43796,578,19736
43797,1361,9113
43798,1251,17952
43799,295,15288
43800,1520,11908
43801,1971,19821
43802,598,6344
43803,276,15722
43804,837,313
43805,473,3686
43806,125,11374
43807,388,5099
43808,1040,19387
43809,638,13729
43810,759,18411
43811,965,9833
43812,426,2692
43813,90,6476
43814,330,19875
43815,1933,17895
43816,866,4127
43817,956,2462
43818,1376,4156
43819,1858,5377
43820,1999,13891
43821,1663,17152
43822,1206,15039
43823,1134,2534
43824,1278,12537
43825,995,12751
43826,1488,11941
43827,148,5675
43828,1255,773
43829,1189,9938
43830,1851,2618
43831,1424,15958
43832,545,9226
43833,1116,7166
43834,735,8644
43835,7,1653
43836,1032,16305
43837,1931,14006
43838,1084,9739
43839,1297,13295
43840,864,9333
43841,1323,10477
43842,1200,249
43843,78,1655
43844,1533,6119
43845,504,11146
43846,1074,15164
43847,31,17275
43848,1051,8768
43849,1468,6363
43850,464,8227
43851,908,19019
43852,1396,15016
43853,1594,4100
43854,272,6918
43855,711,7193
43856,901,11652
43857,1821,2164
43858,328,1929
43859,487,3368
43860,1357,8678
43861,845,263
43862,374,14241
43863,1497,16823
43864,708,8740
43865,641,19211
43866,339,16523
43867,1715,16485
43868,1011,17227
43869,277,6074
43870,829,4235
43871,314,3878
43872,1291,17832
43873,1160,11471
43874,596,11474
43875,684,1703
43876,838,19775
43877,711,3517
43878,1552,2427
43879,1075,15876
43880,521,4957
43881,1471,10434
43882,966,2743
43883,1102,16705
43884,1143,9602
43885,1054,1080
43886,1325,9072
43887,1262,17690
43888,252,6199
43889,1895,7104
43890,1136,11985
43891,580,14050
43892,718,3250
43893,1395,729
43894,113,10724
43895,899,13056
43896,161,7736
43897,97,9214
43898,141,3646
43899,45,3859
43900,1190,19180
43901,1541,15075
43902,1133,18804
43903,344,4669
43904,527,15326
43905,694,4134
43906,1598,7342
43907,576,12148
43908,1768,1207
43909,1858,6079
43910,1089,2937
43911,930,5592
43912,113,15442
43913,244,17579
43914,28,12063
43915,634,6433
43916,1319,11115
43917,1167,9131
43918,1811,14158
43919,375,5203
43920,238,13913
43921,356,7136
43922,955,3824
43923,452,1855
43924,989,6258
43925,1152,16868
43926,158,11975
43927,1229,3586
43928,1432,9837
43929,234,10429
43930,304,8536
43931,1340,12733
43932,144,6444
43933,1805,15953
43934,121,13595
43935,47,17876
43936,1007,12749
43937,1545,13439
43938,285,2322
43939,254,11362
43940,271,13552
43941,1769,133
43942,141,7794
43943,236,6480
43944,860,15859
43945,169,7591
43946,706,13768
43947,1404,17602
43948,378,10103
43949,1703,14235
43950,665,8691
43951,1468,18199
43952,791,8815
43953,972,14000
43954,1835,1556
43955,1708,2166
43956,1512,6824
43957,1539,5445
43958,1604,4813
43959,1942,14441
43960,1201,4625
43961,1456,18878
43962,23,19963
43963,1576,18420
43964,450,13217
43965,1869,6220
43966,1776,9090
43967,117,2118
43968,965,42
43969,1191,723
43970,1293,655
43971,133,2340
43972,325,14058
43973,133,2372
43974,161,4472
43975,760,8255
43976,314,2262
43977,647,816
43978,1579,16915
43979,1606,902
43980,275,16464
43981,1672,384
43982,546,3709
43983,1213,14789
43984,1968,9126
43985,530,802
43986,1006,2869
43987,1346,11284
43988,1280,6502
43989,1545,6867
43990,1920,2826
43991,1196,6942
43992,302,5625
43993,763,17144
43994,862,5049
43995,678,9762
43996,815,17869
43997,264,8357
43998,99,9677
43999,1815,10455
44000,1681,12479
44001,835,1112
44002,351,12246
44003,1363,8425
44004,1191,19476
44005,1853,342
44006,1937,8395
44007,471,9924
44008,655,10767
44009,119,11489
44010,20,9900
44011,1428,19838
44012,1457,1981
44013,1221,6681
44014,1871,8167
44015,1568,3882
44016,553,15648
44017,1305,16238
44018,707,14779
44019,855,9038
44020,1192,13169
44021,1737,18236
44022,201,2314
44023,395,7958
44024,715,14912
44025,1578,8932
44026,369,3809
44027,262,281
44028,1890,17900
44029,570,11988
44030,1479,11067
44031,120,4476
44032,538,13880
44033,1426,4118
44034,1825,2258
44035,1926,19600
44036,1315,689
44037,120,13567
44038,744,19924
44039,819,15489
44040,1301,11581
44041,1872,12967
44042,543,16915
44043,627,3641
44044,634,16232
44045,569,4053
44046,1275,4924
44047,527,9319
44048,1143,14425
44049,519,16879
44050,1489,17480
44051,1768,4545
44052,89,12569
44053,148,14746
44054,1010,3342
44055,587,13644
44056,722,7958
44057,307,12491
44058,491,8992
44059,1489,6832
44060,295,7816
44061,1053,13873
44062,1835,4495
44063,1406,2156
44064,1,5911
44065,1587,18281
44066,291,16211
44067,1538,5631
44068,238,15887
44069,1243,15144
44070,497,13898
44071,1506,9425
44072,833,18385
44073,1923,19765
44074,1397,9265
44075,1228,2832
44076,1731,12346
44077,733,11585
44078,63,9980
44079,1173,19116
44080,1832,14023
44081,1557,4787
44082,1725,16336
44083,1649,239
44084,1624,703
44085,983,3132
44086,982,2054
44087,667,16951
44088,1302,2339
44089,1172,18895
44090,1468,47
44091,22,5462
44092,1419,17312
44093,1096,5818
44094,563,19413
44095,1699,17764
44096,1162,1264
44097,1911,7085
44098,1491,17118
44099,737,9371
44100,1699,4735
44101,347,7504
44102,827,8209
44103,275,12116
44104,354,15030
44105,164,6134
44106,292,18608
44107,1013,4494
44108,804,13705
44109,1615,15168
44110,1900,13751
44111,380,10865
44112,641,13620
44113,210,1940
44114,1421,4741
44115,615,19943
44116,65,1909
44117,1701,4119
44118,495,10369
44119,1028,15882
44120,444,17037
44121,966,10275
44122,479,13718
44123,956,11490
44124,1395,2204
44125,131,19492
44126,1466,6010
44127,538,502
44128,1709,2918
44129,1607,6215
44130,1069,1681
44131,641,5161
44132,1448,8469
44133,1198,13104
44134,1200,16544
44135,425,4687
44136,211,8460
44137,1438,5603
44138,1143,1776
44139,1730,7378
44140,516,8441
44141,1019,17898
44142,534,8657
44143,97,19824
44144,1570,1015
44145,1792,18205
44146,57,13985
44147,1920,1073
44148,118,19813
44149,1531,11854
44150,1561,17424
44151,1224,12158
44152,975,4025
44153,1968,8820
44154,934,7238
44155,1009,16008
44156,1709,13914
44157,596,8895
44158,1188,5498
44159,357,15778
44160,1451,6756
44161,1878,15740
44162,797,3805
44163,1466,14519
44164,1370,5110
44165,382,12120
44166,825,10546
44167,1230,19042
44168,635,19647
44169,691,11271
44170,1128,538
44171,608,1531
44172,78,17716
44173,1696,3336
44174,770,8213
44175,390,6005
44176,79,12464
44177,1120,16973
44178,1506,14731
44179,1940,17861
44180,1675,15276
44181,68,3256
44182,731,15510
44183,725,1599
44184,538,8557
44185,367,11988
44186,803,1370
44187,1592,6051
44188,1281,11906
44189,916,3923
44190,958,19016
44191,935,11853
44192,21,5379
44193,1920,12532
44194,260,6698
44195,753,18361
44196,516,10132
44197,1448,1026
44198,1572,2800
44199,1586,16546
44200,931,13844
44201,1070,3591
44202,1106,8188
44203,1508,498
44204,601,5458
44205,911,11162
44206,480,10929
44207,1449,13001
44208,1155,12143
44209,23,19889
44210,1846,491
44211,1762,18533
44212,618,3686
44213,1370,1760
44214,1508,8954
44215,841,655
44216,1532,7507
44217,4,10298
44218,877,10292
44219,128,3723
44220,1713,4276
44221,685,19946
44222,1691,4549
44223,796,2212
44224,1269,2282
44225,1642,2756
44226,848,7524
44227,1167,6678
44228,1439,10891
44229,882,18553
44230,1977,16439
44231,1256,10623
44232,440,2962
44233,1191,18253
44234,171,16021
44235,938,17981
44236,178,6059
44237,1898,6803
44238,167,505
44239,420,2323
44240,1968,9703
44241,341,16382
44242,1077,17012
44243,1430,15304
44244,528,7998
44245,1597,19449
44246,85,10952
44247,485,14294
44248,682,13675
44249,1358,16721
44250,1271,18691
44251,1256,12980
44252,32,9218
44253,862,4092
44254,1638,18270
44255,180,12560
44256,1923,13250
44257,458,18300
44258,1003,19054
44259,995,1404
44260,1315,5949
44261,301,10107
44262,183,14418
44263,392,10074
44264,202,7371
44265,1155,5243
44266,9,11220
44267,500,8385
44268,1806,10049
44269,90,3062
44270,281,10254
44271,193,2917
44272,132,1945
44273,540,699
44274,533,11003
44275,1286,16147
44276,1254,5198
44277,605,5923
44278,1089,9023
44279,986,2605
44280,1711,17428
44281,1396,15137
44282,87,9437
44283,1097,10321
44284,532,4478
44285,782,14877
44286,551,17371
44287,937,9986
44288,595,16051
44289,1580,10132
44290,396,19806
44291,1772,15801
44292,959,14735
44293,1590,12610
44294,1353,11238
44295,1797,11537
44296,914,4359
44297,1034,9597
44298,461,6593
44299,147,4759
44300,531,1404
44301,557,17218
44302,1615,16173
44303,884,796
44304,295,13523
44305,696,2927
44306,1269,7070
44307,1301,6803
44308,1321,13713
44309,859,17066
44310,1722,15693
44311,1905,7503
44312,194,17240
44313,858,5110
44314,329,19309
44315,635,13430
44316,472,16018
44317,473,18988
44318,154,14801
44319,556,15647
44320,1059,13300
44321,1160,809
44322,1218,13836
44323,566,1544
44324,1426,7186
44325,1318,5561
44326,1889,1296
44327,881,1889
44328,147,2023
44329,1687,14004
44330,1417,3925
44331,161,16466
44332,1936,3378
44333,839,7484
44334,1779,6104
44335,1490,5241
44336,835,16042
44337,1435,12173
44338,1442,16140
44339,682,7190
44340,1070,10939
44341,1519,10342
44342,1415,11633
44343,1761,13310
44344,920,5411
44345,1132,9824
44346,1781,3105
44347,1377,16111
44348,535,15371
44349,870,8224
44350,1585,15538
44351,1601,17282
44352,1257,6289
44353,1708,17018
44354,1742,9079
44355,1487,17140
44356,764,11717
44357,1534,3154
44358,1725,14079
44359,339,7370
44360,1107,16844
44361,493,9744
44362,1229,5392
44363,467,10605
44364,542,6661
44365,611,997
44366,375,7479
44367,237,1619
44368,293,1620
44369,1277,4648
44370,829,3234
44371,933,2185
44372,1883,1138
44373,204,9390
44374,1404,8517
44375,1041,15354
44376,1719,5278
44377,51,13207
44378,1415,17215
44379,316,8103
44380,209,7972
44381,1624,17927
44382,839,3550
44383,282,3982
44384,1426,15553
44385,1176,18499
44386,1319,7928
44387,200,3773
44388,1141,16392
44389,1547,895
44390,1930,10177
44391,1101,10696
44392,9,18496
44393,1265,15004
44394,469,14544
44395,1392,12994
44396,1221,6943
44397,290,5613
44398,18,3383
44399,750,18684
44400,1684,11842
44401,244,4016
44402,891,15057
44403,1895,11590
44404,577,93
44405,1463,11016
44406,178,4481
44407,1567,12545
44408,836,1496
44409,552,17852
44410,1506,12552
44411,190,12807
44412,640,12049
44413,1658,8258
44414,1128,857
44415,1811,16712
44416,141,8296
44417,326,12699
44418,1764,16048
44419,1880,5065
44420,1190,366
44421,772,413
44422,1433,2875
44423,1027,2642
44424,374,16139
44425,1064,7991
44426,343,1140
44427,1822,17164
44428,219,18208
44429,311,17989
44430,1594,12778
44431,192,9627
44432,1071,10872
44433,1560,1558
44434,705,9797
44435,434,529
44436,831,13830
44437,1366,14665
44438,546,9069
44439,809,5344
44440,1247,15271
44441,1230,2430
44442,1308,17901
44443,641,16672
44444,509,11710
44445,1256,285
44446,200,9034
44447,1535,18394
44448,1196,17059
44449,567,217
44450,1075,19173
44451,406,16574
44452,653,11907
44453,620,5070
44454,780,5231
44455,140,7556
44456,1796,3687
44457,1327,2576
44458,1439,11321
44459,1799,2552
44460,1190,12277
44461,1923,8932
44462,16,5567
44463,1653,13140
44464,1276,7077
44465,544,10866
44466,1517,15423
44467,1698,19108
44468,1008,19318
44469,231,19613
44470,1200,16079
44471,542,2574
44472,580,16242
44473,1366,17014
44474,311,12268
44475,1749,4866
44476,912,16984
44477,1003,2682
44478,238,13233
44479,1483,1992
44480,1760,4927
44481,716,7149
44482,1948,15454
44483,878,1077
44484,1253,5755
44485,1699,4356
44486,1445,18938
44487,1449,19818
44488,760,19464
44489,460,7032
44490,279,15131
44491,1742,1436
44492,1081,2300
44493,1046,14645
44494,1271,17200
44495,342,9008
44496,1071,12125
44497,740,17764
44498,252,10374
44499,908,4690
44500,1468,838
44501,1540,7620
44502,1005,7468
44503,499,14725
44504,507,778
44505,411,272
44506,835,3489
44507,144,2789
44508,624,13895
44509,1904,5143
44510,1153,19959
44511,1701,16351
44512,1037,18644
44513,1144,17738
44514,1854,5752
44515,1181,17287
44516,1658,13125
44517,1746,19939
44518,1002,18477
44519,641,6472
44520,257,6682
44521,981,7922
44522,1041,18153
44523,728,2571
44524,1217,6978
44525,1505,17087
44526,1923,8929
44527,879,7689
44528,1797,16044
44529,1714,10050
44530,1993,10586
44531,1537,18721
44532,1546,58
44533,998,8830
44534,1210,16281
44535,1315,9013
44536,509,1403
44537,1326,4816
44538,157,17093
44539,1849,14534
44540,1726,17308
44541,772,8913
44542,1930,10453
44543,611,8085
44544,1565,12609
44545,890,15466
44546,161,7904
44547,1142,3776
44548,75,14478
44549,1829,3113
44550,1142,18568
44551,1178,18985
44552,1302,10210
44553,1221,18848
44554,28,2856
44555,1153,14283
44556,1677,11851
44557,1369,13564
44558,1683,6972
44559,833,12677
44560,1024,10706
44561,1787,7347
44562,1671,3674
44563,1205,1012
44564,34,2515
44565,932,11427
44566,492,15602
44567,1146,3672
44568,1548,6281
44569,1934,927
44570,214,6594
44571,342,12138
44572,246,7569
44573,1138,7862
44574,725,4068
44575,275,11582
44576,272,10191
44577,99,9357
44578,1273,16660
44579,246,1771
44580,221,17222
44581,191,2918
44582,655,12008
44583,1791,19775
44584,1834,5404
44585,305,8429
44586,391,17209
44587,1297,13670
44588,1082,10598
44589,1800,3331
44590,80,2399
44591,500,1500
44592,924,3595
44593,1630,8035
44594,1778,17445
44595,154,10091
44596,1790,16226
44597,1613,18130
44598,1797,14388
44599,1060,19597
44600,73,5510
44601,1892,17707
44602,1130,797
44603,465,17256
44604,1956,4564
44605,1019,19306
44606,1974,6299
44607,1200,19414
44608,191,13298
44609,1607,1610
44610,312,2667
44611,1885,8263
44612,1178,4823
44613,235,10200
44614,1602,2521
44615,1342,11326
44616,547,4430
44617,484,16030
44618,845,4978
44619,1732,3406
44620,112,5122
44621,477,1778
44622,1402,873
44623,1488,185
44624,1945,10262
44625,1472,15737
44626,111,13412
44627,360,18737
44628,1846,6819
44629,227,11007
44630,1256,12207
44631,1237,8793
44632,1936,4900
44633,1310,5518
44634,904,8516
44635,332,1892
44636,118,19574
44637,846,14342
44638,1337,7250
44639,135,1470
44640,741,2679
44641,1403,3196
44642,716,709
44643,291,7809
44644,133,8996
44645,1776,8272
44646,708,13128
44647,591,3435
44648,1540,5854
44649,1807,6172
44650,1216,11682
44651,1788,13158
44652,295,17622
44653,1027,16949
44654,940,12683
44655,1740,4328
44656,643,17996
44657,753,18117
44658,5,19470
44659,143,12016
44660,807,7611
44661,1093,200
44662,1531,6443
44663,432,17789
44664,1042,6334
44665,925,11804
44666,202,11096
44667,1017,19997
44668,1482,10489
44669,1034,17373
44670,1645,9140
44671,514,17755
44672,1417,757
44673,1201,2634
44674,1465,14142
44675,219,13457
44676,878,7925
44677,1210,18953
44678,1499,2107
44679,1603,12348
44680,1345,5944
44681,1644,2634
44682,982,10548
44683,231,15311
44684,436,9590
44685,682,16780
44686,1361,17740
44687,568,9009
44688,1270,15879
44689,1560,14072
44690,68,18846
44691,1949,18363
44692,824,9148
44693,510,1787
44694,1184,4112
44695,925,15844
44696,1277,7863
44697,1582,11566
44698,628,19161
44699,632,16816
44700,1608,6517
44701,866,3
44702,197,5882
44703,1239,16331
44704,1071,4350
44705,1899,10846
44706,104,12123
44707,534,16874
44708,1952,2372
44709,457,3389
44710,1254,19702
44711,426,5280
44712,1979,5395
44713,208,4177
44714,1146,17842
44715,1316,4403
44716,950,10612
44717,387,889
44718,1200,13555
44719,1848,11665
44720,1658,6270
44721,420,13497
44722,956,6294
44723,1983,12147
44724,1028,7690
44725,445,7912
44726,1355,722
44727,698,5578
44728,614,785
44729,1340,1986
44730,264,12010
44731,1448,741
44732,503,8978
44733,1774,10354
44734,731,4791
44735,1990,9306
44736,1593,15500
44737,1047,14462
44738,58,18496
44739,898,13906
44740,1433,1111
44741,1213,12257
44742,9,9370
44743,1935,11072
44744,1356,19058
44745,247,7155
44746,1,6365
44747,1762,3759
44748,552,11895
44749,474,3157
44750,1602,1714
44751,825,15929
44752,6,7405
44753,1419,2183
44754,1777,5306
44755,1505,2161
44756,1748,13286
44757,324,7065
44758,1430,247
44759,1572,11391
44760,1456,6683
44761,1243,11006
44762,66,3425
44763,1924,9659
44764,1523,10378
44765,519,1610
44766,1177,19631
44767,1939,17359
44768,209,8590
44769,1234,1795
44770,245,6540
44771,128,9171
44772,1780,15704
44773,1238,3124
44774,1953,10870
44775,1981,17918
44776,1919,11420
44777,490,14054
44778,95,9554
44779,797,11781
44780,166,14666
44781,1250,16846
44782,377,15570
44783,1048,7605
44784,207,9390
44785,760,14597
44786,646,11321
44787,686,1687
44788,1622,7054
44789,489,16662
44790,991,18870
44791,182,10539
44792,238,10820
44793,615,17913
44794,730,12486
44795,1080,14388
44796,1930,10365
44797,941,15303
44798,12,8334
44799,1326,516
44800,19,10007
44801,647,8947
44802,1554,5689
44803,371,14819
44804,496,1182
44805,1924,6627
44806,457,1422
44807,904,11593
44808,47,3164
44809,1134,4901
44810,677,16328
44811,30,8436
44812,877,12487
44813,361,18988
44814,1478,1972
44815,1696,17601
44816,397,14437
44817,1425,4288
44818,525,7647
44819,366,672
44820,1465,9927
44821,318,16844
44822,1224,5032
44823,432,10228
44824,430,9311
44825,586,16284
44826,825,4097
44827,221,12704
44828,1245,12226
44829,1830,4202
44830,207,18326
44831,675,17880
44832,1479,4490
44833,1158,10724
44834,1628,4241
44835,1286,613
44836,765,13673
44837,631,15245
44838,897,12331
44839,1771,19023
44840,1830,10108
44841,509,4115
44842,202,2716
44843,1873,1559
44844,1346,11331
44845,1821,17078
44846,1648,11159
44847,242,7122
44848,321,9263
44849,1038,3954
44850,1632,6964
44851,1462,9418
44852,1389,7157
44853,1339,5737
44854,923,9702
44855,217,5760
44856,575,17902
44857,1076,15246
44858,1374,13552
44859,1625,14585
44860,538,330
44861,414,18453
44862,1585,13407
44863,1973,16823
44864,272,11648
44865,1985,7006
44866,805,7078
44867,1885,7317
44868,582,3173
44869,1098,2446
44870,1097,14780
44871,690,4478
44872,187,1345
44873,1279,19586
44874,367,19037
44875,923,3147
44876,630,15376
44877,276,16832
44878,1609,19570
44879,1788,3962
44880,649,13445
44881,1707,13884
44882,1410,2082
44883,192,2377
44884,87,4815
44885,1468,18513
44886,867,18224
44887,390,10118
44888,1653,13750
44889,1885,7532
44890,761,19046
44891,1749,17268
44892,127,5500
44893,449,12311
44894,1756,5747
44895,1208,5899
44896,1726,12972
44897,878,16853
44898,1352,2308
44899,1027,15480
44900,873,1493
44901,974,8855
44902,1455,7533
44903,936,1201
44904,888,15203
44905,1621,3519
44906,1554,7832
44907,1301,6339
44908,343,13846
44909,1858,11848
44910,1151,2702
44911,860,7305
44912,921,14868
44913,1776,17427
44914,1107,7871
44915,920,9288
44916,1002,2676
44917,363,8069
44918,997,17133
44919,109,3466
44920,1125,1063
44921,1661,18466
44922,1230,19969
44923,1213,13618
44924,1997,19278
44925,561,3675
44926,33,5195
44927,212,7185
44928,1672,19428
44929,1805,18306
44930,968,5206
44931,1164,4885
44932,511,1422
44933,760,8669
44934,1850,8107
44935,557,233
44936,1719,16783
44937,1882,10133
44938,1673,10158
44939,1108,13488
44940,1239,4644
44941,1521,17708
44942,1859,5329
44943,76,4251
44944,1057,11515
44945,103,13749
44946,407,17110
44947,1707,9064
44948,1228,13058
44949,1837,5142
44950,1874,7524
44951,502,6686
44952,1843,7782
44953,1869,11164
44954,748,2085
44955,1325,9618
44956,887,11291
44957,170,11857
44958,660,16920
44959,1448,14071
44960,897,17531
44961,968,4645
44962,1767,17126
44963,698,2646
44964,154,2706
44965,53,4211
44966,23,6379
44967,812,6921
44968,1230,3266
44969,1656,15264
44970,1779,3515
44971,624,14938
44972,1992,3147
44973,995,19084
44974,815,19462
44975,688,14406
44976,126,15162
44977,1677,12856
44978,275,11967
44979,1535,3246
44980,1412,12218
44981,814,9791
44982,1217,1685
44983,745,14690
44984,1088,13866
44985,559,4834
44986,351,10603
44987,318,390
44988,141,914
44989,1845,14083
44990,319,5766
44991,814,12762
44992,1880,17985
44993,1898,6826
44994,128,15520
44995,798,18063
44996,374,8676
44997,1788,8502
44998,1864,10784
44999,292,18716
45000,1096,13835
45001,457,5784
45002,519,4317
45003,1541,18433
45004,711,18627
45005,65,16914
45006,826,14413
45007,1212,14043
45008,755,14109
45009,466,218
45010,1371,3990
45011,367,15235
45012,758,13475
45013,659,9494
45014,507,16029
45015,116,541
45016,1927,2903
45017,1794,7331
45018,380,18946
45019,963,12271
45020,378,1061
45021,137,2635
45022,897,10417
45023,385,19933
45024,1295,5055
45025,1923,17118
45026,752,17176
45027,1610,16731
45028,187,18822
45029,1466,457
45030,1126,11930
45031,1577,15528
45032,691,1101
45033,1286,15514
45034,1678,4483
45035,275,1353
45036,1224,14856
45037,521,15485
45038,427,11349
45039,1399,12527
45040,1153,5893
45041,68,15972
45042,1167,772
45043,214,8249
45044,337,11930
45045,1278,176
45046,1540,200
45047,1470,10246
45048,1704,9912
45049,315,2888
45050,1075,5144
45051,1075,9867
45052,634,18796
45053,1220,6147
45054,760,9363
45055,1562,7323
45056,332,3690
45057,20,6799
45058,935,5782
45059,1250,116
45060,187,2736
45061,1329,2634
45062,881,2361
45063,240,2380
45064,1937,19196
45065,1686,6313
45066,1513,8541
45067,1363,3619
45068,1171,15730
45069,671,1986
45070,1640,11998
45071,1156,8138
45072,314,6878
45073,1927,2045
45074,1149,19012
45075,1178,1793
45076,620,3985
45077,1133,7857
45078,428,54
45079,513,777
45080,1238,3989
45081,1896,5594
45082,367,2029
45083,1829,10741
45084,489,19837
45085,1595,5154
45086,365,15166
45087,710,12679
45088,69,3941
45089,240,13281
45090,49,5290
45091,300,2448
45092,473,1607
45093,1182,15366
45094,952,8849
45095,1654,6847
45096,1634,4642
45097,1492,14674
45098,706,15356
45099,418,12611
45100,1061,17570
45101,903,12566
45102,1864,11133
45103,1036,4709
45104,1223,7231
45105,1753,13260
45106,1535,15748
45107,1150,17730
45108,133,7668
45109,240,19690
45110,63,971
45111,762,1117
45112,835,9593
45113,203,5213
45114,560,7498
45115,182,6549
45116,1731,11921
45117,1445,1706
45118,503,12954
45119,80,11325
45120,1459,16972
45121,610,1262
45122,1497,1002
45123,1057,10540
45124,731,8676
45125,783,9571
45126,1569,2749
45127,914,10883
45128,45,703
45129,645,19056
45130,1483,17168
45131,61,1321
45132,1014,17976
45133,62,11524
45134,767,611
45135,1958,17960
45136,1231,18415
45137,263,16467
45138,1747,12278
45139,1010,13198
45140,378,3004
45141,1088,1598
45142,1820,17363
45143,1071,2981
45144,755,19903
45145,1595,17223
45146,542,14174
45147,1495,4781
45148,35,18889
45149,1128,17395
45150,510,11888
45151,548,11328
45152,1237,9214
45153,776,12324
45154,1409,16317
45155,697,12087
45156,1986,11038
45157,610,12308
45158,1023,12641
45159,482,1518
45160,1212,16028
45161,1228,13626
45162,1582,5632
45163,541,18919
45164,497,17615
45165,1041,8470
45166,727,17950
45167,1071,15773
45168,1865,8089
45169,1612,8190
45170,1100,4253
45171,1777,16558
45172,1434,7564
45173,1669,19491
45174,877,7512
45175,1096,8266
45176,39,5740
45177,718,14950
45178,1648,10586
45179,380,3909
45180,935,10195
45181,1909,11235
45182,1613,1852
45183,120,16793
45184,400,12862
45185,1894,5552
45186,1780,14871
45187,1195,1824
45188,260,13991
45189,767,8647
45190,73,6063
45191,159,6748
45192,1636,19586
45193,1124,12749
45194,1476,4736
45195,695,330
45196,1000,6621
45197,430,965
45198,1241,3460
45199,1306,9681
45200,262,4029
45201,1625,10818
45202,1013,1654
45203,1593,4860
45204,1844,11394
45205,1396,3175
45206,968,8636
45207,402,438
45208,152,17883
45209,1918,951
45210,1754,9793
45211,1677,710
45212,921,10096
45213,652,14537
45214,717,9249
45215,39,12297
45216,1823,15416
45217,448,1693
45218,1576,7512
45219,139,17521
45220,509,287
45221,637,18533
45222,1333,12605
45223,1673,14524
45224,1008,11725
45225,1794,1114
45226,1059,858
45227,1430,9072
45228,945,2308
45229,739,11995
45230,339,11863
45231,1030,2451
45232,1414,490
45233,1348,15349
45234,1902,14935
45235,1724,9321
45236,893,14264
45237,1579,16001
45238,1825,11018
45239,190,16303
45240,717,16398
45241,1805,483
45242,369,15576
45243,785,16500
45244,1880,18021
45245,616,4214
45246,1592,17357
45247,1988,773
45248,1023,19558
45249,1617,10344
45250,1283,4880
45251,852,15078
45252,562,11291
45253,837,15942
45254,786,16522
45255,1021,9701
45256,1945,592
45257,338,3345
45258,1027,5161
45259,1594,12609
45260,1865,11468
45261,490,3225
45262,1093,11385
45263,821,12610
45264,569,1063
45265,984,10795
45266,1585,12208
45267,375,16483
45268,379,10618
45269,613,13549
45270,147,9536
45271,767,384
45272,1707,2920
45273,160,15553
45274,394,15127
45275,1211,19318
45276,667,4247
45277,640,17561
45278,1815,6625
45279,1227,7982
45280,1503,17952
45281,1822,17295
45282,1620,16104
45283,1391,9935
45284,1016,9269
45285,1900,4325
45286,1858,12569
45287,582,7809
45288,1031,15004
45289,632,6455
45290,363,1024
45291,846,16343
45292,719,15310
45293,1181,1462
45294,1677,9033
45295,1461,10687
45296,930,9788
45297,1047,5564
45298,203,7772
45299,605,3776
45300,1742,9613
45301,1246,19103
45302,1111,1033
45303,259,7108
45304,867,16175
45305,181,9255
45306,234,13019
45307,438,19692
45308,1749,2570
45309,647,19451
45310,378,16675
45311,1796,785
45312,1182,6141
45313,1127,8249
45314,1902,2029
45315,1443,824
45316,1283,19730
45317,366,8462
45318,1270,12902
45319,1958,5030
45320,52,1414
45321,1194,6182
45322,60,12052
45323,162,7492
45324,1959,7026
45325,19,13937
45326,757,8127
45327,1709,3772
45328,995,15196
45329,966,14227
45330,501,3858
45331,1828,1803
45332,1046,12009
45333,1423,11846
45334,1296,11782
45335,1511,8065
45336,1635,8029
45337,1674,17659
45338,997,2154
45339,508,6775
45340,166,14771
45341,1412,7241
45342,46,11087
45343,1502,7794
45344,1502,12302
45345,1719,7145
45346,1365,4455
45347,684,1378
45348,1701,192
45349,127,5406
45350,1026,9659
45351,212,18660
45352,1464,14473
45353,1542,2816
45354,763,7371
45355,1442,16921
45356,1315,7288
45357,1346,2206
45358,232,7982
45359,1029,19139
45360,1961,2320
45361,1613,18386
45362,359,14264
45363,786,781
45364,172,11308
45365,1734,2408
45366,1417,10282
45367,1486,19879
45368,1243,1554
45369,1608,2452
45370,1258,4573
45371,141,3968
45372,413,9772
45373,823,10009
45374,333,1507
45375,1472,7160
45376,1842,2008
45377,1580,10469
45378,584,16370
45379,196,11520
45380,182,15578
45381,1747,1665
45382,372,7055
45383,979,1844
45384,329,13158
45385,1139,6331
45386,138,7104
45387,1638,19922
45388,917,13185
45389,1318,17231
45390,146,12914
45391,1869,6716
45392,1071,16614
45393,1367,8227
45394,1532,9824
45395,1586,1464
45396,1247,5398
45397,1687,11553
45398,1293,14457
45399,1369,19606
45400,1062,6466
45401,1475,12433
45402,1050,14871
45403,463,6069
45404,432,9036
45405,924,6142
45406,1930,5188
45407,1123,18311
45408,1235,11899
45409,1353,10420
45410,508,5373
45411,227,9300
45412,1056,13631
45413,1092,6258
45414,1794,14125
45415,1844,11403
45416,1772,299
45417,732,2955
45418,1606,1130
45419,1336,81
45420,107,17841
45421,28,15150
45422,1509,17148
45423,735,627
45424,1414,14593
45425,1589,16413
45426,1643,14243
45427,1023,13862
45428,425,15252
45429,1377,4677
45430,745,14277
45431,111,11174
45432,830,595
45433,345,12804
45434,1761,15368
45435,1320,15388
45436,1209,17941
45437,1876,7913
45438,1089,4267
45439,1712,9650
45440,1444,3183
45441,1763,11957
45442,1044,2459
45443,1136,6069
45444,315,17589
45445,1162,14874
45446,1898,19409
45447,350,6890
45448,1962,2205
45449,1843,19019
45450,27,1434
45451,236,17814
45452,1383,19893
45453,736,3605
45454,606,7723
45455,1051,19863
45456,1169,16360
45457,511,3375
45458,1243,6799
45459,1807,9016
45460,1909,2552
45461,1669,16764
45462,1130,3229
45463,1147,5712
45464,719,9667
45465,652,10189
45466,594,4331
45467,42,14430
45468,300,16675
45469,36,3691
45470,1622,3718
45471,1264,16601
45472,1945,6233
45473,211,8745
45474,1211,12569
45475,1424,19819
45476,935,5698
45477,1817,6068
45478,1713,11798
45479,1385,2526
45480,1653,12436
45481,1100,1588
45482,909,5675
45483,1696,2221
45484,1839,3310
45485,1826,1916
45486,687,12521
45487,547,11455
45488,402,12593
45489,525,16906
45490,867,3547
45491,1538,934
45492,1338,6357
45493,553,7997
45494,1005,8528
45495,187,2055
45496,335,9444
45497,537,11387
45498,1194,13733
45499,635,3824
45500,1058,8691
45501,4,6255
45502,1543,11315
45503,368,12609
45504,1222,15669
45505,221,13739
45506,85,3992
45507,1057,1339
45508,662,6090
45509,293,6863
45510,799,16574
45511,816,11439
45512,245,899
45513,1872,8687
45514,1166,16039
45515,1002,10026
45516,843,16244
45517,1158,13728
45518,1348,14031
45519,1301,8930
45520,1435,4736
45521,54,3634
45522,1598,4618
45523,1220,11100
45524,236,17916
45525,611,10921
45526,1992,1611
45527,63,16145
45528,952,3209
45529,344,341
45530,351,9538
45531,1199,12633
45532,1579,6408
45533,1596,1592
45534,387,19628
45535,1026,8998
45536,1267,19836
45537,839,15105
45538,76,4584
45539,1084,8173
45540,531,1132
45541,292,1686
45542,180,11727
45543,1612,12387
45544,39,17410
45545,1244,3349
45546,602,13671
45547,73,14626
45548,71,290
45549,209,7119
45550,1526,10158
45551,964,18298
45552,1581,15280
45553,464,14426
45554,844,6265
45555,815,7189
45556,875,12436
45557,1089,3939
45558,651,2546
45559,1587,14451
45560,373,15010
45561,336,16740
45562,266,8768
45563,658,19270
45564,15,18299
45565,1722,6628
45566,935,9751
45567,1232,19488
45568,380,2685
45569,1449,13268
45570,950,7618
45571,1597,2498
45572,562,13628
45573,807,4311
45574,1971,215
45575,635,19103
45576,498,11730
45577,1256,7891
45578,1844,12471
45579,1782,5192
45580,669,11250
45581,1182,17926
45582,1540,14006
45583,1891,9680
45584,797,2833
45585,1281,14812
45586,1888,6509
45587,1835,12030
45588,664,14233
45589,1979,7945
45590,1634,19313
45591,623,17602
45592,591,16571
45593,1918,15072
45594,542,14490
45595,432,14831
45596,768,3987
45597,1563,6325
45598,1354,11521
45599,1079,10363
45600,1768,228
45601,1960,12220
45602,1415,18537
45603,1981,16605
45604,868,7265
45605,154,13573
45606,981,4036
45607,1794,3176
45608,1122,7412
45609,403,14250
45610,1131,18134
45611,739,15038
45612,121,2619
45613,1317,10194
45614,1936,19156
45615,470,7872
45616,949,14605
45617,844,56
45618,584,970
45619,413,6746
45620,100,8269
45621,1533,16070
45622,871,14789
45623,98,1375
45624,1107,10953
45625,1051,11985
45626,87,7263
45627,1601,16782
45628,1440,77
45629,888,11412
45630,1870,11267
45631,741,15582
45632,353,9510
45633,978,1287
45634,208,5489
45635,901,12534
45636,1235,1785
45637,1224,9566
45638,1253,4637
45639,1523,8720
45640,1120,8412
45641,1776,1453
45642,1119,2711
45643,1010,4812
45644,354,2964
45645,987,5281
45646,932,10125
45647,1609,16556
45648,169,26
45649,1876,9007
45650,1953,12235
45651,1514,18191
45652,478,8004
45653,2,12750
45654,1866,4754
45655,846,19563
45656,1854,2421
45657,11,19710
45658,1031,1701
45659,1035,17423
45660,1502,13262
45661,716,8010
45662,1486,8556
45663,849,8757
45664,1643,8617
45665,548,14692
45666,675,7674
45667,817,2347
45668,436,6653
45669,1110,19723
45670,1967,14188
45671,1702,7352
45672,1137,2767
45673,760,17500
45674,75,13594
45675,1691,19390
45676,1931,9439
45677,975,2679
45678,1468,14525
45679,1381,2338
45680,1178,497
45681,1735,13646
45682,755,15369
45683,1889,12559
45684,1976,19525
45685,638,18379
45686,1538,9821
45687,727,15815
45688,1717,2399
45689,1670,16842
45690,1774,4863
45691,1983,4740
45692,1504,83
45693,1129,6515
45694,1865,10623
45695,875,15738
45696,550,14813
45697,1799,14922
45698,158,12134
45699,1190,3231
45700,1698,658
45701,338,4851
45702,30,3942
45703,1243,19093
45704,791,13971
45705,63,15483
45706,654,4647
45707,1801,15809
45708,551,314
45709,1996,12011
45710,122,1044
45711,641,14869
45712,1873,12783
45713,1917,6572
45714,595,1303
45715,1395,8603
45716,993,11007
45717,569,15229
45718,1929,5660
45719,693,7194
45720,145,18464
45721,42,8219
45722,674,14377
45723,677,318
45724,1790,13203
45725,1404,9747
45726,1568,15245
45727,1914,16624
45728,99,4424
45729,295,9063
45730,7,9508
45731,1543,12510
45732,595,19005
45733,1805,6358
45734,234,9216
45735,1892,15858
45736,131,6672
45737,925,4729
45738,1861,14994
45739,1127,17885
45740,1194,16235
45741,1098,1183
45742,674,8590
45743,450,6483
45744,375,12583
45745,1849,4832
45746,344,19552
45747,1990,12277
45748,637,19249
45749,1059,13470
45750,1007,5143
45751,1099,14048
45752,739,6524
45753,1916,14866
45754,1120,14066
45755,1199,18820
45756,243,16198
45757,1124,6874
45758,1788,1254
45759,246,13529
45760,264,5070
45761,1106,11062
45762,1463,3147
45763,891,18552
45764,1388,8223
45765,1732,5161
45766,420,14881
45767,347,4453
45768,1621,11984
45769,1465,3428
45770,1142,4065
45771,338,6083
45772,1618,3107
45773,1626,1958
45774,1744,3287
45775,1423,3638
45776,1095,2235
45777,516,3415
45778,1579,8333
45779,1232,11617
45780,783,3401
45781,661,5630
45782,747,19573
45783,1995,4743
45784,1852,8828
45785,1174,5164
45786,1493,1853
45787,1803,10251
45788,1208,3354
45789,1637,696
45790,479,10562
45791,1741,12289
45792,73,15449
45793,626,17528
45794,786,16794
45795,965,9866
45796,1660,1207
45797,1601,11424
45798,888,1201
45799,801,16369
45800,1968,13174
45801,1868,11918
45802,726,12622
45803,435,6741
45804,1696,12301
45805,1598,9524
45806,107,5049
45807,1024,17322
45808,899,8515
45809,1154,19901
45810,319,13764
45811,1022,19442
45812,1793,14275
45813,1869,14136
45814,291,6990
45815,1899,11361
45816,1991,5030
45817,47,12385
45818,908,4667
45819,485,15699
45820,1563,6862
45821,1732,1534
45822,995,18030
45823,1859,19495
45824,922,11982
45825,1662,6865
45826,818,7740
45827,1388,7128
45828,584,14273
45829,186,5324
45830,303,13073
45831,522,13264
45832,1868,743
45833,1917,7196
45834,1066,10356
45835,1852,9873
45836,1004,14632
45837,718,648
45838,1125,11324
45839,1813,651
45840,712,15885
45841,1102,7182
45842,578,5890
45843,1823,14404
45844,1502,2685
45845,750,13892
45846,1065,14096
45847,1806,16657
45848,908,15478
45849,1655,17230
45850,1292,1059
45851,1356,1659
45852,222,5522
45853,1563,3072
45854,1869,9412
45855,388,3489
45856,1262,19212
45857,229,5796
45858,160,6084
45859,1530,14699
45860,514,10243
45861,104,2107
45862,986,14101
45863,957,15142
45864,1180,16677
45865,1397,8276
45866,1068,4230
45867,485,2281
45868,821,44
45869,917,10771
45870,1386,354
45871,1654,12702
45872,240,319
45873,126,18417
45874,769,12985
45875,963,13785
45876,1441,10035
45877,779,12019
45878,1245,8292
45879,1915,14297
45880,1931,16581
45881,708,160
45882,1613,14082
45883,780,12759
45884,1862,5885
45885,1723,18521
45886,1163,15201
45887,1303,2308
45888,986,1687
45889,1901,4295
45890,1814,11389
45891,275,9730
45892,561,10276
45893,937,17187
45894,767,4061
45895,668,7542
45896,1730,10412
45897,744,17610
45898,1534,5617
45899,1684,12220
45900,343,14845
45901,1507,5329
45902,991,9922
45903,1521,10056
45904,304,2312
45905,517,14345
45906,191,3799
45907,856,1287
45908,642,5978
45909,332,9486
45910,1446,5636
45911,155,5558
45912,1639,1526
45913,1264,12965
45914,304,15006
45915,595,1721
45916,663,2886
45917,427,13815
45918,1590,6570
45919,443,5509
45920,973,15210
45921,1577,1248
45922,408,14324
45923,768,12669
45924,1789,3923
45925,1276,12106
45926,1678,19247
45927,1787,8519
45928,1338,10642
45929,1997,15970
45930,196,7282
45931,1714,11732
45932,327,16983
45933,1928,19981
45934,1405,11885
45935,747,14869
45936,1074,7735
45937,1957,14814
45938,424,12013
45939,1844,2296
45940,1208,3860
45941,1175,17505
45942,102,6863
45943,297,15915
45944,1848,11850
45945,655,82
45946,1495,16147
45947,1411,10654
45948,1315,9947
45949,426,9441
45950,1308,19097
45951,1256,2957
45952,43,16768
45953,15,5337
45954,1566,18
45955,1644,3375
45956,837,13455
45957,273,7122
45958,1584,18806
45959,1734,18359
45960,20,4067
45961,1795,16611
45962,373,9151
45963,133,12584
45964,183,17310
45965,1413,14805
45966,739,9053
45967,413,3067
45968,447,10095
45969,1182,17343
45970,600,16322
45971,3,4562
45972,1434,12065
45973,511,14609
45974,1754,7681
45975,1788,10411
45976,44,6607
45977,1376,9386
45978,1227,6040
45979,1611,7316
45980,277,3880
45981,100,12513
45982,209,19739
45983,1241,10314
45984,1090,13482
45985,1988,8488
45986,324,13086
45987,1458,5028
45988,504,18190
45989,827,8918
45990,1061,4790
45991,266,8075
45992,1834,8759
45993,1966,12736
45994,1412,4860
45995,735,17360
45996,1677,499
45997,769,19727
45998,1324,3462
45999,1233,15571
46000,1532,6658
46001,1574,14324
46002,685,2937
46003,1882,12045
46004,428,16266
46005,1453,15210
46006,993,11868
46007,1274,5765
46008,310,3517
46009,1179,4344
46010,1458,4629
46011,396,18854
46012,1744,10924
46013,1756,17833
46014,1854,2258
46015,1197,845
46016,888,4567
46017,1667,8387
46018,1076,4390
46019,1164,12555
46020,506,11357
46021,1684,13913
46022,52,5829
46023,967,15229
46024,317,8374
46025,667,13876
46026,1167,10185
46027,1089,17528
46028,1773,14235
46029,447,3065
46030,1823,4593
46031,1220,1306
46032,732,14758
46033,1454,16950
46034,703,540
46035,32,16212
46036,1093,12897
46037,745,12583
46038,532,11675
46039,434,8689
46040,897,5281
46041,1861,13085
46042,999,9251
46043,1073,5044
46044,1772,18924
46045,1451,1405
46046,1638,2175
46047,809,8054
46048,1464,14370
46049,24,8277
46050,1281,12163
46051,1236,5900
46052,1922,10224
46053,1479,14365
46054,1395,1230
46055,338,5748
46056,497,16649
46057,1268,6120
46058,1644,11943
46059,442,18254
46060,993,14887
46061,966,13984
46062,1006,9425
46063,1291,18488
46064,1042,19087
46065,504,11012
46066,1368,12199
46067,898,8984
46068,1717,13226
46069,56,5524
46070,998,11794
46071,328,19599
46072,125,16270
46073,1031,8288
46074,174,432
46075,1835,17669
46076,106,14327
46077,738,3232
46078,577,16458
46079,1317,4672
46080,248,19469
46081,428,9916
46082,1173,5485
46083,1612,15653
46084,1209,15757
46085,81,12682
46086,1514,11066
46087,208,19623
46088,1081,17467
46089,213,3075
46090,193,3886
46091,341,2469
46092,541,12686
46093,1084,3048
46094,1968,10578
46095,1773,18487
46096,1339,4737
46097,49,16144
46098,1926,18413
46099,1397,9536
46100,1648,917
46101,1742,16450
46102,225,17564
46103,1018,53
46104,1610,14835
46105,888,9503
46106,1174,4986
46107,1637,14180
46108,255,17882
46109,75,16810
46110,620,11546
46111,1481,14992
46112,1665,14459
46113,1734,16111
46114,293,3260
46115,515,7442
46116,1584,1296
46117,755,18296
46118,229,2060
46119,604,8204
46120,40,19896
46121,1924,12737
46122,901,9883
46123,850,6327
46124,393,9326
46125,369,11219
46126,1917,17054
46127,988,4837
46128,1065,6248
46129,1297,13955
46130,679,17791
46131,644,8861
46132,1397,6616
46133,613,11775
46134,902,1538
46135,495,2621
46136,657,6489
46137,1190,8025
46138,1621,7330
46139,205,1386
46140,745,46
46141,1507,2316
46142,1324,18707
46143,697,1763
46144,1472,8394
46145,20,8966
46146,1851,283
46147,278,8386
46148,1995,1050
46149,442,16395
46150,843,19722
46151,322,6612
46152,1197,11021
46153,244,14702
46154,937,3290
46155,1358,2674
46156,1594,3305
46157,362,17548
46158,19,13038
46159,893,13600
46160,115,680
46161,1122,3125
46162,1351,3119
46163,192,18611
46164,1557,14919
46165,1709,13360
46166,190,1466
46167,471,11616
46168,380,7455
46169,1866,13861
46170,19,16207
46171,1595,11784
46172,724,3476
46173,1593,19878
46174,863,2636
46175,323,16850
46176,1103,5259
46177,1747,10897
46178,1854,16750
46179,99,17848
46180,1642,10599
46181,1168,1031
46182,1968,17566
46183,686,4778
46184,564,18416
46185,1577,14235
46186,1459,8414
46187,793,13611
46188,779,1985
46189,921,6292
46190,668,19561
46191,555,3344
46192,815,17539
46193,328,6906
46194,920,1331
46195,350,3374
46196,355,6166
46197,1241,12925
46198,1758,11133
46199,298,19407
46200,275,1550
46201,1395,166
46202,813,5826
46203,800,2001
46204,1050,5624
46205,185,7239
46206,399,14357
46207,582,366
46208,1415,13222
46209,659,11569
46210,875,6476
46211,1164,7567
46212,352,17722
46213,922,13836
46214,1142,19964
46215,961,19231
46216,1703,2315
46217,1242,2035
46218,1486,13950
46219,1858,4886
46220,211,668
46221,1215,5456
46222,1350,18761
46223,175,11758
46224,245,4310
46225,238,1276
46226,1430,11559
46227,1631,19257
46228,1154,2622
46229,1359,4843
46230,373,3139
46231,38,9431
46232,1254,6004
46233,461,16052
46234,1883,5380
46235,1942,17092
46236,1918,9473
46237,951,8687
46238,395,9626
46239,1097,5665
46240,86,17785
46241,1793,15067
46242,950,501
46243,1559,14650
46244,592,13725
46245,1202,10563
46246,756,12701
46247,925,19908
46248,1043,4159
46249,1204,17011
46250,1206,19273
46251,1816,14077
46252,51,4726
46253,1576,10736
46254,739,3446
46255,1480,11574
46256,1912,19420
46257,194,14066
46258,755,18398
46259,318,13380
46260,1993,14931
46261,273,11146
46262,1704,1633
46263,1998,6464
46264,883,3194
46265,1196,10065
46266,1782,4704
46267,1764,3020
46268,893,15487
46269,1963,19215
46270,1995,9078
46271,840,12422
46272,256,737
46273,1024,2942
46274,1875,14382
46275,613,8884
46276,1853,18747
46277,762,118
46278,278,8307
46279,1880,19412
46280,831,6864
46281,1066,6454
46282,879,13467
46283,528,16677
46284,1113,8205
46285,974,14219
46286,1787,17299
46287,1844,14432
46288,888,12354
46289,1316,17375
46290,1736,19921
46291,1532,18500
46292,715,8675
46293,746,19340
46294,1707,7775
46295,1474,2380
46296,140,7352
46297,495,5206
46298,35,8154
46299,822,4204
46300,328,15199
46301,599,17243
46302,371,9910
46303,1020,6266
46304,1121,16665
46305,570,8763
46306,1803,11691
46307,1137,6727
46308,441,1426
46309,1613,6499
46310,1437,14106
46311,472,6779
46312,1563,6745
46313,1005,11506
46314,337,19716
46315,1297,7540
46316,366,14949
46317,1807,1386
46318,286,5194
46319,240,14801
46320,163,11450
46321,1439,15203
46322,1999,11536
46323,407,1647
46324,116,10300
46325,673,143
46326,104,3195
46327,59,3401
46328,799,805
46329,1876,18610
46330,695,8002
46331,524,4832
46332,1594,8979
46333,1366,15988
46334,1782,1192
46335,1070,18105
46336,167,19713
46337,186,16546
46338,1535,9289
46339,371,12092
46340,1607,7614
46341,947,2624
46342,738,9211
46343,298,19841
46344,529,15124
46345,1529,16730
46346,1924,12340
46347,1754,2349
46348,1009,4573
46349,1653,7908
46350,1857,65
46351,1278,19959
46352,1959,3985
46353,355,7245
46354,1926,1613
46355,741,6978
46356,1085,7439
46357,1530,11697
46358,284,3736
46359,452,16070
46360,1408,14011
46361,1951,11336
46362,1820,16196
46363,39,15333
46364,1155,5530
46365,538,9375
46366,646,8122
46367,693,17137
46368,1641,5216
46369,1392,4180
46370,398,6461
46371,1007,19840
46372,532,7766
46373,1808,6427
46374,1327,3378
46375,1856,10963
46376,682,13638
46377,834,9093
46378,269,5253
46379,1767,10880
46380,211,4208
46381,1287,4684
46382,1216,8750
46383,1417,11900
46384,490,18801
46385,1746,4403
46386,1002,4388
46387,831,13583
46388,80,3076
46389,477,2611
46390,302,18138
46391,727,7759
46392,571,9824
46393,1177,17398
46394,1289,18997
46395,599,4631
46396,454,9293
46397,1143,14827
46398,1249,751
46399,1067,10714
46400,1225,11069
46401,115,5346
46402,1845,15473
46403,86,11264
46404,996,1139
46405,216,5740
46406,1674,2407
46407,1121,9141
46408,1633,17842
46409,1306,7575
46410,1810,11389
46411,176,14352
46412,311,16885
46413,1239,11732
46414,159,10902
46415,135,8863
46416,1509,14539
46417,1128,4918
46418,419,262
46419,536,3842
46420,574,19662
46421,1931,1911
46422,1413,16912
46423,1288,6196
46424,1087,1663
46425,894,9539
46426,1993,17546
46427,1221,9689
46428,601,15560
46429,1784,4771
46430,1588,18369
46431,1633,3097
46432,633,4778
46433,430,10657
46434,228,18771
46435,514,19070
46436,1727,2851
46437,928,6127
46438,1321,19912
46439,262,8973
46440,364,2980
46441,161,7208
46442,1780,2903
46443,1586,2411
46444,1123,701
46445,1417,8985
46446,1616,13611
46447,122,168
46448,253,15628
46449,1797,6027
46450,1604,2330
46451,216,7659
46452,933,12319
46453,323,7871
46454,1847,18984
46455,909,18821
46456,1739,19533
46457,1272,9815
46458,913,18556
46459,479,17491
46460,1294,6897
46461,1318,11571
46462,582,17348
46463,407,16755
46464,947,9154
46465,895,16225
46466,1222,4128
46467,190,17750
46468,592,1482
46469,233,4406
46470,1707,14877
46471,1905,157
46472,901,13728
46473,552,3184
46474,1029,1535
46475,45,7650
46476,1627,5964
46477,726,100
46478,288,12722
46479,664,8634
46480,1248,12243
46481,1986,8140
46482,584,16485
46483,199,5288
46484,607,14370
46485,517,14662
46486,1105,7780
46487,319,10426
46488,1621,17688
46489,368,10213
46490,300,3684
46491,867,2993
46492,1834,17715
46493,859,11387
46494,959,16659
46495,1680,1584
46496,1052,9953
46497,1846,15088
46498,1843,14562
46499,1117,8979
46500,1959,10258
46501,824,7861
46502,1841,13399
46503,1282,457
46504,1818,4272
46505,446,16174
46506,935,3883
46507,489,2209
46508,1804,11001
46509,526,2785
46510,1849,11375
46511,1248,13607
46512,410,14073
46513,65,5436
46514,1111,5496
46515,628,10062
46516,174,5347
46517,514,14505
46518,77,2737
46519,1113,19783
46520,814,12245
46521,1877,8637
46522,313,10627
46523,1656,17247
46524,600,7769
46525,1451,14903
46526,1627,14848
46527,627,2649
46528,655,12781
46529,394,16262
46530,1076,9075
46531,954,3391
46532,367,19816
46533,1956,15874
46534,587,17932
46535,1967,6386
46536,574,18895
46537,974,16859
46538,1526,18394
46539,1805,17313
46540,723,7726
46541,795,2906
46542,1493,18690
46543,528,7410
46544,1977,3713
46545,1806,10612
46546,104,16519
46547,752,18714
46548,1267,11630
46549,675,17894
46550,1445,14397
46551,214,10108
46552,1220,6587
46553,1789,16578
46554,107,11499
46555,947,19060
46556,551,10816
46557,907,11668
46558,838,6127
46559,1341,2950
46560,617,8260
46561,1737,19770
46562,798,13699
46563,225,1311
46564,96,5178
46565,431,15982
46566,1775,12326
46567,811,4239
46568,1382,11547
46569,320,15558
46570,376,8901
46571,694,7219
46572,1499,15213
46573,1195,19872
46574,1929,13323
46575,122,7544
46576,1988,16915
46577,1835,18905
46578,954,2973
46579,829,4266
46580,796,17567
46581,1353,15706
46582,1277,10718
46583,29,2661
46584,920,11468
46585,411,4020
46586,1800,1207
46587,1383,11073
46588,1246,16031
46589,24,540
46590,228,15667
46591,1071,5113
46592,1765,5021
46593,823,18544
46594,684,8211
46595,646,8991
46596,1905,14463
46597,140,1627
46598,1573,6709
46599,1011,18511
46600,1149,12106
46601,1941,5086
46602,646,17429
46603,694,15092
46604,1418,9037
46605,604,16777
46606,778,2784
46607,1449,4856
46608,229,5449
46609,1463,1845
46610,1308,10083
46611,189,3513
46612,151,18308
46613,1669,15207
46614,1962,11866
46615,145,16885
46616,517,10209
46617,817,14297
46618,789,2735
46619,1978,17303
46620,152,10590
46621,1185,19041
46622,799,19695
46623,23,17036
46624,344,13496
46625,93,19474
46626,1706,14428
46627,578,15433
46628,563,9218
46629,1370,8483
46630,1189,16951
46631,407,9349
46632,1766,2443
46633,727,4977
46634,1022,8088
46635,202,19980
46636,431,19704
46637,1817,1794
46638,309,8418
46639,1441,16536
46640,1055,6986
46641,1429,10154
46642,1711,8825
46643,1944,750
46644,240,9096
46645,381,15778
46646,575,14577
46647,408,19922
46648,686,18348
46649,1882,15463
46650,847,5463
46651,1366,637
46652,484,18870
46653,105,11685
46654,1583,14829
46655,747,19178
46656,1523,19367
46657,74,1813
46658,131,5475
46659,1562,2034
46660,1722,2055
46661,1003,12575
46662,529,7201
46663,1652,5367
46664,1132,16044
46665,910,6463
46666,278,3598
46667,307,9221
46668,1192,6873
46669,834,17663
46670,229,7354
46671,561,17091
46672,615,17020
46673,75,19105
46674,770,18292
46675,1948,16749
46676,1839,16256
46677,1825,188
46678,1178,2270
46679,563,15735
46680,1105,2244
46681,540,2481
46682,567,18607
46683,987,10543
46684,665,16693
46685,1177,19899
46686,1251,2476
46687,591,15930
46688,94,217
46689,114,16899
46690,833,10927
46691,1115,5692
46692,1802,15446
46693,1687,3647
46694,1821,14929
46695,921,14797
46696,1335,4382
46697,1596,16821
46698,880,10977
46699,95,12670
46700,1213,11443
46701,554,6285
46702,1233,12874
46703,126,10516
46704,754,14585
46705,197,4283
46706,835,3571
46707,1099,17666
46708,1907,16064
46709,954,9493
46710,310,8485
46711,212,5530
46712,885,15196
46713,816,12197
46714,388,7286
46715,804,1432
46716,1902,15215
46717,1455,7471
46718,808,12658
46719,638,18378
46720,150,5259
46721,1984,12977
46722,1015,13337
46723,1180,9363
46724,729,19696
46725,1490,13206
46726,1172,14376
46727,1140,63
46728,1390,15424
46729,1892,13403
46730,500,1320
46731,1589,15350
46732,287,8407
46733,1610,19786
46734,1404,13354
46735,3,18755
46736,1482,9134
46737,1838,6991
46738,1662,16522
46739,647,3586
46740,973,2839
46741,454,3837
46742,997,815
46743,294,12577
46744,940,3371
46745,655,9354
46746,545,16257
46747,197,15474
46748,1134,4473
46749,1442,215
46750,24,16123
46751,1646,251
46752,1650,6906
46753,1332,1436
46754,233,9969
46755,1734,4003
46756,647,6957
46757,1271,9854
46758,1769,12667
46759,810,8831
46760,396,10471
46761,4,8720
46762,455,18597
46763,1306,9949
46764,418,1055
46765,1107,8433
46766,342,8897
46767,240,2275
46768,1254,19345
46769,304,2731
46770,890,9009
46771,1276,2245
46772,58,17602
46773,149,1219
46774,300,6144
46775,878,12000
46776,1355,7519
46777,1777,228
46778,1516,4150
46779,1054,9031
46780,1737,7966
46781,1074,15194
46782,1383,9140
46783,995,7354
46784,1940,1297
46785,17,1912
46786,371,13372
46787,1740,7488
46788,272,14614
46789,670,5255
46790,594,19046
46791,160,353
46792,909,2646
46793,1077,2458
46794,937,776
46795,1874,8761
46796,1861,6503
46797,1848,16213
46798,545,309
46799,1236,4403
46800,792,14703
46801,573,152
46802,1685,10630
46803,1324,12572
46804,1897,9959
46805,1767,12611
46806,1298,15993
46807,892,13213
46808,822,14038
46809,645,683
46810,804,546
46811,1586,11545
46812,447,8424
46813,834,7928
46814,1378,7278
46815,725,10818
46816,526,16046
46817,166,1819
46818,1167,14831
46819,1131,17293
46820,622,12516
46821,393,14578
46822,1780,15148
46823,1893,7999
46824,1433,7082
46825,1554,16029
46826,928,17190
46827,6,15097
46828,825,18696
46829,427,4649
46830,1354,126
46831,1700,11742
46832,1820,7035
46833,1100,9346
46834,1838,18236
46835,196,17324
46836,1047,11029
46837,1924,6939
46838,840,9044
46839,23,1765
46840,1356,9273
46841,1758,6329
46842,1948,9843
46843,1622,388
46844,1662,1955
46845,1543,15330
46846,1099,32
46847,782,13272
46848,502,13085
46849,91,14745
46850,1918,11267
46851,1059,578
46852,1362,2622
46853,514,17934
46854,1869,6230
46855,1779,1329
46856,780,11170
46857,90,9804
46858,1651,4542
46859,705,2895
46860,1090,16073
46861,47,674
46862,1596,8713
46863,1111,10463
46864,1065,14180
46865,1911,15793
46866,1028,10587
46867,1990,10355
46868,556,3821
46869,36,1880
46870,1774,16766
46871,1418,7447
46872,61,8359
46873,1146,5631
46874,1145,16750
46875,1879,2762
46876,852,12857
46877,25,3077
46878,1808,3426
46879,1372,15868
46880,1518,12091
46881,1307,5402
46882,1837,18398
46883,999,3219
46884,1970,2075
46885,751,1915
46886,1593,10533
46887,439,15151
46888,1589,1720
46889,718,9468
46890,1092,16589
46891,410,856
46892,32,11902
46893,774,4573
46894,1364,15189
46895,515,16978
46896,1273,3097
46897,707,8038
46898,959,1375
46899,1579,13300
46900,620,10538
46901,1718,364
46902,874,15473
46903,1794,13296
46904,147,2180
46905,815,18565
46906,1131,9934
46907,1933,16235
46908,217,11839
46909,722,9153
46910,668,4389
46911,85,2267
46912,1648,6059
46913,871,12982
46914,368,15802
46915,1863,17018
46916,438,5213
46917,1298,11434
46918,37,13524
46919,1541,18635
46920,1646,8257
46921,1846,6058
46922,1559,18910
46923,465,5776
46924,1789,15257
46925,560,14048
46926,983,7195
46927,1810,15421
46928,758,10522
46929,67,7269
46930,820,10793
46931,985,447
46932,776,1170
46933,218,14909
46934,1687,16167
46935,1242,5803
46936,650,18176
46937,65,8039
46938,1598,12618
46939,1859,17327
46940,1081,4561
46941,1044,4311
46942,1538,11317
46943,1540,17736
46944,657,15755
46945,949,12410
46946,624,6683
46947,1941,3229
46948,270,17265
46949,816,12110
46950,626,5752
46951,1448,18710
46952,815,6488
46953,336,4845
46954,423,3463
46955,1699,18700
46956,631,8167
46957,1132,9486
46958,571,3952
46959,1580,15648
46960,634,17686
46961,134,288
46962,40,13032
46963,808,9722
46964,434,16203
46965,1314,3602
46966,629,4909
46967,314,2411
46968,1918,5214
46969,441,16704
46970,1850,11802
46971,1591,5387
46972,106,9345
46973,765,7036
46974,955,10964
46975,1085,8066
46976,870,17246
46977,1430,11379
46978,950,15545
46979,899,13035
46980,1468,14892
46981,1000,7981
46982,975,11077
46983,1892,16904
46984,62,4976
46985,1732,1440
46986,464,14503
46987,532,10671
46988,1847,6078
46989,575,18043
46990,193,12481
46991,167,18544
46992,1107,9860
46993,1960,2251
46994,1229,15391
46995,1405,17763
46996,322,10993
46997,1175,18303
46998,713,3639
46999,1102,16629
47000,1158,3424
47001,1047,17206
47002,340,2319
47003,480,1977
47004,516,5612
47005,533,18264
47006,1031,4222
47007,808,12544
47008,353,18187
47009,1915,545
47010,1099,14359
47011,590,10530
47012,792,4350
47013,1709,15042
47014,1394,15490
47015,1772,13807
47016,1809,904
47017,844,8459
47018,115,18742
47019,349,10065
47020,307,13637
47021,1769,8276
47022,575,5674
47023,181,3647
47024,1116,10008
47025,21,19568
47026,1917,3058
47027,93,12911
47028,419,17243
47029,397,14386
47030,1843,1255
47031,1326,5549
47032,1776,15533
47033,974,16851
47034,808,219
47035,762,5679
47036,644,18457
47037,1562,18712
47038,540,16439
47039,1319,6172
47040,794,14741
47041,825,19834
47042,582,12266
47043,1528,6413
47044,1798,17557
47045,502,4330
47046,1635,4431
47047,18,17674
47048,1585,3220
47049,1165,7033
47050,1338,4696
47051,1414,17895
47052,1757,12588
47053,1546,5487
47054,558,13819
47055,1764,10376
47056,1514,11278
47057,667,9607
47058,1769,11680
47059,188,6030
47060,892,13588
47061,814,2247
47062,1598,3385
47063,1192,3823
47064,1490,15652
47065,759,16705
47066,807,9135
47067,1356,4248
47068,1219,16202
47069,729,19160
47070,1752,4246
47071,58,12892
47072,1039,3717
47073,1156,10817
47074,332,10092
47075,1267,5146
47076,85,16724
47077,1348,18271
47078,1293,16387
47079,828,287
47080,228,4963
47081,450,4094
47082,1248,6306
47083,129,12298
47084,1673,1174
47085,1921,4820
47086,1197,9750
47087,596,11
47088,277,1234
47089,990,11862
47090,1522,9595
47091,1590,5809
47092,1284,396
47093,430,2758
47094,1234,16708
47095,192,19675
47096,1211,12260
47097,1471,9355
47098,816,11207
47099,1245,4972
47100,155,3102
47101,855,19734
47102,824,3789
47103,775,18072
47104,277,2528
47105,1468,14463
47106,747,9157
47107,298,11692
47108,608,8375
47109,356,5032
47110,737,10203
47111,744,11960
47112,46,10890
47113,873,15232
47114,368,9610
47115,147,9081
47116,1580,16294
47117,63,13172
47118,411,17466
47119,23,5468
47120,1093,4706
47121,794,15426
47122,1038,2348
47123,434,4171
47124,1125,16585
47125,284,7965
47126,1128,547
47127,1141,9186
47128,628,16943
47129,364,10008
47130,1126,15247
47131,1394,19586
47132,1694,15938
47133,172,7794
47134,1946,15781
47135,1698,9981
47136,225,8440
47137,347,1324
47138,1117,460
47139,929,9930
47140,571,4738
47141,846,572
47142,955,11507
47143,532,3164
47144,269,4646
47145,1744,1711
47146,519,14929
47147,206,15650
47148,1859,913
47149,1292,14233
47150,526,11309
47151,1215,3583
47152,1815,19150
47153,4,1564
47154,1235,14473
47155,234,18441
47156,1890,2655
47157,1446,78
47158,431,4863
47159,1735,5485
47160,1324,8760
47161,1497,9406
47162,1860,9356
47163,482,11442
47164,1055,9885
47165,1580,10705
47166,1013,14580
47167,1470,14629
47168,455,11084
47169,887,13457
47170,1228,16030
47171,1371,12139
47172,690,15237
47173,1592,15482
47174,1744,17154
47175,31,5465
47176,1191,11535
47177,962,6212
47178,1691,13676
47179,1090,1765
47180,1349,5669
47181,1525,19828
47182,1771,909
47183,1614,15263
47184,70,14765
47185,1020,7432
47186,1775,14129
47187,1026,5262
47188,1304,5835
47189,1017,9174
47190,857,3623
47191,1913,16914
47192,488,10562
47193,87,19925
47194,1066,3922
47195,1536,16093
47196,1062,15564
47197,1009,3270
47198,1778,12346
47199,855,12082
47200,1678,2509
47201,431,16070
47202,1358,16208
47203,606,19910
47204,987,3686
47205,671,9315
47206,502,18840
47207,1438,17128
47208,1112,4889
47209,274,501
47210,1497,7091
47211,30,10272
47212,1482,4109
47213,1826,15480
47214,1463,6405
47215,277,553
47216,264,5799
47217,940,13383
47218,1793,4344
47219,1026,12786
47220,259,10536
47221,1218,17623
47222,401,1626
47223,1366,15648
47224,186,13897
47225,515,14695
47226,214,9013
47227,76,10554
47228,472,17958
47229,1043,2945
47230,1420,18701
47231,7,18711
47232,1115,13676
47233,1460,9375
47234,1136,283
47235,50,1475
47236,1491,1041
47237,1065,15414
47238,889,13533
47239,1293,4474
47240,266,14018
47241,1701,15895
47242,1755,9683
47243,1807,18614
47244,1681,4159
47245,627,9364
47246,982,19822
47247,1249,1466
47248,481,728
47249,133,1084
47250,911,2501
47251,1726,2905
47252,545,4581
47253,545,11913
47254,1042,4765
47255,1012,18085
47256,174,15449
47257,928,15462
47258,248,128
47259,1389,18444
47260,1729,3359
47261,1696,15786
47262,1251,9200
47263,245,8944
47264,1219,9713
47265,426,7503
47266,1564,1781
47267,789,1283
47268,1529,18153
47269,631,4175
47270,355,12821
47271,1731,17129
47272,1492,2618
47273,649,19939
47274,1313,5926
47275,746,5311
47276,3,12264
47277,5,9929
47278,879,5385
47279,117,15838
47280,994,7560
47281,1383,2855
47282,645,16177
47283,78,11170
47284,628,6414
47285,177,12795
47286,1375,15981
47287,452,4815
47288,521,1605
47289,1872,5971
47290,489,13129
47291,1521,4252
47292,1999,5717
47293,1840,724
47294,1342,13442
47295,1665,19840
47296,1532,18005
47297,100,2591
47298,1043,11211
47299,1549,13383
47300,123,9420
47301,721,1082
47302,1692,5390
47303,787,4328
47304,1089,12779
47305,1457,10896
47306,880,3078
47307,373,7618
47308,1208,9590
47309,1267,1844
47310,753,9494
47311,1665,8727
47312,1020,7259
47313,677,9456
47314,936,10457
47315,1231,4418
47316,1584,18824
47317,923,13545
47318,494,12785
47319,1762,8086
47320,989,3611
47321,1237,8090
47322,1738,5194
47323,960,4484
47324,1345,6990
47325,544,4041
47326,1025,6971
47327,890,18251
47328,1609,14756
47329,1737,16188
47330,1093,4728
47331,298,19729
47332,1370,10546
47333,1653,12692
47334,264,16796
47335,662,8364
47336,1891,8606
47337,1826,13145
47338,1831,4650
47339,104,3009
47340,1277,18302
47341,192,3861
47342,1852,8774
47343,113,6460
47344,1065,16551
47345,1496,10690
47346,815,18623
47347,1608,12810
47348,1001,11314
47349,1512,11678
47350,1561,13303
47351,432,4231
47352,1174,7621
47353,1511,5711
47354,799,7489
47355,145,6135
47356,616,18850
47357,1130,3016
47358,128,3870
47359,1597,10
47360,1624,7141
47361,1060,1247
47362,999,17369
47363,319,18139
47364,1033,4213
47365,16,14120
47366,1036,8260
47367,114,17771
47368,1432,8147
47369,1876,18379
47370,1928,13225
47371,901,9102
47372,1572,2093
47373,203,11788
47374,642,5672
47375,1994,146
47376,1489,1899
47377,180,19779
47378,9,1492
47379,1194,1707
47380,1544,10056
47381,1551,16697
47382,1612,5661
47383,803,7571
47384,326,5411
47385,1961,13090
47386,173,6035
47387,1450,731
47388,316,16676
47389,1953,13655
47390,699,19491
47391,1351,3574
47392,47,15383
47393,1906,3979
47394,1086,1586
47395,587,2300
47396,568,1630
47397,954,180
47398,773,5367
47399,1041,9328
47400,941,14085
47401,1028,4764
47402,794,9174
47403,1909,14704
47404,1714,1382
47405,46,6560
47406,1755,117
47407,1453,18558
47408,1291,19691
47409,1227,12644
47410,607,16659
47411,1704,14207
47412,1250,14208
47413,265,14461
47414,1586,9618
47415,757,7982
47416,566,15027
47417,1036,18345
47418,1220,7588
47419,1088,1730
47420,404,6592
47421,151,1532
47422,212,605
47423,1968,17327
47424,852,2372
47425,423,19659
47426,690,19198
47427,1657,17183
47428,280,16917
47429,1957,1897
47430,1705,16185
47431,1275,17062
47432,637,5235
47433,1843,7084
47434,1796,11177
47435,1581,17667
47436,1819,14977
47437,1736,17410
47438,1591,5034
47439,1363,6347
47440,621,10126
47441,1092,4872
47442,460,8031
47443,663,4984
47444,1153,9862
47445,559,5561
47446,1472,2326
47447,1180,9814
47448,76,16089
47449,1015,4509
47450,1073,18613
47451,483,3087
47452,1447,14563
47453,118,12301
47454,12,895
47455,732,9485
47456,197,4046
47457,1395,6684
47458,475,3107
47459,1365,2145
47460,1122,15461
47461,619,8495
47462,656,13187
47463,876,3028
47464,1165,6996
47465,1062,9961
47466,82,4028
47467,1442,12614
47468,1240,1193
47469,474,2820
47470,1177,602
47471,922,910
47472,346,302
47473,1912,4848
47474,946,1261
47475,1459,15259
47476,696,16612
47477,417,152
47478,1447,17910
47479,1447,6695
47480,117,18752
47481,1512,4844
47482,807,19728
47483,338,12817
47484,486,1388
47485,120,5935
47486,1429,8071
47487,1371,18678
47488,716,10763
47489,1932,19935
47490,276,9123
47491,1832,9745
47492,1016,13749
47493,1963,12775
47494,193,6390
47495,368,14591
47496,1268,19993
47497,102,4611
47498,416,1249
47499,252,5015
47500,435,9550
47501,4,12356
47502,729,16572
47503,1040,10397
47504,976,19373
47505,28,16750
47506,1283,3977
47507,827,13261
47508,745,8845
47509,283,4956
47510,1883,2876
47511,959,14972
47512,1830,16059
47513,1272,14032
47514,847,1313
47515,1244,13814
47516,1432,9246
47517,1712,5757
47518,670,2371
47519,1776,3865
47520,372,605
47521,51,15428
47522,1553,11738
47523,537,14966
47524,1697,207
47525,737,11603
47526,1203,17481
47527,1651,13682
47528,654,3956
47529,1991,4438
47530,1261,2349
47531,1489,19862
47532,1329,4640
47533,1029,3557
47534,559,15428
47535,1155,17995
47536,609,1686
47537,1663,7424
47538,1085,18620
47539,1771,14936
47540,1689,2547
47541,492,16977
47542,1255,16106
47543,429,16442
47544,1144,16267
47545,870,7949
47546,1261,12413
47547,1376,8011
47548,554,19550
47549,1859,16767
47550,1252,2393
47551,1844,11803
47552,307,11027
47553,779,19663
47554,1184,6134
47555,1096,4533
47556,188,3335
47557,1056,14675
47558,1332,9522
47559,1417,4436
47560,1335,475
47561,273,18582
47562,6,17213
47563,1171,5409
47564,198,666
47565,443,12401
47566,1449,1666
47567,979,3976
47568,132,2305
47569,406,18714
47570,430,1877
47571,1528,10925
47572,740,16399
47573,271,11470
47574,1105,10106
47575,664,4972
47576,136,5767
47577,1348,15860
47578,668,15932
47579,1509,16829
47580,940,14462
47581,1700,7425
47582,355,1151
47583,851,19730
47584,1808,8589
47585,1732,8377
47586,941,9624
47587,1561,10082
47588,1405,5643
47589,526,4002
47590,1056,8716
47591,1204,16379
47592,1022,402
47593,1708,13388
47594,1370,14269
47595,1973,432
47596,239,1188
47597,474,1512
47598,316,3238
47599,651,18987
47600,288,17887
47601,1518,6005
47602,179,19885
47603,546,17459
47604,1850,19338
47605,609,11419
47606,912,17087
47607,207,14410
47608,243,7901
47609,1503,19536
47610,1074,14170
47611,38,12349
47612,1411,14433
47613,1911,5984
47614,928,1098
47615,1560,11706
47616,929,9737
47617,374,10516
47618,379,11794
47619,764,1971
47620,1328,10071
47621,655,12943
47622,306,5477
47623,1477,5674
47624,976,375
47625,448,5134
47626,73,6695
47627,1801,3991
47628,286,6743
47629,99,9493
47630,1989,15939
47631,1967,19329
47632,1748,13579
47633,1911,5394
47634,1599,841
47635,1250,129
47636,1462,14553
47637,1418,19036
47638,257,16860
47639,95,5741
47640,532,4094
47641,402,9680
47642,1502,4101
47643,284,5065
47644,1556,10823
47645,1822,11398
47646,1087,2750
47647,999,10510
47648,1364,18487
47649,613,10429
47650,174,3232
47651,584,1877
47652,1358,4065
47653,177,8188
47654,1746,8344
47655,1756,18075
47656,1428,15737
47657,1864,14078
47658,996,3164
47659,1333,19848
47660,1486,6269
47661,1992,18497
47662,1395,15380
47663,1253,7391
47664,831,9639
47665,165,11563
47666,307,11705
47667,570,12354
47668,946,3716
47669,604,6614
47670,207,1564
47671,168,3178
47672,1648,8738
47673,1675,15053
47674,673,12712
47675,1136,10643
47676,878,16601
47677,1830,3965
47678,1432,2541
47679,1903,6004
47680,45,13778
47681,24,17552
47682,1442,19272
47683,1519,1786
47684,974,19472
47685,618,11465
47686,1792,19355
47687,1209,9951
47688,449,6981
47689,1316,4419
47690,616,138
47691,1467,16318
47692,1411,2457
47693,1600,13335
47694,1197,5666
47695,358,9323
47696,194,2419
47697,1936,10117
47698,1745,2225
47699,1520,7892
47700,1814,9261
47701,1857,6656
47702,276,3289
47703,321,6932
47704,1042,13256
47705,1737,12594
47706,1530,501
47707,1048,9363
47708,882,2847
47709,474,11688
47710,1341,6378
47711,774,5304
47712,1560,2441
47713,295,14598
47714,728,13874
47715,1442,8446
47716,1145,15392
47717,411,1610
47718,886,15596
47719,1690,2984
47720,1572,942
47721,931,13407
47722,1729,17305
47723,1396,19837
47724,763,11761
47725,795,8525
47726,991,3039
47727,146,6912
47728,1473,8244
47729,296,9937
47730,1954,18146
47731,335,17562
47732,474,14951
47733,1984,463
47734,1444,7295
47735,577,19842
47736,1600,157
47737,1340,7523
47738,1919,12356
47739,1715,15003
47740,654,9576
47741,750,13250
47742,1769,18947
47743,1822,4837
47744,286,4229
47745,1511,9160
47746,562,5128
47747,1876,8055
47748,793,9225
47749,1252,8845
47750,1450,15124
47751,521,14308
47752,1746,15746
47753,846,6880
47754,331,4247
47755,1239,12569
47756,1205,8814
47757,1010,5330
47758,1967,12733
47759,919,15070
47760,1103,17654
47761,467,2059
47762,1785,10662
47763,1828,4115
47764,1360,19160
47765,1446,15757
47766,1397,14592
47767,1038,6909
47768,1564,1065
47769,1188,2741
47770,462,10699
47771,660,7427
47772,653,16984
47773,1493,7906
47774,185,14198
47775,881,19349
47776,20,1578
47777,1016,13577
47778,215,12235
47779,522,1359
47780,230,18997
47781,191,16889
47782,703,14859
47783,1822,1140
47784,753,2177
47785,1328,890
47786,1731,256
47787,1928,18994
47788,1743,11723
47789,747,2504
47790,1866,14068
47791,632,13415
47792,1429,8220
47793,1462,17713
47794,76,4776
47795,1225,4549
47796,600,18483
47797,1621,1663
47798,1250,2930
47799,1732,3351
47800,1171,10955
47801,1043,3237
47802,1068,236
47803,976,10021
47804,266,5178
47805,1943,4815
47806,1779,13472
47807,604,3500
47808,1748,4848
47809,796,5814
47810,853,10067
47811,99,5488
47812,1623,13626
47813,1532,3904
47814,1371,15937
47815,1893,8829
47816,1596,12781
47817,1780,7998
47818,393,15968
47819,583,15396
47820,411,293
47821,1418,5575
47822,1638,3961
47823,546,2869
47824,1500,9164
47825,50,15653
47826,1379,10166
47827,712,7238
47828,985,10288
47829,1796,11381
47830,588,19
47831,1529,4995
47832,1448,15895
47833,1020,1211
47834,556,1077
47835,1986,12769
47836,1363,545
47837,718,2944
47838,1066,18156
47839,421,3965
47840,269,5548
47841,543,7508
47842,1591,15522
47843,819,15028
47844,1718,2468
47845,1211,14950
47846,1887,6376
47847,211,1893
47848,442,11685
47849,505,10598
47850,1094,14965
47851,598,4128
47852,615,2266
47853,362,13220
47854,601,19622
47855,1201,6130
47856,137,6311
47857,1625,5355
47858,1299,5591
47859,1845,6142
47860,1729,7688
47861,409,12434
47862,1639,590
47863,70,16664
47864,1538,18983
47865,1362,10757
47866,1682,14679
47867,167,10888
47868,1019,15303
47869,1906,11379
47870,886,17020
47871,1720,1498
47872,1354,8840
47873,1229,723
47874,1359,17670
47875,1841,3983
47876,80,4499
47877,1131,13303
47878,1982,18252
47879,755,8196
47880,436,17064
47881,89,14853
47882,1573,8881
47883,805,6824
47884,25,2938
47885,1914,10903
47886,950,14122
47887,1257,12140
47888,112,8246
47889,1935,8645
47890,130,7203
47891,1121,9565
47892,1793,4271
47893,1485,3291
47894,1426,14234
47895,535,9685
47896,1376,4790
47897,1491,12687
47898,247,17778
47899,469,560
47900,849,2662
47901,1953,8540
47902,138,1664
47903,171,3323
47904,1094,14200
47905,946,610
47906,987,363
47907,1398,8006
47908,678,13046
47909,106,5774
47910,403,12826
47911,604,6252
47912,1587,3538
47913,1746,688
47914,1515,1281
47915,1089,1116
47916,283,316
47917,1606,17620
47918,1136,13522
47919,749,7430
47920,343,10731
47921,885,5197
47922,392,12900
47923,426,12230
47924,1643,1676
47925,441,19489
47926,1436,6289
47927,575,1144
47928,1075,8045
47929,266,2247
47930,1195,3174
47931,1707,15247
47932,341,12007
47933,227,8405
47934,1926,4676
47935,722,10550
47936,326,17067
47937,66,7249
47938,64,18653
47939,1919,11682
47940,1688,15189
47941,940,7228
47942,1493,3562
47943,1063,15726
47944,193,18421
47945,330,17726
47946,419,2225
47947,658,951
47948,200,4814
47949,729,11134
47950,1367,3405
47951,1360,327
47952,1532,5592
47953,1496,12827
47954,1240,5131
47955,1149,12284
47956,177,19256
47957,1911,16953
47958,1709,17034
47959,284,12665
47960,760,15539
47961,1091,18819
47962,1174,12825
47963,1166,18991
47964,117,17327
47965,899,6498
47966,487,5112
47967,249,7435
47968,321,2626
47969,984,7262
47970,1108,14831
47971,1960,4350
47972,53,17248
47973,1694,17131
47974,1716,15505
47975,482,4930
47976,313,13160
47977,934,10238
47978,81,8832
47979,1192,8593
47980,1733,9718
47981,1602,5216
47982,126,15394
47983,275,6819
47984,1731,15407
47985,1982,19581
47986,1035,11736
47987,1270,13560
47988,534,15467
47989,1211,2437
47990,674,3962
47991,484,6785
47992,640,8694
47993,1428,4797
47994,1571,2630
47995,1275,7151
47996,1472,7718
47997,103,4825
47998,792,10362
47999,652,2891
48000,1640,1522
48001,701,4715
48002,911,3060
48003,957,13049
48004,52,11810
48005,1378,15742
48006,989,11223
48007,968,19494
48008,258,277
48009,267,7246
48010,247,5456
48011,1235,5082
48012,1067,17539
48013,1834,12402
48014,1744,8681
48015,1840,3676
48016,1390,923
48017,1040,9805
48018,670,12267
48019,1517,19065
48020,359,9059
48021,1390,13473
48022,892,2964
48023,657,3602
48024,146,15868
48025,876,11694
48026,146,19765
48027,590,5928
48028,764,5534
48029,837,11183
48030,1603,13953
48031,1322,5967
48032,1815,19615
48033,325,9960
48034,114,855
48035,1840,15763
48036,1335,5875
48037,1877,4423
48038,90,1821
48039,348,7303
48040,1320,19928
48041,236,6131
48042,439,3203
48043,1853,11260
48044,1826,15156
48045,1442,8033
48046,1199,3791
48047,218,8540
48048,414,73
48049,1758,12801
48050,523,16664
48051,110,8357
48052,985,12130
48053,1464,7853
48054,1922,10376
48055,1237,17022
48056,201,398
48057,206,17225
48058,315,8731
48059,82,16366
48060,1012,14466
48061,199,4698
48062,479,13875
48063,869,8139
48064,1640,6623
48065,215,2380
48066,276,12154
48067,798,17199
48068,426,19543
48069,1046,11973
48070,559,3570
48071,1349,11351
48072,1970,2686
48073,1240,18744
48074,80,18043
48075,409,5573
48076,165,19914
48077,441,2850
48078,1095,1399
48079,764,11268
48080,86,11159
48081,634,13841
48082,983,15333
48083,1993,5450
48084,1011,16696
48085,1114,16459
48086,360,19712
48087,1041,11817
48088,1682,16841
48089,797,42
48090,570,6039
48091,421,13374
48092,1730,10282
48093,648,18626
48094,438,16242
48095,472,10825
48096,1586,12803
48097,421,7486
48098,1468,5305
48099,575,6124
48100,1122,16072
48101,17,4851
48102,1031,2383
48103,1431,414
48104,1923,16111
48105,297,12165
48106,1406,4053
48107,1378,18614
48108,1884,8957
48109,1056,5647
48110,1029,4525
48111,1611,8648
48112,1115,7248
48113,1654,4153
48114,178,6554
48115,763,9612
48116,80,4283
48117,689,17119
48118,816,15214
48119,414,5986
48120,1920,10042
48121,1039,5209
48122,1136,19851
48123,330,3300
48124,128,14503
48125,756,15520
48126,441,13762
48127,459,5721
48128,1552,15823
48129,730,19553
48130,1073,1694
48131,617,19280
48132,1688,17048
48133,694,13342
48134,117,3185
48135,1170,7975
48136,1710,9869
48137,148,12387
48138,1877,19137
48139,1799,4836
48140,544,13617
48141,1134,16544
48142,1243,8116
48143,922,13587
48144,378,2513
48145,1365,11055
48146,1027,7942
48147,963,15017
48148,451,3722
48149,938,7767
48150,1734,15827
48151,1690,15529
48152,1446,4540
48153,384,7706
48154,274,7580
48155,170,11704
48156,1023,11823
48157,1577,19713
48158,600,18630
48159,107,13963
48160,1653,14707
48161,1021,16594
48162,47,4817
48163,41,13574
48164,726,6128
48165,1713,2468
48166,513,18550
48167,43,17841
48168,505,3165
48169,241,17192
48170,740,5940
48171,1293,15164
48172,1837,5153
48173,834,15822
48174,1764,1709
48175,565,8455
48176,699,10347
48177,871,19241
48178,1573,17673
48179,1346,15386
48180,192,3311
48181,1596,7324
48182,914,7932
48183,1645,19077
48184,1594,1875
48185,1539,7738
48186,1414,9516
48187,643,17906
48188,1382,6491
48189,39,19741
48190,1484,17319
48191,1557,4212
48192,510,13516
48193,662,6343
48194,484,17885
48195,1848,17873
48196,3,12909
48197,564,18940
48198,40,3671
48199,989,12728
48200,1703,4430
48201,785,5377
48202,799,13861
48203,31,6247
48204,1073,1601
48205,480,13401
48206,1290,16605
48207,929,12183
48208,1821,10552
48209,188,15768
48210,1359,13735
48211,1649,1900
48212,1234,4477
48213,584,1142
48214,890,16854
48215,1634,19287
48216,1536,13690
48217,803,13285
48218,1364,9230
48219,817,6677
48220,1270,7578
48221,1799,16290
48222,816,18253
48223,75,9845
48224,47,18036
48225,1052,9759
48226,70,9888
48227,1045,14308
48228,1099,5968
48229,1826,5835
48230,614,2349
48231,532,17060
48232,1195,177
48233,156,19493
48234,1217,19700
48235,1194,8411
48236,1456,1803
48237,817,10685
48238,8,8123
48239,723,6567
48240,1882,18865
48241,1198,4977
48242,994,12990
48243,1957,6635
48244,1918,841
48245,739,2658
48246,419,16218
48247,1534,12620
48248,765,14324
48249,689,10958
48250,1992,1150
48251,1862,6434
48252,597,12667
48253,1149,3365
48254,1666,18011
48255,1205,13174
48256,1306,3016
48257,1011,19872
48258,744,12691
48259,1267,1071
48260,1641,19168
48261,1450,15733
48262,1238,11905
48263,311,9220
48264,643,12792
48265,234,17206
48266,1194,5121
48267,742,5978
48268,1101,10783
48269,467,12481
48270,156,6049
48271,464,10521
48272,701,17530
48273,662,9561
48274,105,11017
48275,849,4192
48276,493,15076
48277,662,8910
48278,1018,6283
48279,42,9579
48280,100,17034
48281,256,19690
48282,861,15893
48283,1036,4685
48284,1295,15651
48285,557,14019
48286,1631,12112
48287,483,1681
48288,1035,14087
48289,1356,2206
48290,1827,14226
48291,825,8663
48292,601,826
48293,1341,16045
48294,176,18174
48295,398,14205
48296,277,8540
48297,690,11874
48298,1134,19491
48299,490,13181
48300,40,14817
48301,1887,543
48302,358,10458
48303,461,6537
48304,1271,17447
48305,331,4461
48306,1598,7671
48307,1079,6480
48308,1894,13977
48309,165,9336
48310,1732,15828
48311,1730,1988
48312,286,1530
48313,919,255
48314,1592,14137
48315,1286,11250
48316,868,25
48317,673,16643
48318,447,6825
48319,600,3273
48320,825,13684
48321,1277,10681
48322,1238,8461
48323,1182,15445
48324,80,165
48325,1594,17442
48326,1639,12342
48327,1140,9880
48328,1250,11164
48329,1947,651
48330,1693,11832
48331,1731,17694
48332,1597,19269
48333,1629,4591
48334,933,19636
48335,1954,7634
48336,1509,8327
48337,758,17459
48338,1746,4146
48339,1917,1867
48340,1766,12042
48341,587,3567
48342,1797,14321
48343,1221,8785
48344,1096,19532
48345,1121,18235
48346,635,11867
48347,1708,13054
48348,735,2533
48349,165,576
48350,935,12454
48351,649,7898
48352,280,982
48353,850,19306
48354,1663,8413
48355,963,9805
48356,86,5264
48357,1939,16286
48358,512,10594
48359,1025,7997
48360,843,12944
48361,1852,3699
48362,612,16651
48363,127,13900
48364,191,6127
48365,1231,5081
48366,795,12925
48367,1869,18507
48368,439,2182
48369,220,11381
48370,1833,16177
48371,120,12512
48372,392,14705
48373,1751,13934
48374,516,18155
48375,19,11614
48376,1343,9038
48377,48,13838
48378,462,5562
48379,1698,2708
48380,794,15710
48381,574,1249
48382,878,11284
48383,1052,12220
48384,1225,14125
48385,607,11769
48386,1969,10692
48387,1151,4583
48388,584,19127
48389,768,2627
48390,43,19279
48391,1821,15771
48392,336,11286
48393,440,19868
48394,221,13935
48395,1711,10158
48396,1807,10113
48397,1999,15813
48398,1679,17230
48399,1224,11508
48400,1030,6707
48401,63,13379
48402,1146,3095
48403,1708,15658
48404,763,9183
48405,940,10449
48406,1284,1906
48407,1567,8440
48408,1304,3270
48409,722,6465
48410,1292,15431
48411,1475,15274
48412,1487,13526
48413,1207,15906
48414,1602,17419
48415,1555,13071
48416,1218,17686
48417,537,8427
48418,1317,17000
48419,1235,16292
48420,1569,5776
48421,1707,3245
48422,601,9958
48423,622,7407
48424,1600,11460
48425,1510,12373
48426,775,12281
48427,1622,14216
48428,433,3246
48429,1834,3510
48430,1036,19253
48431,1138,8005
48432,1398,7198
48433,426,5577
48434,1411,11835
48435,1826,8070
48436,227,6955
48437,1162,9717
48438,1653,726
48439,1234,17581
48440,1272,10822
48441,1628,5198
48442,1052,8522
48443,453,3741
48444,1296,13805
48445,23,18018
48446,366,1960
48447,775,9413
48448,1910,9284
48449,856,17399
48450,180,9584
48451,1449,13309
48452,730,3792
48453,499,8338
48454,1458,16857
48455,1709,15434
48456,1971,2737
48457,1356,18097
48458,1653,2252
48459,1841,11513
48460,1162,15340
48461,408,6789
48462,97,2449
48463,955,6383
48464,658,9088
48465,1285,11700
48466,79,12116
48467,286,18500
48468,129,1939
48469,1431,14215
48470,219,10222
48471,538,16177
48472,1367,10111
48473,506,9524
48474,403,13826
48475,1304,2235
48476,639,17919
48477,320,3320
48478,1721,2603
48479,433,12287
48480,190,10478
48481,745,685
48482,1434,3419
48483,567,8248
48484,1939,1295
48485,1286,19796
48486,395,1862
48487,1030,7475
48488,354,10632
48489,675,9862
48490,1544,11821
48491,1483,2736
48492,854,17233
48493,1834,7882
48494,1397,16011
48495,1041,9937
48496,1753,7283
48497,986,17976
48498,1486,3854
48499,445,11830
48500,1349,3630
48501,189,6786
48502,1915,10757
48503,837,18992
48504,8,6694
48505,1773,6789
48506,96,13383
48507,1744,11048
48508,1505,8042
48509,185,1206
48510,1570,9943
48511,298,13585
48512,551,6137
48513,871,17612
48514,1062,12714
48515,1849,14154
48516,826,721
48517,1447,7139
48518,1514,9750
48519,1091,8705
48520,1820,3819
48521,1192,18456
48522,416,11582
48523,1865,15955
48524,1550,8797
48525,544,14150
48526,837,15310
48527,1421,12945
48528,1242,11841
48529,1942,6807
48530,746,4548
48531,486,10617
48532,1869,7760
48533,757,8518
48534,226,14827
48535,1936,10412
48536,788,19977
48537,384,17941
48538,690,5945
48539,1220,9067
48540,896,8354
48541,1833,14162
48542,1180,9992
48543,1909,7073
48544,855,18774
48545,309,6349
48546,193,14256
48547,1682,13550
48548,1880,10896
48549,1752,13014
48550,1657,14026
48551,1254,2382
48552,191,3866
48553,94,10715
48554,1125,12620
48555,1769,14947
48556,483,6406
48557,957,10060
48558,1779,10755
48559,65,7784
48560,1380,15583
48561,704,1398
48562,498,10876
48563,253,18818
48564,441,18183
48565,811,14842
48566,91,6632
48567,634,8352
48568,177,10817
48569,881,5551
48570,420,8197
48571,148,6135
48572,891,5661
48573,854,8568
48574,332,3286
48575,1971,7163
48576,319,16426
48577,1046,19475
48578,1107,379
48579,354,9802
48580,219,2250
48581,1239,17072
48582,1817,1583
48583,588,8589
48584,109,16550
48585,24,4885
48586,1404,2867
48587,404,13220
48588,1924,6445
48589,1836,18368
48590,1462,11980
48591,344,9256
48592,905,15958
48593,554,705
48594,1232,16994
48595,1031,14496
48596,88,5738
48597,525,5183
48598,1873,8533
48599,1950,16397
48600,1100,931
48601,1564,380
48602,166,1828
48603,431,2534
48604,1878,11355
48605,1219,9917
48606,1619,17463
48607,1987,6699
48608,334,18292
48609,582,12946
48610,1849,13975
48611,237,4192
48612,52,8213
48613,1163,2345
48614,1203,101
48615,1236,6901
48616,1595,7223
48617,550,11841
48618,77,17528
48619,1329,218
48620,1117,3093
48621,1570,6240
48622,1701,8977
48623,965,17690
48624,1453,7332
48625,369,16601
48626,1631,11149
48627,1762,12933
48628,659,2053
48629,1575,11084
48630,888,14068
48631,293,9489
48632,437,18278
48633,1647,8642
48634,588,13711
48635,1287,3916
48636,870,4097
48637,398,19926
48638,1116,5335
48639,67,5729
48640,1237,7156
48641,1662,16256
48642,1084,14078
48643,1119,7361
48644,1683,18629
48645,1003,9660
48646,1463,8077
48647,336,13655
48648,1364,6138
48649,1394,3990
48650,42,12797
48651,356,7296
48652,1933,14444
48653,1541,16961
48654,1790,11573
48655,139,15251
48656,1716,17551
48657,812,10265
48658,365,10692
48659,128,12830
48660,1367,5286
48661,1164,10197
48662,1276,6146
48663,1442,7636
48664,373,12319
48665,171,4215
48666,437,5617
48667,1905,228
48668,916,9689
48669,1274,12134
48670,558,17447
48671,191,19791
48672,1454,349
48673,592,16021
48674,354,15723
48675,1920,10638
48676,750,9996
48677,1415,17258
48678,830,19227
48679,505,3783
48680,1907,12622
48681,1978,3960
48682,1219,2385
48683,585,16809
48684,867,16238
48685,1067,17453
48686,345,19307
48687,250,19692
48688,802,13729
48689,214,6090
48690,1549,963
48691,1029,44
48692,382,15267
48693,448,14950
48694,1341,5354
48695,994,10905
48696,155,19478
48697,1736,8631
48698,1962,9451
48699,297,9967
48700,1464,6892
48701,752,5942
48702,526,964
48703,1270,14865
48704,412,14775
48705,1429,5563
48706,1565,11452
48707,1538,626
48708,1433,15973
48709,583,9562
48710,689,5207
48711,746,9571
48712,281,100
48713,686,10245
48714,1391,11031
48715,530,6854
48716,623,606
48717,1894,11683
48718,95,16604
48719,50,12054
48720,1569,18954
48721,36,8516
48722,1732,14759
48723,91,18494
48724,1299,11447
48725,1019,17067
48726,1208,8927
48727,120,16796
48728,1869,11702
48729,1383,8143
48730,1276,1870
48731,197,1693
48732,390,1647
48733,33,4718
48734,859,12111
48735,739,11926
48736,1548,2342
48737,1973,2786
48738,190,6078
48739,842,2259
48740,445,13718
48741,1498,10600
48742,1026,10349
48743,1966,15901
48744,285,13275
48745,1350,7206
48746,338,6179
48747,838,4418
48748,1187,11009
48749,565,5007
48750,997,11540
48751,254,12585
48752,384,8278
48753,682,15735
48754,882,18433
48755,551,4826
48756,1856,13499
48757,1753,17597
48758,1333,4267
48759,422,8822
48760,1355,15811
48761,1309,8647
48762,456,9561
48763,681,145
48764,710,9797
48765,1295,4997
48766,1755,4558
48767,926,16541
48768,646,18755
48769,1602,10111
48770,445,1711
48771,559,17751
48772,1490,2880
48773,1179,12025
48774,136,3714
48775,1126,13349
48776,1945,7180
48777,978,11634
48778,1921,2251
48779,1542,5163
48780,773,18832
48781,620,11563
48782,662,6919
48783,296,2317
48784,971,19562
48785,181,15172
48786,915,19975
48787,1346,5844
48788,1926,18145
48789,1598,8260
48790,1898,15453
48791,503,18366
48792,1773,11869
48793,1928,5369
48794,289,17263
48795,1784,3605
48796,841,8246
48797,71,14457
48798,1011,7912
48799,128,6833
48800,520,1305
48801,1711,3541
48802,497,7531
48803,232,8555
48804,1875,9239
48805,1257,6784
48806,90,1818
48807,1648,18774
48808,442,11816
48809,909,17921
48810,1810,17921
48811,903,18857
48812,1659,7929
48813,111,12376
48814,1173,8435
48815,1982,7091
48816,1006,14087
48817,682,10896
48818,308,8091
48819,1638,6252
48820,1202,1146
48821,1645,3610
48822,1925,283
48823,518,5752
48824,303,17091
48825,736,19117
48826,565,18663
48827,803,12962
48828,415,16483
48829,1329,6786
48830,1607,4340
48831,739,4663
48832,598,14493
48833,1458,11323
48834,614,4644
48835,430,14912
48836,916,15323
48837,1114,5191
48838,297,842
48839,552,12850
48840,362,5797
48841,391,10573
48842,1858,17345
48843,1318,2031
48844,1423,6988
48845,1839,19657
48846,1297,10359
48847,242,3253
48848,694,19996
48849,939,7936
48850,1389,4520
48851,80,17941
48852,1365,3965
48853,1088,14901
48854,1037,6498
48855,323,1953
48856,1527,2377
48857,1404,15370
48858,1428,9145
48859,329,9849
48860,286,8458
48861,1789,11951
48862,1884,12787
48863,291,4541
48864,1570,1022
48865,947,1916
48866,986,4868
48867,224,3032
48868,171,14393
48869,1473,9588
48870,514,7972
48871,381,17028
48872,775,3409
48873,359,19212
48874,467,11913
48875,1624,18883
48876,347,8828
48877,23,6893
48878,1643,2257
48879,851,4450
48880,367,17045
48881,1411,13167
48882,1055,6624
48883,204,153
48884,1610,14566
48885,1580,1710
48886,1701,18675
48887,1786,7350
48888,971,2556
48889,583,4578
48890,339,5057
48891,138,15446
48892,341,14600
48893,402,1620
48894,1146,17480
48895,1601,17698
48896,469,3822
48897,1708,17865
48898,1844,4261
48899,1365,19057
48900,1663,9910
48901,1727,4112
48902,1681,17840
48903,860,15591
48904,705,19564
48905,793,5503
48906,313,2907
48907,672,15965
48908,52,18045
48909,326,18435
48910,1320,16622
48911,1901,15362
48912,1366,13864
48913,547,13745
48914,1567,4115
48915,1807,677
48916,1006,7867
48917,774,2007
48918,1357,17847
48919,304,12923
48920,853,10346
48921,1904,15095
48922,642,9206
48923,1791,16432
48924,376,4209
48925,173,2317
48926,1987,4052
48927,1900,15099
48928,1370,10275
48929,392,5434
48930,1101,14546
48931,1510,9623
48932,300,2192
48933,1692,3205
48934,1100,9506
48935,63,18716
48936,1814,1879
48937,322,4928
48938,585,3180
48939,1495,2267
48940,1720,12292
48941,788,1332
48942,1722,15187
48943,1731,4026
48944,159,8399
48945,1361,5006
48946,944,1122
48947,1203,1675
48948,872,4768
48949,1449,8711
48950,1957,8993
48951,1855,5717
48952,910,17666
48953,1884,16605
48954,289,1582
48955,1408,16374
48956,645,863
48957,781,884
48958,1369,3207
48959,92,13081
48960,544,10762
48961,239,4520
48962,1771,18301
48963,1647,12114
48964,677,2200
48965,1894,838
48966,522,3539
48967,1174,16943
48968,623,11660
48969,1215,13093
48970,128,12683
48971,437,2183
48972,1949,9799
48973,1092,13831
48974,512,9438
48975,1712,17528
48976,169,6498
48977,1117,17516
48978,388,8558
48979,864,18451
48980,931,10636
48981,162,13
48982,1117,8662
48983,358,6547
48984,1155,18589
48985,112,8823
48986,1872,4392
48987,56,9016
48988,63,3852
48989,509,3412
48990,1165,12570
48991,277,12204
48992,906,18110
48993,1085,7921
48994,951,8463
48995,213,11720
48996,1633,15960
48997,1817,8213
48998,945,5714
48999,1365,2779
49000,126,11757
49001,1845,14025
49002,1695,9892
49003,1724,3339
49004,1521,1808
49005,1239,4167
49006,1839,16856
49007,222,3106
49008,1175,19927
49009,1484,13729
49010,398,13551
49011,578,13065
49012,1245,982
49013,1874,11694
49014,1717,10721
49015,1110,13508
49016,1755,5388
49017,873,14234
49018,1331,4777
49019,759,9315
49020,682,3764
49021,945,2996
49022,201,2730
49023,1428,16096
49024,1272,462
49025,585,801
49026,1307,306
49027,128,10438
49028,102,5370
49029,461,6680
49030,573,1419
49031,977,17670
49032,401,47
49033,555,8219
49034,14,14400
49035,1457,10717
49036,1335,3166
49037,666,10689
49038,274,9895
49039,11,10359
49040,455,3511
49041,1380,2415
49042,764,15996
49043,780,481
49044,1859,9749
49045,1732,9017
49046,863,2786
49047,1974,15542
49048,791,14632
49049,961,13190
49050,1580,1010
49051,1739,7081
49052,1360,6134
49053,768,16526
49054,1459,6235
49055,163,2751
49056,71,1539
49057,791,10941
49058,103,11554
49059,571,12259
49060,1824,8531
49061,1629,18601
49062,1557,10159
49063,234,8772
49064,195,19715
49065,1083,7155
49066,1375,1840
49067,1296,7608
49068,1306,19729
49069,1862,8942
49070,323,6595
49071,1917,10802
49072,925,3486
49073,1322,14702
49074,1159,18681
49075,1580,7276
49076,1741,11722
49077,1128,6361
49078,450,4553
49079,1746,7099
49080,1976,4212
49081,514,9921
49082,1750,3030
49083,541,7209
49084,392,18009
49085,173,9352
49086,1779,4666
49087,1420,14022
49088,676,8392
49089,985,4063
49090,863,3893
49091,855,14456
49092,837,11500
49093,1284,19644
49094,713,11338
49095,333,1274
49096,1929,11297
49097,1700,13698
49098,53,7822
49099,207,3397
49100,931,16617
49101,120,2034
49102,117,18412
49103,303,19261
49104,1923,7206
49105,751,16816
49106,1232,1080
49107,57,19322
49108,51,9330
49109,1162,1666
49110,1689,11255
49111,463,15857
49112,485,7012
49113,1648,3599
49114,403,11967
49115,1787,11413
49116,1634,8357
49117,1783,7635
49118,857,5168
49119,768,3800
49120,874,4533
49121,256,5946
49122,124,11062
49123,784,7303
49124,805,17851
49125,193,7273
49126,1975,7362
49127,347,19289
49128,1856,10896
49129,447,16027
49130,138,5926
49131,193,7658
49132,1971,13557
49133,1889,4021
49134,1205,15586
49135,964,10533
49136,507,9453
49137,1704,1745
49138,633,188
49139,329,16172
49140,1152,398
49141,1125,16492
49142,247,11308
49143,1075,13509
49144,77,17350
49145,241,6868
49146,1562,7047
49147,1920,5290
49148,615,15468
49149,1149,11730
49150,1400,2279
49151,1133,3675
49152,480,10656
49153,685,9391
49154,1137,18218
49155,1195,14806
49156,296,16144
49157,513,6277
49158,1334,9124
49159,1681,10511
49160,617,18343
49161,1336,4631
49162,1400,13561
49163,828,19762
49164,1389,19073
49165,630,13268
49166,1045,2150
49167,1393,12237
49168,1751,14987
49169,1244,17287
49170,322,12202
49171,288,1168
49172,1772,13641
49173,1722,3671
49174,1627,312
49175,1427,14631
49176,493,12019
49177,679,8624
49178,50,6119
49179,991,10378
49180,1202,18754
49181,313,13431
49182,1077,869
49183,1814,16465
49184,1178,3490
49185,1716,14328
49186,1734,2975
49187,1769,14517
49188,1313,13988
49189,418,19981
49190,1632,3829
49191,15,19785
49192,677,165
49193,1951,12368
49194,267,9178
49195,129,14866
49196,1215,4494
49197,1442,17282
49198,403,18139
49199,1827,5608
49200,1647,18495
49201,1039,14651
49202,274,5694
49203,594,13376
49204,1295,12483
49205,542,10846
49206,1503,8654
49207,356,5976
49208,1752,4208
49209,351,17137
49210,54,16585
49211,1995,17792
49212,381,12075
49213,668,16317
49214,1396,18209
49215,862,373
49216,241,11806
49217,211,8965
49218,401,18495
49219,464,18229
49220,67,9140
49221,1540,2018
49222,1638,4237
49223,1912,8607
49224,1606,14451
49225,64,14402
49226,114,1503
49227,1042,16411
49228,839,6040
49229,1660,11214
49230,967,5761
49231,457,11218
49232,1817,6160
49233,1011,5714
49234,311,12825
49235,701,4767
49236,87,4583
49237,1959,13947
49238,819,8967
49239,1971,175
49240,1150,15639
49241,1932,4187
49242,1286,6010
49243,1097,354
49244,1662,13119
49245,187,18268
49246,1876,11307
49247,1331,18586
49248,1031,10940
49249,1407,806
49250,441,10027
49251,395,532
49252,494,5801
49253,1427,16269
49254,1283,4706
49255,1009,7234
49256,833,4731
49257,1218,1524
49258,1265,3115
49259,1399,8298
49260,672,10122
49261,39,11792
49262,919,17766
49263,956,4294
49264,1020,8456
49265,205,16889
49266,1284,1058
49267,794,7174
49268,1661,6865
49269,660,4012
49270,519,4731
49271,87,15706
49272,97,12338
49273,1071,3549
49274,542,11175
49275,207,4883
49276,1539,11945
49277,1536,17382
49278,1202,14809
49279,1995,6878
49280,468,16865
49281,1239,13428
49282,219,1938
49283,1237,16881
49284,1059,2110
49285,1956,7568
49286,1263,17178
49287,1815,7718
49288,1923,12248
49289,1022,14881
49290,1682,10085
49291,748,7872
49292,108,16568
49293,911,12519
49294,1881,7833
49295,122,3932
49296,973,4348
49297,838,3665
49298,1494,9698
49299,45,16926
49300,1373,862
49301,1211,5454
49302,961,11091
49303,299,11995
49304,988,18496
49305,1482,11052
49306,356,7319
49307,1264,1065
49308,358,19458
49309,1137,11364
49310,305,18991
49311,1568,11823
49312,212,1625
49313,216,6450
49314,543,8603
49315,1061,6820
49316,319,7185
49317,1690,10443
49318,142,3456
49319,993,19565
49320,646,6158
49321,1639,4070
49322,1167,5529
49323,1129,9246
49324,1376,5781
49325,1098,15064
49326,145,399
49327,826,515
49328,1041,1586
49329,1266,19122
49330,568,17084
49331,1120,8317
49332,1492,1162
49333,447,16944
49334,1027,4566
49335,1182,627
49336,733,1745
49337,120,1044
49338,799,15690
49339,808,2890
49340,727,10788
49341,1773,8301
49342,304,2708
49343,787,6886
49344,1778,9402
49345,1640,11298
49346,302,5976
49347,144,10627
49348,448,11801
49349,519,7854
49350,1064,19713
49351,653,19550
49352,1933,2203
49353,86,13902
49354,703,1200
49355,1682,12654
49356,630,1020
49357,812,19317
49358,1015,14637
49359,1284,16309
49360,179,3743
49361,670,14954
49362,812,17621
49363,801,4592
49364,123,11091
49365,554,15010
49366,718,2589
49367,689,16485
49368,1729,299
49369,1457,4542
49370,1451,622
49371,1103,1477
49372,1122,1340
49373,1068,5813
49374,185,1326
49375,655,15779
49376,1919,1762
49377,339,14850
49378,563,4396
49379,1547,420
49380,701,10517
49381,252,4965
49382,455,7762
49383,659,17630
49384,889,7887
49385,1137,9696
49386,866,19868
49387,924,13478
49388,653,17751
49389,1413,16380
49390,1842,19807
49391,1221,14883
49392,1795,4301
49393,1173,14324
49394,1432,13199
49395,1481,2329
49396,1515,10854
49397,858,6274
49398,311,14873
49399,1337,2543
49400,24,2945
49401,1017,17247
49402,1480,16655
49403,135,1101
49404,795,5485
49405,936,3215
49406,276,9296
49407,1744,17700
49408,531,1269
49409,681,15283
49410,918,7137
49411,325,7453
49412,1930,137
49413,987,16855
49414,1780,14937
49415,1025,10179
49416,207,11917
49417,314,18662
49418,1079,14681
49419,674,3175
49420,1873,17416
49421,1923,18469
49422,1455,13689
49423,1333,1268
49424,1035,13353
49425,713,7654
49426,1526,13859
49427,1894,10025
49428,1989,10824
49429,918,2735
49430,732,16431
49431,1600,2764
49432,1474,14553
49433,889,3693
49434,735,16358
49435,99,6858
49436,1873,2522
49437,924,6388
49438,882,7208
49439,293,11427
49440,1012,12309
49441,1417,7711
49442,465,4443
49443,89,11080
49444,1866,13948
49445,1998,9569
49446,1534,10954
49447,99,19800
49448,65,19633
49449,77,9046
49450,1305,17639
49451,959,15077
49452,86,12385
49453,1531,17397
49454,286,6074
49455,495,7943
49456,333,7380
49457,1554,8319
49458,1671,9968
49459,385,6585
49460,770,14369
49461,238,16610
49462,1136,4206
49463,1132,16123
49464,878,12352
49465,1251,17567
49466,700,19211
49467,1589,14361
49468,1289,1885
49469,1798,6485
49470,880,2249
49471,578,15413
49472,12,383
49473,1473,7597
49474,1905,523
49475,1734,502
49476,1086,4516
49477,33,14477
49478,938,7820
49479,610,10079
49480,774,19047
49481,1101,16353
49482,1087,12036
49483,361,13254
49484,434,15711
49485,536,608
49486,884,8099
49487,519,10333
49488,1205,16621
49489,738,10028
49490,1193,8441
49491,1726,15510
49492,1308,5348
49493,1950,4934
49494,1915,11314
49495,835,11803
49496,238,5422
49497,815,2508
49498,1103,9124
49499,464,12201
49500,1879,5745
49501,1467,1680
49502,657,14562
49503,662,16303
49504,1893,843
49505,717,5357
49506,247,2264
49507,198,9709
49508,435,18149
49509,882,17712
49510,1128,17850
49511,174,6887
49512,146,16255
49513,1337,13256
49514,196,5530
49515,119,7637
49516,1441,1
49517,1219,18693
49518,1048,6001
49519,611,1651
49520,1717,4089
49521,593,6399
49522,870,14720
49523,1256,3499
49524,1884,10912
49525,1977,2163
49526,1031,520
49527,950,19807
49528,678,10250
49529,185,16480
49530,100,12040
49531,1338,3301
49532,797,11110
49533,892,13375
49534,737,12364
49535,1648,1680
49536,1117,207
49537,1180,998
49538,1562,14937
49539,1906,2316
49540,1228,17873
49541,1802,10398
49542,1571,118
49543,1322,19363
49544,1375,5694
49545,310,4081
49546,1322,19501
49547,1080,5405
49548,12,12576
49549,845,14043
49550,1331,2864
49551,1820,1721
49552,796,12541
49553,430,14111
49554,914,17182
49555,665,11788
49556,892,18994
49557,979,3110
49558,1429,193
49559,173,3745
49560,884,797
49561,1224,13252
49562,1568,17048
49563,803,4983
49564,282,11872
49565,1757,4496
49566,1952,19037
49567,1940,3777
49568,1539,219
49569,1930,11157
49570,1139,3270
49571,863,10489
49572,816,12241
49573,1554,11740
49574,628,13935
49575,14,10469
49576,1616,8929
49577,103,7856
49578,1113,2825
49579,425,1287
49580,960,9715
49581,1462,2437
49582,1007,17144
49583,459,14766
49584,245,6173
49585,1191,7846
49586,663,11662
49587,1287,4806
49588,466,908
49589,382,10532
49590,663,1693
49591,913,19439
49592,754,14353
49593,32,13664
49594,908,16564
49595,237,19323
49596,1078,11964
49597,1414,3217
49598,1842,15126
49599,1286,12560
49600,414,12198
49601,207,4596
49602,1553,5335
49603,994,8352
49604,1339,10560
49605,1561,18521
49606,292,1974
49607,812,14264
49608,303,11903
49609,1852,2976
49610,771,19554
49611,1317,9889
49612,671,18400
49613,24,13798
49614,316,9537
49615,1042,17406
49616,1685,11692
49617,1511,14540
49618,336,18858
49619,1883,6904
49620,1959,3606
49621,1622,761
49622,1167,19173
49623,1971,16790
49624,1590,19794
49625,315,8998
49626,704,2836
49627,502,19809
49628,923,9927
49629,1582,7428
49630,1627,19474
49631,121,15872
49632,1453,7722
49633,1919,12330
49634,645,14162
49635,1966,7747
49636,1705,2909
49637,645,9091
49638,199,15080
49639,1579,18225
49640,1861,17452
49641,56,10232
49642,505,3530
49643,536,4224
49644,181,1817
49645,25,13889
49646,32,4653
49647,1144,16943
49648,1202,3269
49649,271,186
49650,44,13919
49651,102,3133
49652,1802,4560
49653,1712,3408
49654,1526,6438
49655,945,7455
49656,615,8530
49657,1361,19956
49658,262,6018
49659,1574,979
49660,10,8557
49661,1797,19664
49662,728,15013
49663,1891,18994
49664,1988,13952
49665,603,7582
49666,677,4475
49667,219,2663
49668,906,11072
49669,355,9241
49670,1661,6259
49671,1598,4157
49672,1342,8694
49673,1853,17387
49674,405,14127
49675,464,19204
49676,1272,17873
49677,412,8757
49678,462,16930
49679,710,6543
49680,90,15251
49681,167,4649
49682,1033,10192
49683,679,16870
49684,646,10608
49685,149,2070
49686,636,9894
49687,797,5995
49688,136,18225
49689,1960,446
49690,1843,11926
49691,1976,15337
49692,1430,6070
49693,1107,7053
49694,316,1183
49695,1752,14549
49696,325,6033
49697,813,7009
49698,6,16155
49699,292,16757
49700,1419,8808
49701,333,17189
49702,144,12295
49703,1382,16112
49704,11,5303
49705,13,10966
49706,1309,18942
49707,1674,747
49708,1922,3372
49709,29,10021
49710,562,10338
49711,1876,6917
49712,951,8246
49713,521,10128
49714,1144,18938
49715,1476,10667
49716,1188,7480
49717,447,14043
49718,1596,907
49719,1410,12312
49720,865,17667
49721,835,18682
49722,1889,13695
49723,655,7129
49724,1907,1332
49725,204,17883
49726,935,343
49727,1473,6520
49728,497,17682
49729,1287,12596
49730,912,12498
49731,1084,2025
49732,183,15619
49733,1694,765
49734,1028,15083
49735,1271,19616
49736,731,9909
49737,333,12130
49738,854,18432
49739,768,8282
49740,137,2534
49741,1302,9998
49742,1885,12839
49743,1475,7936
49744,990,1164
49745,1927,18783
49746,442,11026
49747,1120,11598
49748,1184,17774
49749,706,2001
49750,1514,17867
49751,1620,8393
49752,1775,14250
49753,424,14202
49754,1435,15230
49755,108,11053
49756,747,10400
49757,1252,13042
49758,783,4561
49759,644,3663
49760,1001,15363
49761,22,11986
49762,1982,7883
49763,974,12793
49764,661,15944
49765,388,14246
49766,389,5949
49767,584,6431
49768,1583,5793
49769,408,15923
49770,1237,13795
49771,1885,8054
49772,1585,5138
49773,167,8662
49774,1970,10126
49775,1349,7284
49776,1367,11158
49777,1475,3440
49778,249,8736
49779,529,19574
49780,898,3671
49781,835,11465
49782,997,18946
49783,454,14789
49784,1040,1546
49785,1422,16964
49786,320,10663
49787,1043,6644
49788,1111,18704
49789,958,636
49790,732,6578
49791,187,9892
49792,685,4742
49793,575,17397
49794,1164,8769
49795,718,19501
49796,873,12608
49797,842,18645
49798,1556,6808
49799,1084,5282
49800,255,445
49801,297,16200
49802,154,8263
49803,1403,9960
49804,1200,5316
49805,1385,1303
49806,1621,2177
49807,1717,7976
49808,1389,6921
49809,1508,12648
49810,626,12192
49811,1522,12243
49812,419,493
49813,204,12578
49814,467,4113
49815,1047,19943
49816,884,1425
49817,1732,18146
49818,1652,7677
49819,1154,15325
49820,1716,17250
49821,987,10490
49822,1417,4296
49823,1464,3841
49824,170,17367
49825,1248,2942
49826,80,3643
49827,1408,19353
49828,292,12003
49829,1358,16482
49830,1955,16519
49831,1787,15613
49832,71,15331
49833,784,7968
49834,416,10972
49835,379,11357
49836,1981,10160
49837,1226,7409
49838,431,1125
49839,534,15733
49840,716,4477
49841,1578,1268
49842,1890,11896
49843,812,3210
49844,741,11580
49845,1372,3110
49846,686,18173
49847,908,1642
49848,158,13288
49849,348,19814
49850,1379,7634
49851,1846,8882
49852,1257,573
49853,1657,9707
49854,416,1801
49855,1953,11573
49856,1401,2123
49857,1836,18121
49858,1632,15497
49859,663,4064
49860,1761,10251
49861,1416,14268
49862,1060,17580
49863,877,15971
49864,1789,7719
49865,582,3886
49866,1196,6643
49867,789,15373
49868,173,16782
49869,1200,5376
49870,1250,4851
49871,419,4145
49872,837,12886
49873,1073,11318
49874,990,6377
49875,1054,5608
49876,752,12278
49877,1440,18560
49878,3,17888
49879,85,14698
49880,1091,3166
49881,411,8685
49882,818,19102
49883,762,17344
49884,1824,18698
49885,1921,2400
49886,988,4886
49887,1258,14644
49888,1565,19870
49889,1493,11680
49890,1805,12035
49891,1563,8156
49892,1734,18834
49893,1578,370
49894,1589,5666
49895,979,13103
49896,1242,210
49897,1528,9777
49898,136,2691
49899,1094,14785
49900,1491,11138
49901,1983,9661
49902,248,2949
49903,1956,6127
49904,860,11519
49905,167,7833
49906,67,7950
49907,867,4887
49908,491,14392
49909,1270,5754
49910,1383,18159
49911,170,19013
49912,1231,2952
49913,1525,8506
49914,1629,6597
49915,843,15767
49916,80,17408
49917,382,8660
49918,421,12830
49919,1687,6382
49920,1184,1493
49921,1260,11879
49922,73,18124
49923,1602,18575
49924,795,7687
49925,1426,10642
49926,1796,6841
49927,865,17518
49928,1793,19275
49929,1429,7618
49930,409,6575
49931,818,4675
49932,285,18584
49933,1066,1593
49934,1510,9841
49935,131,3535
49936,1432,10420
49937,1716,8306
49938,860,14267
49939,1712,2578
49940,1894,19023
49941,920,17267
49942,1366,226
49943,1182,16708
49944,1437,16338
49945,1345,6165
49946,1745,16579
49947,1953,18063
49948,480,3118
49949,584,502
49950,1653,14980
49951,1215,1876
49952,999,6430
49953,840,14027
49954,1065,1814
49955,909,348
49956,170,3741
49957,382,18781
49958,1331,14918
49959,1167,12395
49960,1479,12596
49961,396,3258
49962,1728,1939
49963,1947,373
49964,1556,15781
49965,676,9681
49966,476,13826
49967,50,8264
49968,1099,7283
49969,1180,3555
49970,1464,1732
49971,1954,19519
49972,1941,7841
49973,434,5226
49974,208,16375
49975,947,15004
49976,1260,10384
49977,1157,15672
49978,1689,6064
49979,379,359
49980,85,17477
49981,589,11548
49982,659,18755
49983,951,14279
49984,1587,17517
49985,1781,4659
49986,240,19130
49987,542,2506
49988,1064,13107
49989,268,18515
49990,1659,18219
49991,333,9545
49992,276,9561
49993,534,17832
49994,1793,9288
49995,1203,6110
49996,771,11517
49997,1383,13655
49998,1968,15884
49999,1522,2849
50000,1857,9832
