"id","email","password","username"
1,"darjanoskova@example.net","xViEblDM@6","frolgorbunov"
2,"germanseleznev@example.com","MBD7y2hc*9","aleksandr84"
3,"ekaterina_1998@example.net","V1EAK0td(S","agafjamironova"
4,"ermakovanina@example.com","E_5F+Xte0e","jan40"
5,"rromanova@example.com","%2+f5Ss@)F","ilja83"
6,"tribakov@example.org","V+7MkHdFI)","valerjan_22"
7,"silanti_1987@example.com","X*z8Ap85FH","solovevaevpraksija"
8,"taisija_28@example.com","Y0I27Btx)!","voronovharlampi"
9,"svetozar24@example.com","b+8v5F2vo^","avksenti2001"
10,"samson_1973@example.com","!G82NjYRx7","veronika55"
11,"ponomarevaveronika@example.org","dz15bB3yc%","svetlanajakovleva"
12,"kallistratshchukin@example.com","7uP3qKLrC@","bolshakovkonon"
13,"ignatevbudimir@example.org","(kLy4Av(J!","fedorkozlov"
14,"georgi45@example.net","(sLa5vvq3c","karl11"
15,"solomon_53@example.org","13&VCJj9@g","svetozarovchinnikov"
16,"bogdandanilov@example.net","x1z$4PhqK&","nbaranova"
17,"pahomovafekla@example.org","TaVNTI5i+8","kjakusheva"
18,"sidorovsavva@example.org","Xhy*26Jkrx","zahar32"
19,"vorobevprokofi@example.org","L99N3rOq$P","angelinagrishina"
20,"azari91@example.org","gKU2JXmy_S","anatoli1983"
21,"danilovaevpraksija@example.net","^tjEt4NxbN","zhanna1997"
22,"avgust_86@example.net","0t8EQD4CR$","gilina"
23,"allasavina@example.com","wd*q0Ffnp#","lavrenti_1982"
24,"vsevolod2009@example.net","L#Qr4Zg)d@","bronislav_07"
25,"evstafi1977@example.net","MvOJXIw9+0","miron2016"
26,"porfiri1987@example.net","1uA$5Oy!oc","kliment53"
27,"irina1971@example.com","^3)&+AFH8x","kostinlev"
28,"ipati1976@example.com","+#7%!VCv)C","annalihacheva"
29,"mironovterenti@example.com","&UU8UlzV7^","samson_2007"
30,"allanosova@example.net",")Uy0Mm2TJ1","agafjakostina"
31,"polina_39@example.net","al5KP_4n+l","radovan1980"
32,"amvrosi_2011@example.org","9YC6ey%a@8","nikanor41"
33,"rsharapova@example.net","f^5*D@ju#1","kondrat63"
34,"pavlovstanislav@example.com","jQ)9nBkRr$","eremealekseev"
35,"safonovustin@example.org","+9f$L6tvMN","karp2011"
36,"oveselov@example.com","X79u3MMjr)","orestilin"
37,"noskovfoti@example.net","+!NaN0c*Y5","karp_09"
38,"knovikov@example.org","*bD%XTJ#9d","nikolaevazinaida"
39,"uljanabikova@example.com","H75K_WlL^M","porfiri_1988"
40,"antoninaignateva@example.org","O$C4PivK!z","pankrati1986"
41,"evfrosinijaegorova@example.org","Or#6NROj_7","aristarh2015"
42,"anani1994@example.net","*W9w$PoFrK","suvorovjuvenali"
43,"samsonovsolomon@example.com","%aY31cmw5u","ninel91"
44,"ljubomirmartinov@example.net","ml5&AIwcv&","emilijapahomova"
45,"nonna_2009@example.org","#w1XIpb&%@","kromanova"
46,"birjukovandronik@example.org","$i&QmJa6@3","uljanustinov"
47,"fevronija1983@example.com","dV0+Sqs)_+","averjanbolshakov"
48,"ipati_2013@example.com","G#+)1Bib0O","ipati_36"
49,"izjaslav_2023@example.com","J9n+ixLp#^","galaktion_53"
50,"mefodi1972@example.com","L*81NbDscb","bojan_77"
51,"seliverst49@example.net","Q__5UZcSKD","julija_67"
52,"izmail_1981@example.com","$9ZdcNfn&N","demid1971"
53,"dmitri2021@example.net","OA9NEa#Lv#","ivanovaivanna"
54,"antoninterentev@example.net","*7ePaXvwsc","sofijapetuhova"
55,"emilija2010@example.com","$2GXJrHAHG","parfen_04"
56,"kazakovaagafja@example.net","$rGYVsKR#2","blinovaljubov"
57,"svetlana94@example.org","$4VBa0Uo&A","evstafi05"
58,"klavdijavoronova@example.org","4q&2LJi+dj","beljaevaakulina"
59,"rjurikmelnikov@example.com","a^*2!Kc6(L","agapsamsonov"
60,"gavrilovorest@example.com","!aAsQJqSn2","cnoskova"
61,"rozhkovaelena@example.org","e1DWAdF8#9","belousovafaina"
62,"martinovamarfa@example.net","$^M4%Ogor5","ninakulakova"
63,"xkuzmina@example.org","$d0NHId13^","baranovamaja"
64,"hariton54@example.org","@G1aEr7aX^","frol_1987"
65,"tnesterov@example.com","XeS&Ww^F^0","beljakovaagafja"
66,"nadezhdakonstantinova@example.net","9FyL_3Lf&$","valeri62"
67,"leonid_24@example.org","+HoHwKn$0p","lapinfoti"
68,"ermil92@example.org","k_0O33fVj(","emil01"
69,"nikifor77@example.com","#ohHXsh(^2","sinklitikija_20"
70,"gordeevavksenti@example.org","C@05D!2oK1","platonzaharov"
71,"fmamontova@example.com",")3LAeXd)DO","akulinamuhina"
72,"ratiborshashkov@example.com","Jml7V0du1^","nstepanov"
73,"wblohina@example.net","yUQlbxlV+1","nikonovaninel"
74,"paramon1985@example.net","(78_PNnSsQ","martinovaekaterina"
75,"loralobanova@example.net","@iZs#9@(8t","luka_65"
76,"timur1987@example.org","PmBP5NTjC&","glafirapetuhova"
77,"pzinoveva@example.org","^+jFPbwY4$","ikuznetsov"
78,"feofan2008@example.net","jhaC6E1oL$","feklasafonova"
79,"karpovaksenija@example.org","hUj^s7Ag@1","romanovsavva"
80,"eliseevafevronija@example.org","+1Mx@vRJIA","tverdislav_79"
81,"tatjana51@example.com","Oo@7H9I1&%","dobroslav_1988"
82,"isakovaelizaveta@example.com","&l4nKNk(p2","evgraffilatov"
83,"morozovarkadi@example.org","^d(1pLXtri","ermakovvsemil"
84,"adrian94@example.net","g+LC4tx5(R","trofimovaanastasija"
85,"janbobilev@example.org","t2B)WHCk+y","karp_1983"
86,"cegorov@example.net","X@F3YObw^w","ipati_1981"
87,"iosif1995@example.com","h0rHaa^U!7","harlampilihachev"
88,"vladimir_34@example.com","_LR8Nt8*+%","afanasishilov"
89,"kolobovsofon@example.org","!!6A7zkMTy","braginakim"
90,"ninelkopilova@example.net","5tAQ&0Mr*4","lazardjachkov"
91,"dobromislmerkushev@example.com","$P5Zm!*dl*","turovaekaterina"
92,"xrozhkov@example.com","^)G3DKts4j","komissarovavalerija"
93,"nikitabogdanov@example.com","7Xl4KUNwC(","simon_46"
94,"konstantin_32@example.net","Cvcs5XuK*j","cheslav21"
95,"lobanovleonti@example.org","*!ZOG#sS6r","polina2006"
96,"martinshcherbakov@example.com","$!2!@CSdu5","valerisobolev"
97,"petuhovmstislav@example.com","+9vDl__0nA","oktjabrina1983"
98,"evfrosinija2023@example.org","*0QmoAtu*1","makar_1986"
99,"reginazaharova@example.org","HNxy3YlwB%","vera81"
100,"hovchinnikova@example.org","_1W5pg%Fhc","wfedoseeva"
101,"panovleonid@example.com","q_6WBgTmo^","anzhela1982"
102,"ykotov@example.com",")u!Xrkbmy5","antonin_60"
103,"martjan_61@example.net","^n5XY7pXH_","fedorovspartak"
104,"afanasi14@example.com","tQ4KUJcj+1","afinogenmihalov"
105,"komissarovaalla@example.com","S_6Rj7CzX3","vasili_39"
106,"naumkolesnikov@example.net","j(3hsBhUAL","bojan_33"
107,"galinadavidova@example.org","y_9Thu%tPs","nikanor_30"
108,"miron1978@example.com","70XL5)qg+V","noskovkornil"
109,"nadezhda1999@example.org","%43Cv!fLpW","militsalarionova"
110,"anzhela_2011@example.org","&4XZg9b*Sf","visheslavsitnikov"
111,"ljubosmisl2018@example.org","Y(B3jnooZG","naina2007"
112,"rostislav_1974@example.org","1w@&GVDg_x","artemevaakulina"
113,"ilarion_2013@example.org","4INgL4Bo_P","kondrati67"
114,"karl_50@example.com","#2l6yWMubH","taisija66"
115,"olimpiadashilova@example.org","!8YETNiyLZ","amossuvorov"
116,"pdementev@example.org","uvQxNomB$2","rsisoev"
117,"ekaterina1995@example.net","J(8MU0Ml_R","florentindoronin"
118,"viktorijabolshakova@example.net","@fnxy5Xw(^","ivan_69"
119,"andreevajulija@example.org","+1CvU%Rr*t","adrian2012"
120,"mili_24@example.com","^9I_Ic+F52","ymedvedeva"
121,"akolobov@example.net","v03UolG%Z@","termakov"
122,"elizavetavinogradova@example.org","o#G)(eYS#5","mechislavpoljakov"
123,"anisimovaglafira@example.com","+$3DAU3G!x","kulaginagap"
124,"shestakovsolomon@example.net","e2@gMFV+@t","rgushchina"
125,"emmanuil_43@example.net","S^X4!Wd&*R","flazareva"
126,"kiragavrilova@example.com","^x6L%ObM$9","bvinogradov"
127,"gavrilovaevpraksija@example.com","7%Ok3XrzWo","nestor27"
128,"rmironova@example.net","r%KR4K@v1e","filippovavalentina"
129,"tihonovavera@example.org","T+M3E7Crh(","izot_2018"
130,"matve_09@example.com","Jg@9)GUowu","elenagushchina"
131,"lavr63@example.com","_oIvu@lE0F","kuzma_56"
132,"ninamihalova@example.com","*kJ9AQrvgW","ninel_19"
133,"evstigne_32@example.org","1M&8FIcy^o","bgerasimov"
134,"varvara2013@example.net","i7@q$7CcDt","suhanovamargarita"
135,"savva2011@example.net","(N4*lHqn4b","natan_75"
136,"potapovanisim@example.org","#)A5UPFgUi","gorshkovaemilija"
137,"anikita1984@example.com","WL3Zzcpo%&","gavrilovantonin"
138,"asergeev@example.org","Nc8&bpNxK$","ekaterinaanisimova"
139,"ilja78@example.org","+TG#+pOz60","agge61"
140,"shilovkapiton@example.org","k!*2L%^rjA","gennadi_66"
141,"kopilovaraisa@example.org","K62F8AjM(q","omoiseev"
142,"nikanor_99@example.net","&+NCumco5r","suvorovmilen"
143,"ekaterinadoronina@example.net","$#j3O4aIn$","ninel_1995"
144,"julian60@example.com",")zCN(sCy(5","samuilsimonov"
145,"tshirjaeva@example.org","!Rd@2ZyEa@","ilja_77"
146,"nikita48@example.com","4*8h+EZvU%","gushchinspiridon"
147,"luchezar1989@example.com","viEt*Hhu(6","agafonovasofija"
148,"nazardementev@example.org","H54cx3IzE+","foma_05"
149,"fekla_50@example.com","$@qK&WqXq3","bojanjakovlev"
150,"kallistrat1988@example.com","+A63LPk@W3","avtonom_97"
151,"natan_1985@example.com","Qq$d1F*lOW","georgi_63"
152,"georgi_2025@example.net","^pf^MpLt1H","valentin1985"
153,"anani45@example.net","!2@XLJAhDd","melnikovleonid"
154,"lukjan49@example.org","RYO7rlFz)9","hvladimirova"
155,"orlovazari@example.org","_9QYh4tUxZ","zikovanadezhda"
156,"innokenti1972@example.net","^^Eub3Mz(0","nifont46"
157,"olga96@example.org","J*Z1wVubOT","feliksshubin"
158,"gleb_2006@example.net","zR6qWsiqY*","valerjan29"
159,"spartak25@example.org","IiYfgopj+6","ninaguljaeva"
160,"anastasijadrozdova@example.org","&fO)8Yg@1G","adrian1980"
161,"emeljanovavtonom@example.net","!60OquTv$w","januari1998"
162,"xsharapova@example.org","h$)I1Kw*wc","elena87"
163,"aleksandrmaksimov@example.com","_G3NqgVu93","gordeevgennadi"
164,"sergeevajulija@example.net","hZZ5oE4j@^","viktorijagorbunova"
165,"aleksandr_01@example.org","&8lQobq%AV","zhannaodintsova"
166,"ninakulikova@example.com","*DEwhrSt8U","majapotapova"
167,"marija_84@example.net","JK84myKlI+","marinamakarova"
168,"julijanesterova@example.com","&ZulPmm8i3","nikandr_1970"
169,"sofijamatveeva@example.com","&4hXfobYe2","larisasergeeva"
170,"titovamarfa@example.org","5%^9X8foeD","oktjabrinadenisova"
171,"avksenti_30@example.net","(PS#%Puo1B","marian1997"
172,"terenti03@example.net","Hpp#5Js)jX","darjapahomova"
173,"shchukinavera@example.org","@7zyLBXsj&","azari2003"
174,"valerijagerasimova@example.org","c^l9!+xqsN","ignati_64"
175,"gerasimovrodion@example.net","u^Z8HJz@Ro","nadezhdakrilova"
176,"tsvetkovsimon@example.net","+gp#XRy$@2","ibolshakova"
177,"beljaevaregina@example.org","^HaGk86c24","paramon_11"
178,"alekse_46@example.org","_@KVaaQFI4","krasilnikovavera"
179,"kopilovvlas@example.net","m*pw7G!f7&","akulina_04"
180,"maksim_1982@example.com","!7X1_RbW4G","adrian_1993"
181,"allasorokina@example.com","8O9BlHtIB+","tvorimir04"
182,"aleksandr_1991@example.org","E8vbTg$o)Y","elena_1980"
183,"oksana1994@example.com","O4PZC4ee)U","prohor_1987"
184,"agata11@example.net","4(gVCer)+T","ustinovvsemil"
185,"porfiri1986@example.com","#FjDVh1rl5","solomon_1995"
186,"roman98@example.net","!2OrUyLxmm","denisovadarja"
187,"ribakovdmitri@example.com","3$3DZpzNMp","oleg_25"
188,"fedorovapelageja@example.net","(BB8n7ZdkZ","askold_2018"
189,"efremovmartin@example.org","N_4Yn)gh5#","chernovantonin"
190,"ljubosmislsuhanov@example.org","!_6IrtFc$0","guri2023"
191,"savelevantonin@example.com","KfD2YOab&6","osipovborislav"
192,"ernestkudrjashov@example.com","dPDe5BKt$1","aristarh09"
193,"antoninatihonova@example.org","343#gANe!7","antonovleon"
194,"zinaidanikonova@example.net","JW7gQ@AiU(","wribakov"
195,"pavelmihalov@example.net","SYd2rTHsh$","askold2023"
196,"serafim_2007@example.com","&BHxst)x!6","parfen1975"
197,"zhannamorozova@example.net","+)x2Qxon4!","reginasisoeva"
198,"avde64@example.com","7M6C5CukT+","filipp00"
199,"julian_46@example.org","#l8pyV+xzk","anatoli_86"
200,"pantelemon_1994@example.com","@6xYZZr79*","blinovvsevolod"
201,"buvarov@example.org","%qRPPm#q*5","pimenabramov"
202,"pelagejatsvetkova@example.com","(1YOTk*YfZ","militsa59"
203,"emelnikova@example.com","sA2hMe+r+@","loginovelizar"
204,"nikonovelise@example.net","P41SUi_ZK_","viktor_2017"
205,"krilovakira@example.net","G2)zNWZt^e","alinashubina"
206,"eduard72@example.com","*FBWiwBS#5","drozdovradovan"
207,"grigorevalidija@example.net","$3KATwXo(V","igor1999"
208,"akulinafrolova@example.net","CZ12Eo#ma(","iraklimamontov"
209,"bikovpavel@example.org","+3AxBqNIw8","aleksandr_2023"
210,"vasili_1996@example.net","Mz4KOOYoM!","lavrenti1996"
211,"blinovavtonom@example.com","h8y0WPno$$","karl67"
212,"oksana_40@example.net","^92JcLLfx^","zinovi_1993"
213,"orestefremov@example.net","z(i4CSkNp#","pantelemon_2013"
214,"miheevseev@example.org","_t1&A&hU!e","dorofeevaverjan"
215,"jakub2005@example.com","ltZeX53C$2","lobanovaemilija"
216,"nesterovavalerija@example.com","ZLYM8Xb%(*","andronik1977"
217,"vissarion22@example.org","&_4I4N!f)4","sinklitikijaevseeva"
218,"nazar_34@example.com","*rdNOtVi6V","akulinaanisimova"
219,"anzhela_12@example.net","CM&49UZm$0","komissarovafinogen"
220,"terenti2013@example.com","%c7gC^qzzh","morozovspiridon"
221,"fevronijauvarova@example.net","@jR$i$v3w0","rodionovavalentina"
222,"andronbeljakov@example.com","#SqJ#1Na4z","arhip_36"
223,"maksimiljan_1992@example.org","$95aSIloO%","pankrati_95"
224,"femeljanov@example.com","(42CkJlIwe","anzhelakoroleva"
225,"vorontsovamarija@example.com","_2E)kM(hVO","evpraksijasoloveva"
226,"cheslav_2015@example.com","Te1Ggyzl^#","rdorofeev"
227,"markovamilitsa@example.com","n)4WnnFq7d","azari_67"
228,"tretjakovmiroslav@example.com",")0#vf^#cY7","vera_2012"
229,"spahomova@example.org","))UVumvHt3","qsafonova"
230,"hrodionova@example.org","_#r%7cJp0V","kazimir_1985"
231,"kulakovtimur@example.net","X3WMRkcn^9","marfakalashnikova"
232,"iraklibelousov@example.net","A3rlMyb7(*","kirillovakira"
233,"luchezar_1977@example.net","#_aKNhAhF8","eermakova"
234,"varvara1987@example.com","A@qWeOY5Pc","regina1988"
235,"arefi_36@example.org","yo(Q4SgmRu","ldjachkova"
236,"aevseev@example.net","(70SJv5!p1","sorokinaanzhelika"
237,"mir1999@example.com","5hRkEcJ2$j","kim_36"
238,"izjaslav2007@example.org","&C3OyAxZ$f","nikodim_1970"
239,"valentina_2023@example.net","23%HeT5((Q","ershovantonin"
240,"nikandr86@example.org","+mN&Fswt04","angelinashashkova"
241,"oktjabrinaustinova@example.net","$E2rJSDrv%","feliks_2017"
242,"eliseevaanna@example.net","G6z^RJI_(r","raisaefimova"
243,"german05@example.net","p#X1Dp75j5","larisasorokina"
244,"svetozar_1979@example.net","^S*ZR4Dl(z","evlampitsvetkov"
245,"gavrila_06@example.org","el3Lurq##4","zatsevadarja"
246,"boriskudrjashov@example.com","(4blO@ZtpG","karp2023"
247,"nadezhda_39@example.net","CV2nXqI#@F","sblinov"
248,"shubinafekla@example.org","#c3!Vhz$J_","kolobovaija"
249,"miroslav_2024@example.com","55J@9kBh!d","timur_59"
250,"gorde_1998@example.net","00v6Ghvv_+","danila_1971"
251,"frolovdenis@example.com","cYs!FJuK_6","frol2025"
252,"ladislav_84@example.com","JT8CdoHx@v","martjan2001"
253,"imorozov@example.com","46gOTOsf*9","avksenti80"
254,"polikarp_2015@example.net","q)Pj0FlAEv","andrejakovlev"
255,"naum_76@example.org","n(B6BQWjZx","marijanikitina"
256,"silanti1980@example.net","#eA$WF0p(4","zinaidamaksimova"
257,"radislav56@example.org","56Xj79gx#N","vsevolod52"
258,"jakov_1997@example.net","#7I+43QwUe","hohlovjaropolk"
259,"panfilvishnjakov@example.net","@l_c2M)fs%","bojanlebedev"
260,"fominaelena@example.org","G+1SpBhWAz","vladimirbeljaev"
261,"bmartinova@example.org","9rPETgXq@2","lidija11"
262,"spartaksharov@example.com","M*995Ow&_P","praskovjamiheeva"
263,"kostinaelizaveta@example.org","i(10RJrQg+","karpshestakov"
264,"valerija_15@example.net","8ForAxan(X","alina1988"
265,"olimpi2000@example.net","n6*3rSl+yC","karpvorobev"
266,"bshilova@example.net","5k*g3Std3J","moke18"
267,"varfolome_08@example.org","_5yrGGrlQ#","narkiskondratev"
268,"vasilikononov@example.org","*bF_zZFAK1","evgenija2026"
269,"militsa69@example.net","M^44OsMuh!","marina2006"
270,"tverdislav1999@example.com","&cLNZ4zf^8","proklkomissarov"
271,"veragorshkova@example.com","s+y03#Du)X","avksentikotov"
272,"artemevzinovi@example.com","oJ!44Pxon)","kazakovdorofe"
273,"ziminamilitsa@example.org","!!OOFddc7w","anna_89"
274,"kliment42@example.org","!7IB8jAmTg","tmartinov"
275,"agge75@example.net","#m2ZldX2Tm","marija_80"
276,"kiselevadam@example.org","Cu3QzoiLx$","milibaranov"
277,"ljudmila32@example.com","&rUKBF87+5","lobanovveniamin"
278,"evfrosinija44@example.com","K^6JZNJoR(","borisovnazar"
279,"vikentikomissarov@example.net","h#Dj0ILggS","mamontovboleslav"
280,"tarasvlasov@example.org","H^mn16wu2R","natalja65"
281,"arhip2001@example.com","R*CDtc2gwP","kazimirnikonov"
282,"pankrati_1987@example.org","1juP!2Znfk","ylavrentev"
283,"ofrolov@example.org","Y5pkO4m#)f","kuzminaalina"
284,"karl_1981@example.com","O5Y5QHAf#k","filaret_1988"
285,"fedor30@example.net",")#)$4AzhPV","kirill2019"
286,"porfiri_1988@example.net","!2CtbLFk0a","feliks52"
287,"eduard_39@example.com","HU4eUKytC^","uljana1971"
288,"vladilen1996@example.net","T)5AISDe0m","semenovaevpraksija"
289,"ijajakusheva@example.org","F+9WFeiw+i","ahohlova"
290,"feliks18@example.com","xPaNprk!_5","moke1980"
291,"kozlovaevgenija@example.com","#mNyJEEo2t","kalininavgust"
292,"belozerovaanna@example.com","@4v^GbkA_V","aleksandrovavalerija"
293,"spiridon_2012@example.org","C9ICkpbY#e","julijaefimova"
294,"elizavetaorehova@example.com","2gCs52RT_g","xnikonov"
295,"baranovmilan@example.net","+7XlN_Fhe^","svetlana54"
296,"praskovja_33@example.org","Ph7CxuH@$e","egorovmilen"
297,"igorgusev@example.net","%62Gul%L&c","egor2008"
298,"matveevtrofim@example.com","+3I0ZfZ5c8","demjan_64"
299,"taras26@example.net","_Q^CaBcO4D","anisim_19"
300,"tkarpov@example.com","VVI6Jd)o_8","sofija2002"
301,"suhanovdorofe@example.net","9gz)FTCg%m","stanislav_66"
302,"tsvetkovradovan@example.org","q_F0Ct+ZVo","shashkovaklavdija"
303,"pelagejakrjukova@example.net","HZ4nVBEag%","fedosi_1988"
304,"naina93@example.com","l7KtNC!b_2","molchanovaviktorija"
305,"zshcherbakova@example.net","@XZG+5&hA2","lazar_1980"
306,"lidijagorshkova@example.org","F^V33Gtdrb","filipp_1984"
307,"belousovasvetlana@example.org","D8_dMAQc$S","nikiforovmoke"
308,"panovaeleonora@example.org","iVQGL8Dv(p","hdenisov"
309,"nikanorsitnikov@example.com","bOc1s3NfN*","emmanuilgrishin"
310,"akulinapanfilova@example.net",")7c)1wSYq#","cmedvedeva"
311,"klavdija32@example.net","FFNtzD2d*0","fevronija2026"
312,"sinklitikija2019@example.com",")4DLoXyA7B","konstantin_21"
313,"alinaovchinnikova@example.org","(Ny%Q2Az9W","cheslav2008"
314,"darjazhdanova@example.org","Zp5Cqm7cG)","silinvissarion"
315,"nikodimkiselev@example.net","*sb7CqVsW!","tihon2008"
316,"bazhen_45@example.com","u(Aov9!l9W","sokrat2023"
317,"belousovaanastasija@example.org","26CMsoN#**","yvoronov"
318,"verakrjukova@example.net","I*e5Uvgu#Y","tamarasubbotina"
319,"baranovmark@example.org","Q)4JWb6ar6","ernest2007"
320,"zinovi43@example.net","&vU%tUz!E6","naum_2024"
321,"sinklitikija_2006@example.net","&%FjfNrb96","anikita11"
322,"lavr12@example.org","(3b0XnAa4q","orehovajulija"
323,"rjurik_28@example.net","qf%8MnnqQy","izmail63"
324,"azari_87@example.org","#lNtWmjX4m","dmitrievkasjan"
325,"gushchindemjan@example.net","*KAdzJUsb9","knjazevatamara"
326,"januari_1998@example.org","0WKCwRqA#j","pelagejaefimova"
327,"avgust_24@example.net","W3YPl_Uh$X","blinovmiron"
328,"solomon_65@example.net","(unUsYa&!3","mihail89"
329,"stojan27@example.com","#00TyCvid7","vladimir55"
330,"haritonovaelizaveta@example.com","*tKw2CtA)*","ovchinnikovdenis"
331,"jakovlevagalina@example.org","(yzLCOZ6s^","mstislav2009"
332,"glafira_1970@example.com","Da51X(b%)n","lavrenti32"
333,"rpopova@example.org","U(3nW%ll8J","solovevkim"
334,"pimen_20@example.org","Fe9VS_&qI)","firs23"
335,"shilovaevdokija@example.net","^51XJoubY3","kapustinavera"
336,"silvestrkiselev@example.com","&f4xRbg6Hi","emilmelnikov"
337,"pkononov@example.net","v(#WFpRw)7","evdokija17"
338,"kazimir_82@example.org","u1Y6BOhdQ#","lapinaanna"
339,"borislav_51@example.com","^f*sz5Wp^h","fedorovapolina"
340,"evpraksijaagafonova@example.com","7iGBYY%s(J","ebobilev"
341,"ljudmilagrishina@example.org","03Ea(RBM(4","solomonivanov"
342,"arkadi_82@example.net","csxWSL1f@9","kornilkarpov"
343,"srogova@example.net","E5SnfzmP_@","konon1975"
344,"galaktion42@example.net","yo+8IIj9nh","marian_99"
345,"panfil42@example.net","Azc@OkJU*5","evpraksijapanfilova"
346,"sidorovkarl@example.org","Gi8KYh_VZ_","tatjanamaksimova"
347,"moise_2000@example.net","98hPSgQ#(r","kovalevsidor"
348,"georgi29@example.com","+)5QKp(saM","tihon_02"
349,"semennovikov@example.org","(l_f8Ubn6e","nikanorsimonov"
350,"gremislavmolchanov@example.com","4LM0TH8s&+","kiselevasvetlana"
351,"shchukinaksenija@example.com","u*p2ZUIeZt","varvarablinova"
352,"agafjaloginova@example.org","#WC8SmnT&6","raisavorontsova"
353,"jaropolk1999@example.org","n^nu6MxrH2","ykononova"
354,"david1979@example.com","lmap$6Fn4$","kondrati_1980"
355,"antonovaregina@example.com","6LPC7WMbu+","pelagejashilova"
356,"andronik_2011@example.net",")3EcaWVf_m","naumovprokl"
357,"zikovnarkis@example.org","KU1pJDz!+(","vishnjakovlongin"
358,"klavdija_2006@example.org","X7Z0BzLS*g","dorofe55"
359,"gavrilovepifan@example.org","$02JUDc^C1","kallistrat_88"
360,"ynikolaev@example.com","NpcO_ldC#5","ipatdanilov"
361,"karp_78@example.com","qt2y5Xqr!U","borisovdmitri"
362,"vasilisaselezneva@example.com","O)L8VTmd#Q","loranekrasova"
363,"german56@example.com","_F17PISv7+","ivannaturova"
364,"ljubim1992@example.net",")1Xk%QvdS4","evse_2004"
365,"efimovevstigne@example.org","+RY5bW9eSf","tverdislav1984"
366,"anikitastepanov@example.org","$kM)swobI6","avtonom1970"
367,"ermil_2011@example.net","x71EGLNr%u","timur69"
368,"uzatseva@example.com","6K(0Qn8dvu","samolovafanasi"
369,"budimir05@example.net","1dAkV9ii#s","savinasofija"
370,"vladimirovbronislav@example.com","!UbbB3Bsd!","wvladimirova"
371,"agatapoljakova@example.net",")12pGkgKfD","emilija_72"
372,"panovafaina@example.net","*r7X5f#Zq@","kkosheleva"
373,"kbaranov@example.net","S+ZDA3Hvms","potap1974"
374,"vladlen_20@example.org","$0DOaDwLBd","avgust78"
375,"kornil1994@example.com","Wyx9MJw_C^","agafja51"
376,"avdegavrilov@example.net","!_mf3Xii4I","fedottrofimov"
377,"silvestrblinov@example.com","(b*AnSKn4d","agafon39"
378,"varvaragorbunova@example.org","oi25VVYn^6","sila_1995"
379,"iraidakulagina@example.com","#R23UkRk+$","apollonvladimirov"
380,"proklsidorov@example.org","#HoAzdn(V5","feofan_09"
381,"efremovnikita@example.com","@G&1Yr*z%F","alevtina2015"
382,"seleznevafevronija@example.com","EqtV3Fn%*y","boleslav26"
383,"pimen29@example.net","^5wZ61nfHJ","selivan14"
384,"savvati2011@example.org","%aBIYDKKn3","beljakovaoktjabrina"
385,"lavrenti29@example.net","RY63H^(l()","ljubovdenisova"
386,"parfen2000@example.com","$3@l9CcnM4","fekla28"
387,"vladimirteterin@example.net","P@0(AnWC$s","emilija_1978"
388,"prohor2000@example.net","cx)c2AHqBB","gorde_1971"
389,"marian2006@example.org",")K1bkIBure","martin_1986"
390,"filatovasvetlana@example.org","v@$9XmYt7D","avksentikalinin"
391,"arefi_1975@example.org","t^8YCNv3^s","gerasim2004"
392,"sidorovtvorimir@example.org","v+2LIVgjv8","turovaakulina"
393,"rjabovaalla@example.com","!5KDW*wCQk","xgusev"
394,"zosima44@example.com","&NKA6Kpmo6","hsimonov"
395,"averjan_1984@example.net","$4ZUzNu8sv","rjurik_1970"
396,"majastrelkova@example.com","Kq64)JxM6!","julijanikonova"
397,"antip_72@example.net","3^p9Z^d9CH","boris47"
398,"uljana70@example.com","t5991GEf^!","birjukovatamara"
399,"andron56@example.com","*ql@QJj_B9","antonovorest"
400,"grigorevmaksimiljan@example.org","_#Sky7Jtsa","kuzmashestakov"
401,"evgeni97@example.org","y3j7LtZe_Q","eguseva"
402,"samsonovasvetlana@example.org","HgCWZ0^v$3","akulina_2018"
403,"foma_1993@example.com","e5pClGkc#M","angelinabespalova"
404,"lebedevaanastasija@example.org","q_7I@ZevQi","glafiraodintsova"
405,"zojalukina@example.net","9F$Qa7Ft&7","isidor62"
406,"isaevaemilija@example.org","xM84Cv)+++","dementevostap"
407,"andron_65@example.net","^(A0EJT5q2","adanilova"
408,"nikodim60@example.org",")f32aIrbC4","efim_94"
409,"poljakovnikola@example.org","EU7HAb%j#D","filatovsavvati"
410,"amos1987@example.net","QoNWVULa#1","leliseeva"
411,"kornilovvarlaam@example.com","D4(30Zbv+r","gpahomov"
412,"morozovafekla@example.com","zj5_TL+lE%","ilintverdislav"
413,"tpotapov@example.org","Q$6oRWs7y(","adrian_42"
414,"angelina07@example.org","nx%9K(%kcT","kovalevaalevtina"
415,"wzhukov@example.com","D9)t4WiehE","evgeni_2006"
416,"olgatrofimova@example.net","oAMdITzD_3","angelinavasileva"
417,"inikitin@example.net","H9I1UZj9()","pestovnikon"
418,"wnaumov@example.org","dS5C0cf89_","gostomisl_1974"
419,"sevastjankomarov@example.net","yFb86a6pi)","vladimir1992"
420,"fedorovjuvenali@example.net","Ct%r78Id+A","isisoeva"
421,"avksenti_1984@example.com","^uEiLfUA9*","german54"
422,"alina2016@example.com","_(@M4pV(0T","narkis2002"
423,"melnikovanikita@example.org","OVGuJn7F+7","stojanhohlov"
424,"mstislav2022@example.com","tB(7YXvAr0","sinklitikijakonstantinova"
425,"ippolit_33@example.org","V$8g9Qpc*@","ferapont2023"
426,"foka1979@example.net","%+bg2QYa$w","fadeevsigizmund"
427,"varvarafomicheva@example.com","FbK3xTtV5(","david_2000"
428,"anikita_1981@example.net","tSwc5BQa2*","samolovanatalja"
429,"platon_2008@example.com","!NrL2I$v8w","darjasaveleva"
430,"makarovaoksana@example.com","$@7rUbGL5h","allafrolova"
431,"annaignatova@example.org","!1$Rpd%Ij+","agafonovaevgenija"
432,"nikonovaanzhela@example.net","IV5Kf(xa$w","agata1993"
433,"sevastjan90@example.org","I_2Y63encE","rzinoveva"
434,"borisovmarian@example.com","!SW7VOmm+@","venediktsisoev"
435,"kmedvedev@example.com","+v5QNk(e9Q","saveli1978"
436,"tkomissarova@example.com","8+g9Qtri9w","makar90"
437,"agafja86@example.org","I8_vfSlo+5","medvedevaalina"
438,"gremislav53@example.org","9!#O7Nbz*Q","filatovernest"
439,"merkushevustin@example.net","V3QZPGOp+v","kim24"
440,"ignatevaevdokija@example.com","!d)cEPXl02","tihonovdemid"
441,"tatjanakulagina@example.org","6lg8L3ST%a","mstislav_2018"
442,"prohor19@example.org","g9LUHJjz_8","agafja53"
443,"marija_2012@example.org","+bLs%$+Pl6","rozhkovljubomir"
444,"regina1973@example.net","^%MY54Qu79","nainaribakova"
445,"tamara_2010@example.com","*6QDt#z5C5","mkomarova"
446,"panfilovaagafja@example.com","Up7Ns&@r#3","jkrilov"
447,"vladilen_93@example.org","@lPlzAym^3","anani34"
448,"bazhen_2005@example.org","4+mN4KvzxJ","ruslan1972"
449,"anani_1975@example.com","*jzaH)Ih5T","burovjanuari"
450,"upahomov@example.org","tXN81BhO#K","viktorin_2008"
451,"mbobileva@example.com","f_D(1Rtp^_","kmartinov"
452,"oktjabrinanaumova@example.net","9H#0H5ea$O","denis_1993"
453,"kuzma2010@example.net","_n9Ue&1$St","grigorevsolomon"
454,"askold20@example.com","%4I%MV0jEQ","kallistrat_20"
455,"porfiri2011@example.net","6KbJD4zw$9","innokenti_1974"
456,"veronika_1993@example.org","Wh643Zbx*#","agge1989"
457,"ponomarevkondrati@example.net","zz79UtKvw*","mihail_2025"
458,"gleb_1979@example.net","$hKHIzp#6k","kolobovvaleri"
459,"zinovevanaina@example.org","69P7f^Ax)A","amos_04"
460,"popovaviktorija@example.com","CCX7TQv2)1","ippolit37"
461,"erast1998@example.org","v&si2_Xsr6","kir_69"
462,"lora27@example.org","M*O0N5lUg%","gremislav_26"
463,"tamara21@example.org","8P)0B+FbNI","feofanmuravev"
464,"kulagineduard@example.net","*06DCVbw@t","sokrat99"
465,"fainarjabova@example.org","%N0FZDGqmz","pestovamargarita"
466,"averki61@example.net","_MCKlDBJo5","lukijajakovleva"
467,"paramon_2019@example.org","@XQ@rSn)1f","borislav_1997"
468,"gavrila1979@example.org",")A3F^lctN2","efremovgleb"
469,"mili2024@example.com","+1HxIRx5et","valentina1987"
470,"narkis31@example.net","OI&%X9Fy3R","arhipaksenov"
471,"kabanovsaveli@example.com","n2Z%9oLs$s","blinovstepan"
472,"filipp_04@example.net","!1qQovGb%M","samsonovanikita"
473,"norehova@example.org","8YKw8Uqj@+","nadezhdapotapova"
474,"litkinataisija@example.com","KW%06JoO4Z","fedotovairaida"
475,"agge2016@example.net","HrTYXc&l*0","qknjazeva"
476,"adenisova@example.org","I0ILX39w@_","evgrafmishin"
477,"svjatoslav_90@example.org","Ha4#3Bv^&z","ninakalashnikova"
478,"terenti_74@example.com","2of@47Dbw+","vasilisailina"
479,"bikovbojan@example.com","@QbFw%3F30","mamontovamaja"
480,"averjan35@example.org","kMu$IlG0*3","gveselova"
481,"regina2006@example.net","1^3pZoMbgy","avde90"
482,"lora_31@example.org","#)i8QAkqaU","subbotinernest"
483,"evlampi1972@example.org","%8PpQix)^@","aristarh_49"
484,"galina_35@example.com","%45T4As$hw","kopilovevdokim"
485,"tatjanaantonova@example.com","Z4C2SlDi@b","tatjana82"
486,"qpotapova@example.org","%Aw4J&YeBs","dbogdanova"
487,"galina_2025@example.com","GD(7ZrbGCJ","bguseva"
488,"savva1992@example.net","CvSF3Clp!8","ruslan_2013"
489,"epifan2010@example.net","#nz@Db_#b9","ksenijamolchanova"
490,"nikolaevazinaida@example.org","H%54&VqH)%","birjukovagalina"
491,"foti51@example.com","EwaG@Vi(#8","miroslav_93"
492,"vladislav2005@example.org","@dLX4R*b7(","sharapovevstigne"
493,"evseevarkadi@example.net","g$QQ5YQx7C","mironovamaja"
494,"dementi11@example.net","y_%A8Xz_kA","ilarion_1989"
495,"moiseevjan@example.net","!b4t4Es0+M","glafira_84"
496,"makar_1994@example.org","!UFKxe6W5T","grishinaakulina"
497,"prov1988@example.com","&I$v8FLwzD","maksimovanatalja"
498,"tihonovanaina@example.net","+R*DJFca7v","nnekrasov"
499,"eduard_1986@example.net","sX&8QSwo1!","jaropolk_1995"
500,"davdeev@example.net","hAm_2Ss0E(","semenovmilan"
501,"gostomisl_48@example.com",")zD$Ceg(z4","annanekrasova"
502,"ipati_2013@example.org","+0bnCLnur1","bolshakovnatan"
503,"kuprijan1981@example.com","Nt!6MHcB%&","dobroslav_03"
504,"onufri41@example.net","ZZ)51NOaDA","platongalkin"
505,"leonid_39@example.org","z&7UzS8Q57","polikarpmaksimov"
506,"evfrosinija_34@example.net","q1kju8gl%V","mvladimirova"
507,"guljaevaagata@example.org","he6LolUC+2","nikanor_04"
508,"marian1992@example.com","1nzutI+p#V","znikolaeva"
509,"tverdislav95@example.org","+ELoFETz_9","nikola_53"
510,"varlaamvladimirov@example.com","Ea4LrKCd!C","lidijadrozdova"
511,"korolevkir@example.net","M%2U86PX8w","gavrila2002"
512,"gorbunovavalerija@example.net","@^yC!AqmU9","julidjachkov"
513,"mihail_42@example.org","#q2#uUSy(4","larionovvalerjan"
514,"uzhukov@example.net","w(YEbcJz$4","evpraksija_37"
515,"ninapoljakova@example.com","(g1PACNti1","romanpetrov"
516,"anzhelafomicheva@example.org","3u&a2Ddtz)","ostap2006"
517,"inikiforova@example.com",")xFVxzMvp0","kovalevevstafi"
518,"vbobilev@example.org","zD5sFkhW_$","ignatevvalerjan"
519,"tkuznetsov@example.com","s_1hgUnHj(","kpoljakov"
520,"zuevzinovi@example.com","b@p7EAq6hi","german_1971"
521,"dorofe_04@example.net","g2IaZli+%q","rmarkov"
522,"tvorimir_2008@example.net","(sQmfp&vn5","komissarovaija"
523,"julijasokolova@example.com","9+kdw7Wp&R","molchanovalidija"
524,"shirjaevairaida@example.com","BQYp#Oz&(0","milan_1988"
525,"ladislav2018@example.com","tBOJk2Jpk#","valerjan_23"
526,"lukija13@example.org","m$gHHe#w*3","zhannaivanova"
527,"dzuev@example.org","%#6P30wiQM","sokratborisov"
528,"silinaangelina@example.com","DDz2iXVq_m","milan2000"
529,"hgerasimov@example.com","Q(nO4rXdFx","nikiforkononov"
530,"naina1977@example.net","!w6NyVQz@n","apollon_1990"
531,"eduardbobilev@example.com","87T^U4Yr@D","ruslan_76"
532,"fbirjukova@example.net","_5qLC!cbs2","ilinaaleksandra"
533,"grishinpavel@example.org","$FQL6AlABg","valerija_1990"
534,"gbolshakov@example.org","g)3VNkXkKi","boleslav72"
535,"rostislav_1981@example.org","&1LJOHq)9M","jfokin"
536,"fstrelkova@example.org","Ia0WKmqs&T","vladilen_1982"
537,"zinovi1973@example.com","jH6+9taxt&","tvorimir_41"
538,"sknjazev@example.com","A6STAjcy*h","makarpahomov"
539,"venediktodintsov@example.net","JI7Y3JKc(^","isidorbelov"
540,"antoninturov@example.net","lgY5Yi%^$0","raisaandreeva"
541,"taisijamatveeva@example.org","08pd^7Tc$h","rusakovanina"
542,"mpetrova@example.org","_9JM(QizQt","ekaterina_61"
543,"muravevlongin@example.org","z4G1)fEQ(+","majakudrjashova"
544,"porfirimuravev@example.com","(1Mx2!Xxz3","trofimovavarvara"
545,"ostromir1976@example.org","!3umoFBpRx","nmolchanova"
546,"shubinporfiri@example.org","!7CJdmiqpk","nikiforovferapont"
547,"dmitri1987@example.org","8n(B3R@b!w","konstantin1992"
548,"zhukovfrol@example.net","@V!a73wsG*","grigorevbronislav"
549,"emeljan_69@example.org","34%qd1WzCs","anisimovilja"
550,"aleksandrovtrofim@example.net","47_8JCdkH%","vsemil1996"
551,"galkinafevronija@example.net","O1cNl2zQ%_","svjatopolk_2002"
552,"gleb_2020@example.com","(pg!1QrbXk","ninelsilina"
553,"samuil2003@example.org","*8YShnJ_)*","kondrat72"
554,"taisija68@example.org","2@ewAbpr##","ljubov22"
555,"lavrenti_66@example.net","t994SDhi#I","xfedoseev"
556,"irinazimina@example.com","$bY$o&At1#","potap_1985"
557,"praskovjazueva@example.org","7R1SSchC#$","evpraksija1978"
558,"ksenijaefremova@example.com","0K5EPXXj$4","nikandr30"
559,"miron2002@example.net","6An+Uyc*(4","arseni_1979"
560,"ilitkin@example.net","3FvX0J4lm@","konstantin_55"
561,"veronikakrilova@example.org","OrO6Rio#3)","zhannapavlova"
562,"arefi50@example.org","k6mCWFh@+A","gostomislsemenov"
563,"zhuravlevmitofan@example.org","!796Sgu5Eq","venedikt1972"
564,"emil_37@example.net","1k2ZsztWD*","zoja_64"
565,"prokofi_50@example.net","_3A+3iCAtm","efrem2017"
566,"prov65@example.net","dCSFm6iV!0","glafira_2015"
567,"tihon1995@example.org","lv8zt4Us*@","nikodim_83"
568,"davidlarionov@example.net","BJZ2OSsj!f","bogdantihonov"
569,"samsonovairina@example.net","1VuU2PZh&9","leonkulagin"
570,"aleksandralitkina@example.com","@1)k)Hhf!w","sokolovasvetlana"
571,"pavlovalekse@example.net","3Hf12%Lei*","avdeevaolga"
572,"titovairaida@example.org","e8u_ZYi@_m","grigorievseev"
573,"radim_30@example.org","RX1(^ESf_&","romanovsvjatopolk"
574,"nonnaorehova@example.org","^e!0HWkS6H","mirkorolev"
575,"rozhkovbazhen@example.org","6tek9DTi)F","nifont2017"
576,"isa80@example.com","4AXgvyg9#D","kuzma02"
577,"savva_79@example.net","FaX1D3nbR!","antip_28"
578,"jakov1972@example.net","#4HUNtxG4x","xtarasov"
579,"raisavladimirova@example.org","bFg&7UgYe%","timurpetuhov"
580,"andre_06@example.org","F5N)4kSyx_","ipatnovikov"
581,"frol_1987@example.org","Z%3fyNib@W","militsa_1998"
582,"zinovevaviktorija@example.org","!7kScYUzt5","gedeon1992"
583,"oktjabrinafrolova@example.org","B0DvM8s4)7","terenti_74"
584,"mihegrigorev@example.com",")W46eM%pz+","milen16"
585,"agap64@example.net","+XfL^l#3a8","xpoljakov"
586,"fkrilova@example.com","T8ZGvnQN#$","kallistrat1999"
587,"uzatsev@example.net","3Se$Y^8*&l","oktjabrinabelozerova"
588,"anisim85@example.org","!s3V8vmeT2","kazimirbogdanov"
589,"naumovnikifor@example.com","4b75Y)XuY%","borislav_10"
590,"belovhristofor@example.org","&LeFpnfY)8","nazarseliverstov"
591,"larisagrigoreva@example.com","A(e07MVghu","arhip_61"
592,"agafjaermakova@example.net","b42u_QQp^n","andronik_90"
593,"fevronijapahomova@example.com","(X2wCe8th8","foma64"
594,"yefimova@example.com","Q^0WK*Iz9G","kolesnikovaevdokija"
595,"beljakovanani@example.net","3XT2cEzg@e","izmail_97"
596,"azariermakov@example.org","%3c%OJbr_I","nmorozov"
597,"agafjamuraveva@example.com","3uEy_hDl+V","timur32"
598,"petr17@example.net","zp%38AlvC+","beljaevaljudmila"
599,"beljaevruben@example.net","+15I%1&ZOp","vladimirovporfiri"
600,"dobroslav1999@example.net","(9NkV858*O","filaret_2016"
601,"sofon_2009@example.com","E*2X1yhMGQ","militsaorehova"
602,"agatakonovalova@example.org","JpSZ$O7x)2","veronika_1989"
603,"bronislav36@example.net","D2N!3So@xL","glafirakulakova"
604,"ernst_95@example.com","_46&IFKIjt","komissarovdorofe"
605,"petrermakov@example.net","^3$F2zKjgn","ermil_2022"
606,"kotovradim@example.com","__cM6Eshms","ljubomirustinov"
607,"zfilippov@example.org","P5o5yUx9b#","erofe_99"
608,"djachkovtvorimir@example.org","B*71LaOlgp","filaret_65"
609,"alekse_52@example.com","yg@0HGdN@_","jakushevsimon"
610,"oksana_1977@example.net","&V!6QTcnY)","glafirasazonova"
611,"varvara_97@example.org","+hp5XSp^(_","hborisov"
612,"feofanzhukov@example.org","_2DoAYnhiH","rostislav60"
613,"fominmiroslav@example.net","!5HhoxIdvr","tihonrogov"
614,"mefodievseev@example.com","c1SYj2It@4","povchinnikova"
615,"mihalovaalina@example.org","&mSBtFn+@8","nikanorkalashnikov"
616,"zarhipov@example.com","@(i7qVjvXw","hohlovafinogen"
617,"pahomovaevfrosinija@example.org","cLAVL8uk$7","zhukovaklavdija"
618,"leonidbelozerov@example.com","m2Uk1j8s(m","longinaksenov"
619,"krilovaalina@example.com","c4X7ZnaN$5","marfabobrova"
620,"ninelbeljakova@example.net","$upoMSCA@0","pavel1991"
621,"evgenijadenisova@example.com","!p3C)yof+r","feoktistjakovlev"
622,"boris44@example.net","_We@6Uu%T&","elena93"
623,"silavolkov@example.com","1RCsR1ll!+","juli_78"
624,"nazar1980@example.org","vb8(lKt)x$","izmail_2013"
625,"vladlen2021@example.net","fU1wIUrx&w","gordeevtimofe"
626,"borislav_55@example.org","vM_k0sSu1*","trofimovaemilija"
627,"serafim_1999@example.org","LM6^zQkY@2","ljubosmisl2005"
628,"kazakovprokofi@example.org","(t3XWMqv)@","frol81"
629,"emilija22@example.org","ph5HSA5c3!","birjukovaanzhelika"
630,"eleonora1973@example.net","b^9VsuG7^g","iraida_93"
631,"militsapetuhova@example.net","++079SVvjw","nestor30"
632,"feliks_1970@example.org","V!U08+rUPR","maja_59"
633,"silantikazakov@example.net","v1CWGoOk)W","pankrati1994"
634,"dsavin@example.net","&301Oz9^+x","paramontrofimov"
635,"amosbelousov@example.com","*VK4VIg#Y2","oktjabrinakarpova"
636,"parfen_1997@example.com","Mk%l4BRaL7","gerasimsafonov"
637,"belousovakira@example.org","%as!8Flbke","titrogov"
638,"radimmerkushev@example.net","C0nkki%e$p","krilovgrigori"
639,"panfilovaivanna@example.org","ViKGTg2s%6","ratmirkulikov"
640,"worehova@example.net","^X2*FpHypp","vikenti_20"
641,"uponomareva@example.com","z1H(dgoG%i","anisim_01"
642,"kondrat1971@example.com","Ue)u56KeUZ","bikovdmitri"
643,"savinsilvestr@example.org","$_YNPf#TP2","sidorovprokl"
644,"prokl_1998@example.org","%1YVbv#vZr","lukjandrozdov"
645,"avdeevemil@example.org","D$W7Vl)p8K","zhuravlevbronislav"
646,"nekrasovmihail@example.net","+y5wJ4tk*)","nainaavdeeva"
647,"olga1991@example.org","(&7dg9ND_f","wbeljakova"
648,"ermil10@example.com",")8R*Gh4&o@","evlampikalashnikov"
649,"kazakovmihail@example.com",")7X4JqVv7M","leon_45"
650,"evfrosinija_2009@example.net","Fw6iSEjOt+","nikola_51"
651,"lorakulakova@example.net","#4PZne+S(9","belousovvladimir"
652,"avksenti19@example.com","O%j4LgwLwE","morozovzinovi"
653,"lidijaponomareva@example.org","L&6LvE9!5a","annablohina"
654,"avgust_37@example.net","B66FV@wa&&","varvara_1980"
655,"ubeljaeva@example.org","y(6^Tywm_q","serafimsobolev"
656,"pelageja1992@example.org","PKB&@lcZ@9","wzinovev"
657,"filippovanina@example.org","5$Gl^han+C","sokolovapolina"
658,"militsa10@example.com","k)7Cz&(MD5","svetozar_2011"
659,"emeljan_99@example.org","2@)+!Ree+2","praskovja74"
660,"ljubosmisl23@example.com","!9FZKhYTOS","timofeevmartin"
661,"nonna42@example.net","*7aEA!psh3","anisim_2015"
662,"luchezar71@example.com","rr9ZMuGk%O","matve_1980"
663,"ernestkazakov@example.org","PI8nG)t0*C","galinaabramova"
664,"ipatirjabov@example.org","i%I%1zMpaL","sorokinratmir"
665,"orlovaksenija@example.com","s$6C%BNvMD","strelkovivan"
666,"rjabovagge@example.net","nsNPKCK5@5","valentina_2012"
667,"evdokim1994@example.net","y2KoMWG*^x","ljubim1998"
668,"budimir_1986@example.org","_DB8ct6%s6","dmitri_03"
669,"milan_13@example.net","*+l^Rtv(A7","zosima50"
670,"haritonovmaksim@example.com","ZDTggCSX@6","teterinmiroslav"
671,"andronik_37@example.net","5^3JfmDu7$","titnazarov"
672,"hmjasnikov@example.net","v90JP^za!K","mpotapov"
673,"rostislav2013@example.com","0$10XkvEHd","margarita_1976"
674,"milovan2021@example.org","BM)7xkVx*!","esubbotina"
675,"marinamedvedeva@example.com","*N*6Tt4kFx","nikola_2007"
676,"mstislavshashkov@example.org","105Bntl1^H","aleksekarpov"
677,"vsevolod04@example.org","+*0i5C)m3o","florentin_14"
678,"amvrosi1973@example.com","7o0OeVWUT&","kuznetsovermil"
679,"verarusakova@example.net","9JUQ*k2M!5","arhip2008"
680,"vladimir_86@example.com","3*j8eoLmsO","petr_41"
681,"novikovaanzhela@example.com","&mIj2Y_y4h","florentin2000"
682,"nataljaborisova@example.org","#Z0n&Nhtm2","konstantinovvladilen"
683,"raisabogdanova@example.org","362Q&eFhm^","vladilen33"
684,"tamarasemenova@example.org","5mOzddpo#+","golubevaljudmila"
685,"stanislavsazonov@example.net","@6$lNTK(ib","pfadeev"
686,"strofimova@example.org","Gu!W8LxiwS","uljan_92"
687,"rodionovsokrat@example.net","9^4PkHIr*2","svjatopolk42"
688,"anani_20@example.net","^9aM3xEoN0","ksenijapanfilova"
689,"gavrilovhariton@example.org","U&#M3WrjPQ","jakub_1999"
690,"igordrozdov@example.net","*Z4rNFpyEt","arhipovafevronija"
691,"iosif1988@example.net","hULff@mu@5","leonid12"
692,"jaropolk2009@example.net","1y+z2Y5p2N","andre07"
693,"ljubosmisl_39@example.com","^94KKfpzrl","qvladimirov"
694,"ustrelkova@example.org","*0Dyy0hnnX","kuznetsovprokl"
695,"ermola_24@example.net","UvtXvVUy*1","ermola_1970"
696,"polina_2015@example.org","%1XL_rYd!v","majaagafonova"
697,"sfrolova@example.org","#311L%jxS$","eliseevadarja"
698,"ykozlov@example.com","+$lx2Snrsd","kozlovipati"
699,"viktorijakosheleva@example.org","n^C44Lq9q*","arefiemeljanov"
700,"klimentmuravev@example.org","b&6!WXc$Y!","valerijavorontsova"
701,"kiselevkornil@example.org","Ra&20BvbC%","kallistrat_2008"
702,"samsonshestakov@example.net","!udEoUcUW4","paramon2011"
703,"evpraksijazhdanova@example.net","wLuFDHcM%4","savva_84"
704,"markovsolomon@example.net","ls8ZQd*w9$","shcherbakovarhip"
705,"serge_2008@example.org","$iHhdj*KF8","wkalashnikova"
706,"gusevfilipp@example.net","s4z&ZE^6#4","evgeni72"
707,"natalja94@example.com","p&UX3G&y$H","foka_56"
708,"maja66@example.com","I2Yjm3pz+3","hzaharov"
709,"ignatevapolina@example.org","KJ#0T6Qqh_","anaumova"
710,"timofe_36@example.com","+2KKu#x*jn","tamarakapustina"
711,"viktorijakirillova@example.com","@wOQm4g05j","kondratevamarina"
712,"usafonova@example.com","k0KJz7n4*6","kolobovsofron"
713,"nmaksimov@example.com","%8X7b8Z^yS","cbobrov"
714,"veranaumova@example.org","@pqD)tFY^0","zosima1984"
715,"jaroslav_69@example.com","@N45HCi!+H","elizarkirillov"
716,"petrovharlampi@example.org","p6H3FnCU%z","sofon1985"
717,"sazonovajulija@example.com","1GEou^tI*t","drjabova"
718,"evgeni64@example.org",")msFKwvj!4","jakub2006"
719,"marfagorbacheva@example.org","92d_^B(g*l","florentin1998"
720,"isa_1989@example.org","(zvHT0vy5l","stepansamolov"
721,"kkazakova@example.net","DjnQ7UzI@3","arkadi2025"
722,"mgrigorev@example.com","+x8NNQFdvL","erofe_2018"
723,"ipati2011@example.com","017Bb2k5^x","ustin_2010"
724,"suvorovaljudmila@example.org","+84jEHXyW4","strelkovluchezar"
725,"vladlen_00@example.net","J%Tu5fHu*q","belovostap"
726,"tamarabespalova@example.com","%@G%lleus6","angelinakononova"
727,"valerijasuvorova@example.com","p3aPLjov_)","emeljan2004"
728,"orehovajulija@example.com","H*0RCYiPJ&","lora_30"
729,"ipatialekseev@example.org","3C2aSHlYg$","raisakudrjavtseva"
730,"zhanna_1990@example.org","#aV)MHoA8f","komissarovarkadi"
731,"serge2015@example.com","#zMmT0JcTm","tit_1977"
732,"igornosov@example.org","&2WvxWIHo8","vladislav24"
733,"vlas_1991@example.com","+xwj3rY8d2","kkomissarov"
734,"jdanilova@example.com","_ozp3Nza5u","ekaterinakulikova"
735,"polina59@example.net","kV+5Shn&&6","leonid1981"
736,"glafira1988@example.com","!h3CtB$zQ&","yvoronova"
737,"paramon46@example.com","5@bL8YtaKo","samson_2008"
738,"ostap2023@example.net","8rBi5HcB!Y","konstantin37"
739,"serafim19@example.com","@82*3AnMW9","prov_64"
740,"bivanov@example.org","#iSJEhb_53","evgraf1975"
741,"teterinasvetlana@example.net","JQJtn(#s%4","lnikolaeva"
742,"loginovapolina@example.org","^9HtGItzlM","filaret_40"
743,"savinamarfa@example.org","K_!v3QWnaw","innokenti54"
744,"wsisoev@example.com","Nz86ARKx_l","tit2017"
745,"izjaslavmakarov@example.com","pk^)9Fyq8O","akim2018"
746,"prokl98@example.org","zam6UwDm_s","jan39"
747,"morozovatamara@example.com","v04@hAgS^F","agafjabolshakova"
748,"svjatopolk50@example.com","RUX_1Cni+F","xhohlova"
749,"shirjaevaakulina@example.net","7DY7FVSe%t","vasilevvalentin"
750,"rlarionova@example.net","%&auYr0u5H","fomachernov"
751,"osipovaagafja@example.net","eK9UnZ@bG@","emil20"
752,"kkulagin@example.net","zRz@G4De%5","frolovaevgenija"
753,"gedeonpetrov@example.net","$!L0NcEt%*","raisaharitonova"
754,"zhdanovlazar@example.net","ex1O^5Bw8l","terenti_1978"
755,"tarasovmir@example.org","1ypYatk+&8","silanti1979"
756,"nainaaleksandrova@example.net","Rmm7yYegE^","kdementeva"
757,"fedotovairaida@example.net","(vUOPvSrL5","galina2015"
758,"sazonovvelimir@example.net","^2Y6lkBlZw","felikskolesnikov"
759,"seleznevadrian@example.net","XHZ651PoU(","orehovleon"
760,"lorajakovleva@example.net","(56nC1PQMu","silvestr_33"
761,"sisakov@example.org","TaJu&6InAm","nikola_1970"
762,"luka_1998@example.net","+3beZ#E_Mm","juli59"
763,"vladislavmamontov@example.net","9GLkHRz(!h","verashirjaeva"
764,"maksimiljan2012@example.org","#P9*QOnPW6","karplapin"
765,"pbobilev@example.com","%U$BiK(w4J","vknjazeva"
766,"seliverstovaelena@example.net","#lv3!To(BP","vjacheslav1987"
767,"iosif_2025@example.net","g%1VdxkXwd","hohlovaljubov"
768,"militsaguljaeva@example.net","Gu8SQe+i)K","maksim61"
769,"nkalashnikov@example.net","$Z9H2oQb*8","rostislavmaslov"
770,"emilijauvarova@example.org","Rz67QmqDG_","silinauljana"
771,"angelinaaksenova@example.com","!aEgWn4)2(","rjabovapelageja"
772,"natan2008@example.org","m#1DhNOR@r","burovaglafira"
773,"svjatopolk_1971@example.com",")0^l8ZyftS","vasilinazarov"
774,"martjan_2005@example.org","Diz8YgLg!B","paramon1979"
775,"veronikafedorova@example.com","&7bPr_L7a4","maksim_89"
776,"allapestova@example.net","uMx_2NLgH5","tamaraegorova"
777,"izjaslav_13@example.com","Lh97Z%(bJ#","olgapoljakova"
778,"sitnikovilarion@example.org","&m5L631G9b","jlobanova"
779,"angelinagolubeva@example.net","*ylt(Pkb8*","german_51"
780,"oktjabrina_17@example.com","&480giLhm0","isa_64"
781,"panfil_36@example.net","Wz$1R^rl*3","ermilpetrov"
782,"dorofe_54@example.com","8%fG4RhIuc","antonina_79"
783,"hristoforkononov@example.org","@)4Y8LemJw","prokl27"
784,"titlobanov@example.com","@V2Kz*nb@8","mamontovsavvati"
785,"afinogentihonov@example.com","^BilU2Xt+z","valentinaaksenova"
786,"kostinaakulina@example.org","OS*9Cuqj^K","praskovjabogdanova"
787,"anikitaponomarev@example.net","z@6OWHOKFh","darja1990"
788,"leonti05@example.org",")jP+JUfhp8","semen_65"
789,"afanasevmilen@example.net","#bH13VdV+%","ustin_1993"
790,"agafonovaelizaveta@example.org","*T4tGGRq2_","tit02"
791,"gusevairaida@example.org","Mz2Pm+eD8_","fadeevkondrati"
792,"agge2009@example.org","#g8E&1sFqS","spartakkarpov"
793,"lpopov@example.net","h^1KgUtnuk","petr_2005"
794,"izmail_33@example.com","6mkvUI1w%&","konstantinkiselev"
795,"golubevagalina@example.org","+k#Q6PjcEx","fedosi_2016"
796,"taisija43@example.com","_^6XH7ou+&","ctrofimova"
797,"danilasubbotin@example.net","X(a2XUx#I3","rodion1978"
798,"trifonnosov@example.com","ug7c8Udp_Z","veronikakirillova"
799,"serafimnesterov@example.org","5@Q8*zwnYX","jakov_2006"
800,"nadezhda19@example.org","I82Ne9Kr(R","merkushevpetr"
801,"luchezar86@example.org","6GbDnYZd@e","nazar_73"
802,"popovazoja@example.com","cU4J_O)vP+","angelina_83"
803,"vjacheslavkozlov@example.net","eU$6HgF&Cy","andron_1990"
804,"pankratkrjukov@example.net","BoNK2Ml7($","emeljan_2014"
805,"klavdijazaharova@example.org","a$2LIEimt^","nataljabikova"
806,"allabeljaeva@example.com","*R27JTvXbP","sandreeva"
807,"budimir_1994@example.com","c5pLWMJW$#","zatsevaveronika"
808,"lavrentitrofimov@example.com","$cki3Iakl*","tfrolova"
809,"vera62@example.net","V!Y92^NFPq","nikolaevalarisa"
810,"kabanovavde@example.com","#hUqtEtRB7","bronislav10"
811,"zahar37@example.com","9C07YvC9t*","akulina_41"
812,"erastgorbunov@example.org","(&Zn2CkiXO","mironzatsev"
813,"sbragin@example.com","(nwD@Nlhs8","filaretuvarov"
814,"raisaguseva@example.net","&*w#9eXeC1","shubinazhanna"
815,"kim64@example.net","7eEeiyWY)o","gorshkovaelena"
816,"agafon81@example.org","_k2U(6rCy%","ermil1993"
817,"nikanor_31@example.com","b5RL%tdH^9","djachkovvatslav"
818,"voronovjuli@example.org","!Trf9Oi6BJ","bikovaljubov"
819,"efremovakira@example.com","!jWIK2p17I","potap2012"
820,"safonovnatan@example.net","I+50!zVa!(","pankrat1980"
821,"pahomovaekaterina@example.org","Q%^x4pPdS$","silinaagata"
822,"kirill72@example.net","h^47Jm8bVD","artemi28"
823,"sergeevklavdi@example.net","#a6GaHC9#+","vseslav2016"
824,"veronika84@example.net","+N5HBVkfk7","vseslav_58"
825,"vasilipanov@example.net","!4E5$0%l)H","belousovamargarita"
826,"praskovjadanilova@example.org","(9HmedZe%Z","blohinaelena"
827,"oksana_2024@example.net","_9+HsvNh6A","german29"
828,"uvarovavalerija@example.org","EUb3pX!zS+","stanislav_1988"
829,"ksenijasitnikova@example.org","#$uW2MxUll","mechislav_1972"
830,"ladimirzimin@example.org","&6iApgWq&d","ivannaershova"
831,"gremislav86@example.net",")&*V@iYz!6","uvarovroman"
832,"kalashnikovagalina@example.net","DEBla4!mO$","avtonom49"
833,"anani_2015@example.org","OcR7Wt_L+(","kalashnikovaakulina"
834,"ilarion_1983@example.org","FS!@3Tlgc_","agap_94"
835,"taisijajudina@example.com","C0W9T79iS^","ermola_2016"
836,"kuzmashilov@example.org","4tbEzCcf%2","fpopov"
837,"vladimirovaregina@example.org","g_5kO@ws9o","agatapoljakova"
838,"elizarzhdanov@example.net","Sk8WGOwT%%","abramovaangelina"
839,"zinoviershov@example.com","uo9mVIQlQ!","prov87"
840,"mark_50@example.com","O3PM^Cgy_o","kulaginafanasi"
841,"maksimiljanteterin@example.org","u^5WcxWw%D","emilijakopilova"
842,"marija91@example.net","ju5Lwb#5o#","svetozar_22"
843,"agafjaharitonova@example.net","v3zyCDr8(x","ipatikiselev"
844,"boleslav31@example.net","3y0^9hTzD_","feofan56"
845,"egorovfilipp@example.net","_$g1SsRG$u","kirillovmihe"
846,"foma_42@example.com","&&&4G0Bm3r","artem56"
847,"bespalovamaja@example.org","J@e5rwEfc8","grishinaanzhela"
848,"ribakovnatan@example.org","%)%5Duzk2e","dementi_2018"
849,"xmuhina@example.com","cnZ8yNDnU%","pkozlova"
850,"akulinalavrenteva@example.org","%qjdAiYDx8","stepankovalev"
851,"agafjafedorova@example.net","r_910iCe)q","zikovaevfrosinija"
852,"skuzmin@example.com","Fx2I(ck1n&","gorbachevaelena"
853,"adrian_16@example.org",")79iJ6Ofu!","sobolevorest"
854,"xmironov@example.net","(8AYRa3BDn","dementevepifan"
855,"kkirillov@example.net","kK5euNAnb$","sorokinaevdokija"
856,"valeri_23@example.com","CDSY!1wY+4","golubevairina"
857,"timofe_37@example.com","!HoWCqgDv4","stepan18"
858,"eleonoraharitonova@example.org","g)Q9THOz7Y","ruslan_77"
859,"ernest_2006@example.org","ZQ&zL7Eag7","nonnachernova"
860,"ljudmilavorontsova@example.org","^79DM1gYSA","natalja_1975"
861,"konstantin_43@example.net","^GCn(^mf1f","vishnjakovavarvara"
862,"fadeevustin@example.com","#*NKmOajC1","nataljasamsonova"
863,"orehovanonna@example.net","F9I7A)ci&1","lidija1992"
864,"maksim_91@example.com","svk@86B6*4","uljanaefimova"
865,"strelkovamargarita@example.com","+6RLTir28l","emeljan_84"
866,"savvati1988@example.org","!V2IFC*6x8","gromovborislav"
867,"agafja28@example.org","JB%4oLqALE","isidor_2021"
868,"apollon_2014@example.org","w7qD9Zopo#","cheslavshubin"
869,"serafim2008@example.net","^4YAbkvX_Z","evlampi1990"
870,"visheslavmironov@example.net","#@3KgIHQjm","braginajulija"
871,"bronislav22@example.net","+o5LBq97d%","iosif_2018"
872,"mechislav63@example.net","t_76LQoHh)","raisa_1998"
873,"gremislavnikiforov@example.org","7GnC!_2j_z","ippolit16"
874,"juvenali_2001@example.com","v&3V@Jdjcg","aggezuev"
875,"vkuzmin@example.net","HUB(60!uJ$","ninelfomicheva"
876,"pmakarova@example.net","%R2M!lxQZ1","apollonmerkushev"
877,"anastasijapoljakova@example.net","+YK7I_Ux*S","feoktist46"
878,"vasilisa_32@example.org","$6Inp_!h(t","andre1984"
879,"dorofe1976@example.org","m3UVpan0+P","vjacheslav2017"
880,"prokofi2025@example.com","%h92nCdlYo","lukjanaleksandrov"
881,"nina49@example.com","9m3ZeNr@o%","kallistrat2023"
882,"rostislavgordeev@example.com","_NUxQzOKM6","regina_2017"
883,"mechislav_1982@example.org","_5+sTBj+#O","romanovjanuari"
884,"dorofegalkin@example.com","D8CTWgNl$+","ninelpopova"
885,"artem44@example.net","x6(I_wE^$8","stanimir_2012"
886,"rbelozerov@example.org","$1768M_gC_","visheslav1990"
887,"evdokim2021@example.org","U9)KlPi7*8","evlampi09"
888,"bnesterova@example.net","$SbCLAg5W7","marfamiheeva"
889,"julian_2000@example.com","u$6OFSaAXf","saveli52"
890,"usharapov@example.org","#z9VXt0U_0","vatslav_47"
891,"fomingleb@example.net","#MZc4lUJX1","majakrasilnikova"
892,"dobromisl_80@example.com","_86FOtkLcu","lukalazarev"
893,"dementi1974@example.net","i!_c9Uja2f","davidovgerasim"
894,"ostromir09@example.com","S)4CxLqyKZ","masloverofe"
895,"drozdovstepan@example.com","5uzyWF&s+U","moise2022"
896,"anzhelikagorshkova@example.org","XfW3CYDR7$","prov1976"
897,"isidorignatev@example.org",")@5#Ama2!K","olga00"
898,"agafja_86@example.net","s#sa2TEmT@","ponomarevmiroslav"
899,"ipahomov@example.net","J6PGkZEb+z","kirill2009"
900,"umuravev@example.com","X3qVbr#Q+J","ershovfeoktist"
901,"kolesnikovafekla@example.net","5fd2KoYq#n","jan_77"
902,"aleksandra79@example.com","$2K5#MnD1&","iraidaromanova"
903,"marina_65@example.net","%443VM7Rxr","komarovisidor"
904,"kozlovemil@example.net","(1X)pNJL^j","lromanova"
905,"ernest_92@example.net","rN@47P1n(@","ladislavlukin"
906,"bharitonova@example.net","$oATgQ!Fe7","gedeonturov"
907,"sergeevgalaktion@example.net","IOs$)OFc&8","evseevasofija"
908,"filippburov@example.com","VIxKltpN!8","arkadi_88"
909,"kbelousov@example.org","+!OQL2BhB3","shirjaevaoksana"
910,"petrovandre@example.org","%c7Qi4dt%m","makar_1997"
911,"pahom_72@example.com","@+55nQegHc","militsa68"
912,"osolovev@example.net",")m2$Zq$Z_a","litkinairina"
913,"annapotapova@example.com","E7XWrjPr*F","rostislav_45"
914,"samsonovevdokim@example.com","#^8NRjkG4o","samuilsharapov"
915,"mstislav1995@example.net","1Uh1H92w_$","spiridonmironov"
916,"oksana_11@example.com","QZ4I2iSjP_","agafonovmakar"
917,"nikon_2020@example.net","V4aCnxTu_3","beljaevdanila"
918,"konon_1976@example.org","n57Hxk6f$^","efrem40"
919,"wmaslova@example.com","Ci4oREYJL*","vladilen_71"
920,"andron_2022@example.net","&foIMHr^h3","evpraksija_2021"
921,"erast95@example.com","^3F!G9cl9Y","anna_2004"
922,"qnosova@example.org","qy&1#%ZM@7","isaevjuvenali"
923,"elizavetaavdeeva@example.com","Yu()0tKcs_","pahomovsamuil"
924,"agafja1997@example.org","A@1Swh#b+w","selivanorlov"
925,"dartemeva@example.com","%P^mQbyfc7","frolovalora"
926,"sofon_1972@example.com","#b%(SHHnW7","rermakov"
927,"darjanesterova@example.net","d4VVZ%bC^W","jaroslav10"
928,"mstislav_14@example.net","^96xZ%fo9c","kuprijan1985"
929,"nlitkin@example.org","P7r97D4yM+","arseni2006"
930,"akimdrozdov@example.net","QG2Y)d7lG(","aleksandrveselov"
931,"klavdi13@example.com","O5VA(a0U(w","vshchukina"
932,"qkalashnikova@example.org","@o1Xc@Kowb","cheslav37"
933,"dementi_1992@example.com","2$%5tRvLhh","rozhkovaanzhelika"
934,"burovazinaida@example.net","+N6@&!&e7E","veniaminsuhanov"
935,"leonti83@example.net","Uh%4pBfv!I","germannikonov"
936,"maksim46@example.net","+0kLW+mhAs","avksenti_2009"
937,"mihail_1974@example.com","410Xfamp$k","ztihonova"
938,"ereme_1987@example.net","AZ5WPn&0#i","gerasimovaalina"
939,"moke_1976@example.net","Nx&R54Da#6","djachkovvelimir"
940,"ereme_22@example.com","Fwh_5Ijl8M","pahom1987"
941,"erofe2001@example.com","gl0GTH7jn*","osipfilatov"
942,"ponomarevaija@example.net","$(2CpzFPL(","prokl1984"
943,"oksanalapina@example.com","Ld)9SNHp(T","vadim_1998"
944,"evpraksijadenisova@example.org","hkw19WZxy%","rusakovleon"
945,"kulikovspartak@example.net","2KDFsUSw!D","nesterovafevronija"
946,"eleonorasuvorova@example.com","+4ygFqSrL#","lrodionova"
947,"akim14@example.com","P5)0YyWac4","nekrasovaolimpiada"
948,"efrem_1991@example.net","o1K*QtaU)+","zhanna_1977"
949,"vikenti_89@example.net",")VI43QhaA%","platon_2021"
950,"evdokijazatseva@example.com","3!V4cUTccs","andron1982"
951,"parfen94@example.org","S$N75%sm%C","uljan_45"
952,"muravevluka@example.com","86HGR$($+e","fekla1973"
953,"anisim_21@example.org","$aYHCkLsJ3","vladimir91"
954,"tantonova@example.com","+i2lYdc@XB","fedorovarseni"
955,"pavlovaksenija@example.net","Y3hSjYk)#1","sharovamilitsa"
956,"bespalovmaksim@example.org","A1xKp5Lp%s","kapustinaninel"
957,"phohlova@example.org","72NWK(Pz%p","semenstepanov"
958,"anzhela05@example.org","5gn6@AXBb_","vinogradovafevronija"
959,"ljudmilavasileva@example.com",")pNquH!Qw4","ofomichev"
960,"feklashashkova@example.net","(#Dw6bRc!p","jnaumova"
961,"samsonovvelimir@example.org","@pF5Ukd4@X","wvorobev"
962,"angelina48@example.net","@1_Z97cecR","rozhkovantonin"
963,"evpraksija82@example.net","28nWMtPG!F","nikon_2015"
964,"pahom2015@example.com","CfKM9hBjJ)","majakomissarova"
965,"spiridon_88@example.com","5#n1SdU8_s","larionovfoti"
966,"seleznevafaina@example.net","xlH1c3Pb*l","galaktion_1984"
967,"sharapovaveronika@example.net","Y$eL6J*Zdy","alina75"
968,"gordeevprokofi@example.com","B50Em_u0+k","venediktfedoseev"
969,"elenapanfilova@example.net","$B43*gw6d%","svetlana_2015"
970,"andrenaumov@example.net","^0A^Ium$Hl","potapovfeofan"
971,"foma_1972@example.net","Hw69Zy6o)H","pankrat23"
972,"orehovpetr@example.org","7(WN7Bpf(d","kotovaagata"
973,"moke_08@example.com","!&jH6tAjm2","fkalashnikov"
974,"veniamin76@example.org","k#7Qbsr9)7","gorde_2025"
975,"lorakoroleva@example.net",")4qXMD$nzv","feofanshilov"
976,"angelinakulikova@example.org",")9YoPHmo&N","ernst69"
977,"ilja_48@example.net","w9r9WQTe!p","ksenijapopova"
978,"ivan1980@example.com","+t58RVu%v&","sisoevaninel"
979,"zojafedoseeva@example.com","Bw*xT6AsHb","romanponomarev"
980,"valentinignatov@example.org","D5Zh(i+0+O","fedotovereme"
981,"dobromislevdokimov@example.com","^4Q6)%g7+R","mark1987"
982,"semengushchin@example.com","ZLK2huEe#_","tatjanadorofeeva"
983,"ljubomir_98@example.com","*4wW%j_a+Q","gleb_16"
984,"apollon_1979@example.net","(!WYzfcr)5","aleksandrovadarja"
985,"izot1989@example.org","^6#3EJpWqM","marfa_2015"
986,"germansazonov@example.net","(JjISbPx)2","nikitinalarisa"
987,"zuevaanzhela@example.com","C_F!7xQ0@t","agafjavinogradova"
988,"anikita_1992@example.net","i$8dK(wlC@","sofon_1979"
989,"denisharitonov@example.org","_q3nzYq7tM","aristarh_75"
990,"vinogradovaivanna@example.net","A4wGvK1y!d","fade_1972"
991,"judinigor@example.com","I#6BxaDS@_","teterinfoka"
992,"chernovvarlaam@example.net","!_(1CSionX","fainafomicheva"
993,"valerijakrilova@example.org","H)1CNfN0ou","pshcherbakova"
994,"nshcherbakova@example.net","YMI$8k!v+$","anisim26"
995,"apollinari47@example.net","#G8eRHsmE8","uljan_2002"
996,"erememaslov@example.org","$5iE8gU0Ko","potapovaoktjabrina"
997,"glafira_13@example.org","q0ncSq)j+x","solomon2004"
998,"moise_1973@example.org","whTKa1Sy%N","nifont_2003"
999,"vavdeev@example.com","Z@17Oqjcrp","natan_55"
1000,"emeljanovandronik@example.com","w3Y_k!)s_N","veronika2019"
1001,"rjabovafekla@example.net","@b2Le!xI#5","olga48"
1002,"klavdi_2000@example.org","&Ud^5Gki3k","fadeevamargarita"
1003,"antipnikonov@example.com","*8qGkKxfTK","kudrjavtsevmir"
1004,"trifonlavrentev@example.org","9krp$Qoc$5","evgraf_23"
1005,"qsavina@example.org","rHFL+4Pt2&","mironovapelageja"
1006,"lidija20@example.net","!MBppR)hN4","evstafi1976"
1007,"militsa1983@example.org","lek8jOmI4(","mili94"
1008,"nikolaevfirs@example.net","t$WeD7PkSR","seliverst_2025"
1009,"shestakovapolina@example.com","t6HVVCfT@F","longinsobolev"
1010,"alevtinakalinina@example.net","h*0qRMcl$o","vlasovafinogen"
1011,"oignatev@example.net","*3VXpiDdGl","frol_18"
1012,"braginsavvati@example.org","S_4Wa(BwNA","mnosov"
1013,"isidor2004@example.org","@Dux5YNxxi","averki_2009"
1014,"olegkulakov@example.net","%xjRFzfxd2","evfrosinija1983"
1015,"harlampi1979@example.net","@zvz4nTx&t","nestor_09"
1016,"varlaambelozerov@example.com","w50KMH2o#S","regina2024"
1017,"ovchinnikovlavr@example.com","^6Ltu#tA)S","litkinaolimpiada"
1018,"grigori95@example.org","+&8BUtwrEm","vasilevtverdislav"
1019,"korolevkonstantin@example.org","^(GIJrYrA1","danilovaekaterina"
1020,"vera06@example.com","!fGpKs6*06","iosif_27"
1021,"mir_1985@example.com","&D&S4Maoil","olimpigusev"
1022,"ladislav_2022@example.com","3U56hbLlz!","ilarionguljaev"
1023,"vsemilfilatov@example.net","b1o&SCI!(S","kiramjasnikova"
1024,"vsevolod78@example.com","Iu9Q)1Vf$g","loginovanonna"
1025,"ofomin@example.org","r1pPc@V)*u","artemi_1979"
1026,"viktorijashubina@example.com","7ciGl@Wm^9","agge47"
1027,"viktorija_77@example.org","nM0Mwedtq$","muhinamarija"
1028,"bguljaev@example.org","F$Z5MBrL^s","korolevavalentina"
1029,"sorokinsilvestr@example.net","V+7N(gEkx4","valentinazaharova"
1030,"jakub_2004@example.com","N%WW3Lh%%K","epifan_33"
1031,"shubinkliment@example.com","d#1&UlAMfi","radim96"
1032,"ipat_2015@example.net","q&Ve6Vds3o","porfiri_2000"
1033,"jan63@example.net","5lJXf8+Y_m","defremov"
1034,"zhanna_96@example.net","%wL6cBuH43","fainafokina"
1035,"nataljanikolaeva@example.net","**u39CjRMC","kazakovporfiri"
1036,"qhohlov@example.org",")AC&OeUq86","matve1976"
1037,"gordeevaevfrosinija@example.com",")kKRo#@V4D","julian69"
1038,"dshchukin@example.org","+nJ11YquKr","varlaam75"
1039,"pankrati_10@example.com","*l9P)b7_i5","efim_30"
1040,"darjazatseva@example.net","a+6KXnfal)","androniknikonov"
1041,"ribakovadrian@example.org","RnNP@F)h%5","minaevseev"
1042,"izmail_06@example.net","8I6Y4Tu$f@","ilinatamara"
1043,"vladimir_30@example.net","eFkjHKRs+2","shashkovafaina"
1044,"artemi_18@example.net","*AH4whqeG3","walekseev"
1045,"pavel_2015@example.org","_Iu7$RtZl7","leon61"
1046,"januarisidorov@example.com","$6u2%Fl&$E","gedeon2016"
1047,"markovalidija@example.net","ciZjILRi$3","jaropolkfilippov"
1048,"ruslan2025@example.net","@@v6QjLq9p","mihail2020"
1049,"savvati1980@example.com","#kbUAB)b@8","ninakarpova"
1050,"galinabelousova@example.org","*5cSNzFb5E","semennoskov"
1051,"jan_79@example.org","b_6N7iCGIl","serafimmjasnikov"
1052,"sevastjan39@example.com","j%s7DumI11","hlavrenteva"
1053,"raisasidorova@example.org","5CT4LZc+5*","pimenevseev"
1054,"milovan_2006@example.net","*XZ8NRea!6","baranovsevastjan"
1055,"zinovi_1991@example.org","!Un1U((zBc","artem_99"
1056,"varvara90@example.org",")n1AnGj^N3","taras45"
1057,"silanti_1998@example.net","*05U++U#)c","eliseevporfiri"
1058,"tverdislav1987@example.org",")A57IvgDo(","gennadibobrov"
1059,"beljakovrostislav@example.com","*_tDSycH$8","radovan_59"
1060,"fevronija76@example.net","w)5E_5Nx$D","nekrasovarkadi"
1061,"juvenali_79@example.com","#cY_Xulz93","rselezneva"
1062,"valentinaignatova@example.org","2r8GHu*xB$","juli1973"
1063,"orehovaanastasija@example.net","r!Kl3f1tnD","svetlana1977"
1064,"fekla_53@example.net","XM@)e#Oo@5","azari1984"
1065,"agafonseliverstov@example.org","nN$8JyPs#l","fainakudrjashova"
1066,"hnaumov@example.org","4oDOwiM_)7","makar_58"
1067,"valeri2013@example.org","g!9B(p8&k#","cseliverstova"
1068,"miroslav2019@example.net","3bRuQ+)Y*3","jvoronov"
1069,"apollongrigorev@example.com","4l2UWDzr&s","iabramov"
1070,"kudrjashovairina@example.com","gl6RT*WmR*","kabanovaelizaveta"
1071,"izot2022@example.net","i^l6UHcTmp","nikodim84"
1072,"semenovamaja@example.net","%61uyIjz_f","kondrat2013"
1073,"sergesuvorov@example.org","%R*2Rlayx5","sevastjan_1978"
1074,"artem1985@example.net","$Oc_1#re1!","evdokimorehov"
1075,"jakovlevalarisa@example.org","i%0BYRv6dL","kabanovaksenija"
1076,"mihe1985@example.net","@4txF2CVw$","nshilov"
1077,"alevtinabobileva@example.org","azB5nHNsA*","fbikov"
1078,"ivanna_1989@example.com","^WAblAPxC7","alekseevapraskovja"
1079,"hohlovnikifor@example.com","21cDGY8g^g","zaharovaija"
1080,"kirillovustin@example.com","#Mw6tnxhH@","fominfilaret"
1081,"pimensidorov@example.com","&zxpDkzLP2","ratmir_63"
1082,"ladislavkrjukov@example.net","Z9DDzLzB+b","grigori_2006"
1083,"lavrenti78@example.net","*xRbFz#dw6","anani_10"
1084,"timur_83@example.org","!))2$zYs!t","klobanova"
1085,"cbogdanov@example.net","!3UEPisc5q","leonidkornilov"
1086,"skoroleva@example.org","JU!(9G@yDH","dementi_1993"
1087,"elise49@example.com","ljM#9XEc#s","vladislav_1992"
1088,"vasilisashchukina@example.org","(A99Dw2mW2","jurimuravev"
1089,"reginamuraveva@example.net","nF4VAxzq#r","kostinatamara"
1090,"maksimovgostomisl@example.org","^fTBTMdf03","ippolit01"
1091,"gorshkovazhanna@example.com","(3g)CixfW6","vsemil_63"
1092,"muhingalaktion@example.net",")7RLBFg$54","ljubovkalashnikova"
1093,"bogdanovaolga@example.org","^)A*dmZp8O","safonovereme"
1094,"irinasamsonova@example.net","3uj7KwsC_h","kazimir47"
1095,"larisashubina@example.com","QQ*2CtXY68","vorehov"
1096,"sobolevaevfrosinija@example.com","NFg6qaNzC^","evdokijapopova"
1097,"morozovalora@example.org","h%34Kr4enX","kudrjashovalukija"
1098,"kondratevazoja@example.net","&cInf5lp8h","amos2013"
1099,"militsa49@example.org","aI#Em8Zvc#","arseni_71"
1100,"gsuvorova@example.org","$xNu8Wqk7V","valerijazhuravleva"
1101,"averjanvorontsov@example.com","a%4k&YPzfQ","elena15"
1102,"mironovaolimpiada@example.net","@+(RL0Aw0c","sofron_2000"
1103,"savinaljubov@example.net","9h3$cxLky(","nazarovpavel"
1104,"kulakovasinklitikija@example.com","nx8rXMNhx(","akulinakopilova"
1105,"matveloginov@example.net","p!XoFld^!2","lukijamerkusheva"
1106,"aleksandrakapustina@example.net","td&7Qe1lm$","ibragina"
1107,"inesterova@example.org","!qIX3Kxpx4","mihail_60"
1108,"jaroslav85@example.org","*9&0FM4qbI","marijadoronina"
1109,"elizar02@example.org","!2dUzgQI5H","gromovsilanti"
1110,"varvara21@example.com","$$pP3yLHr1","juri2018"
1111,"hristofor16@example.com","&xC3Qm99g+","jakovjudin"
1112,"romanovevgraf@example.com","KM2X6SYv)C","sinklitikija2002"
1113,"ferapont1974@example.org","o^B908Ev(R","andreevivan"
1114,"gpotapov@example.org","S$9GlEe1XE","nikanor2010"
1115,"koshelevaelena@example.org","*1Wx0Gbt#4","nikitinmoise"
1116,"tamarafomina@example.org","GN#3jXqJ@x","militsaalekseeva"
1117,"evpraksija2009@example.net","!96@Db6hm0","isaseliverstov"
1118,"nmihalova@example.org","%36MyWAjW9","iosif66"
1119,"okuzmin@example.com","MhX32YnF_V","aselezneva"
1120,"ilinaelena@example.net","^&V7eNiHuY","agge_77"
1121,"seliverstkrilov@example.com","@4tY1rSGP%","komissarovaoksana"
1122,"vadimnazarov@example.net","YBxA0JiGx^","hristofor1984"
1123,"kazimir_2002@example.org","cJ)6iVmJ8f","bogdanborisov"
1124,"borislav21@example.net","I55FqSU7@O","uljan2023"
1125,"ilinernest@example.com","&2W3TbI287","blohinsevastjan"
1126,"mkulagin@example.org","v8F(AIPO_g","artemevaljubov"
1127,"vikentipopov@example.org","Kh8YZNTo_r","ijabelousova"
1128,"ustin1994@example.net","*uKJUEYmY4","juvenali12"
1129,"stojan95@example.com","n^V66ZvyZE","burovapolina"
1130,"sorokinaaleksandra@example.com","WrFDDH^m#1","ernest61"
1131,"afinogen2008@example.com","_wEhJiYps8","silagusev"
1132,"rozhkovaglafira@example.net","mJLQQYrV!6","skudrjavtsev"
1133,"aleksandrovvasili@example.com","21I&PoqI_F","nikola41"
1134,"kornil_43@example.org","hiW7RjFH@2","olimpiadalebedeva"
1135,"leonti_33@example.org","pa(BtR2g#8","savinfirs"
1136,"kapustinplaton@example.com","e%fdA9mt2K","danilovafanasi"
1137,"annalazareva@example.com","z7FJ6Hi)&f","solomon_1985"
1138,"margarita_1972@example.net","%WvRB7xt17","afinogen_55"
1139,"zartemev@example.com","%58!DIirHi","narkis57"
1140,"evgraf47@example.net","g*Qhk_Im!6","aleksandrkovalev"
1141,"valeri01@example.org",")9AiDdXJ&S","klavdija_1980"
1142,"zkrilov@example.org","J!SuTSxv#2","viktor_1988"
1143,"popovaevpraksija@example.org","^jY*2Mhfa5","artem_02"
1144,"svjatopolkabramov@example.net","u1Xs4!vZ!6","ignatevalekse"
1145,"avgust1999@example.net","p6$KO@bI)l","andron27"
1146,"klavdija_1990@example.com","Q0OqKUSk)+","ruslan29"
1147,"gusevprokl@example.net","XB#8hJ2j+9","minaprohorov"
1148,"praskovjazimina@example.org","#8*7TSoRwe","sharapovanina"
1149,"valerijamerkusheva@example.net","$tmg88XgrS","dsolovev"
1150,"sofija68@example.org","2yGXrAyi(J","zartemev"
1151,"evdokijaavdeeva@example.com","bvW36TFWP%","denisovanisim"
1152,"parfen06@example.org","JeBmgj^j)6","kudrjavtsevavasilisa"
1153,"tarasorlov@example.org","#yLBx6g96T","anoskova"
1154,"kasjan_65@example.net","hX^4Pxv_T+","xdjachkova"
1155,"valentin_1985@example.com","iDT3VMtsX%","timur_37"
1156,"hlazareva@example.org","GS+1Ybmlgn","juvenali_1973"
1157,"miheevandronik@example.com","q+A1w1HV2n","olimpichernov"
1158,"baranovvikenti@example.net","ow$6Nh%x%7","rzikov"
1159,"zhannasemenova@example.com","6oJxID4t%R","cmerkushev"
1160,"fokinagalina@example.com","J_0RW5gRhJ","silinamilitsa"
1161,"ivannabolshakova@example.net","%!*X&0IytX","jaropolkmolchanov"
1162,"avgust2010@example.com","@3Z$lu7fz1","evfrosinija_60"
1163,"angelinaanisimova@example.net","%lIkKXtN0V","kononovatatjana"
1164,"mihailkapustin@example.org","TRBY8&Vsj+","ermola09"
1165,"taisijamedvedeva@example.net","!g*4OSl@_v","mironovspartak"
1166,"pvinogradov@example.org","+&48OItByb","kir1996"
1167,"feklakuzmina@example.net","xo*5A@zF%_","gennadi2025"
1168,"aristarh_1989@example.com","3MhR4Id^+c","avdeevkazimir"
1169,"korolevazhanna@example.com","Ax53QXlj8*","vjacheslav1993"
1170,"maksimiljan_94@example.org","k(5+7Sz#*k","ipat_47"
1171,"voronoverofe@example.net","!*NlbEUll3","filaretprohorov"
1172,"natalja19@example.org","+kICOZwy!7","zshcherbakova"
1173,"szueva@example.com","sE#0x8Tkq@","asuhanova"
1174,"zinovi1989@example.com","+6mXYA6V9g","fevronijafomicheva"
1175,"nikanor1996@example.org","Xz!^X)Zw#3","lnesterov"
1176,"uvarovmiron@example.com","0q9V7IZwM(","darja2002"
1177,"loginovljubosmisl@example.com","(j9pHtpe^M","tihon_2001"
1178,"julianpestov@example.com","N&o8nCx7@4","hmishin"
1179,"evstigne1978@example.net","2hZrwZ@b(!","jakovlevapraskovja"
1180,"pankrat2000@example.com","&1bcLe54JY","sokolovkazimir"
1181,"lobanovakim@example.net","F#4Ctjz(xO","uvarovaanzhela"
1182,"nesterovaakulina@example.org","kY(P0IKfoN","terentevairaida"
1183,"tarasovjan@example.org","sH5P7ywNJ)","timofeevapelageja"
1184,"rjabovagalina@example.org","0L9dKHjLB&","glafira96"
1185,"panfilovaevfrosinija@example.com","Zk0j#FRb)*","ilinvalentin"
1186,"doroninagap@example.com","(0FCLnVwCw","angelina_2022"
1187,"nikiforsavin@example.net","R$Y)MUed_0","lebedevignati"
1188,"zhanna2000@example.com","b19NDOdE^V","iborisova"
1189,"evgeni_2018@example.com","#mAhJCh45m","bobilevaanastasija"
1190,"galina2022@example.org","*W3DXpc7U*","kapustinjakub"
1191,"evgraf1972@example.net","J*9*KepmNy","aksenovsevastjan"
1192,"gremislav_2024@example.com","Q(@96+PwCK","vasilisa_1987"
1193,"raisa_56@example.net","S%Ll1Lxq5*","vseslav_66"
1194,"fainanesterova@example.com","@px9jpYg92","hmarkov"
1195,"kalininaalina@example.net","&cQLG@DP74","maksimovdementi"
1196,"nikifor2025@example.com",")qB3hoXrzj","konstantinovanisim"
1197,"miroslav08@example.org","*7ZQAbfL(l","nosovamarina"
1198,"kgurev@example.org","ru%7_MHf4+","muhinaevpraksija"
1199,"averkinosov@example.net","z6ZvVjkn(3","samsonovoleg"
1200,"sharapovavera@example.com","lvw8JTvd_+","komissarovaevpraksija"
1201,"semen2004@example.org","q9YevR#k+0","irinafrolova"
1202,"fokinsavva@example.com","Cki58dJi@U","filimon_63"
1203,"vikenti_26@example.com","&6WeUqhV+7","demid61"
1204,"cbolshakova@example.com","s9(0ZzhA^t","filippovauljana"
1205,"orest_1976@example.net","yd6rHQNc)9","hzhdanov"
1206,"lihachevazoja@example.net","b^O4VnCkYr","silanti51"
1207,"nonnabogdanova@example.net","_0iESeeDL6","sigizmund_1988"
1208,"kkononova@example.com","ds9T)kEur#","marinasergeeva"
1209,"kolobovdobroslav@example.org","$JfMU8bkn0","ufadeeva"
1210,"ermil1980@example.com","$^Id1!Mq6M","margarita_90"
1211,"taisija15@example.com","WVnhQ2Vbu@","fedot_2006"
1212,"boleslavzaharov@example.com","p$2T_bh7LS","egor37"
1213,"vissarion_1997@example.net","P+Q6yBtl*v","luka36"
1214,"denisovvarfolome@example.net","_1YGJ(dSpP","ekaterina_2023"
1215,"lebedevaevpraksija@example.org","0&0VWwdr@C","eliseevaagafja"
1216,"evdokimtitov@example.com","^3m!7CMzl7","fevronija_91"
1217,"isa94@example.com","2aGUfiqW_Z","valerjan1981"
1218,"krjukovazhanna@example.net","6(83TZbLs(","shirjaevamilitsa"
1219,"juri_04@example.com","*Um0)S_w)Y","konon_53"
1220,"simon27@example.net","r&7JCIaql_","marian_24"
1221,"kondrat21@example.com","+jXEgjRo7L","kornilbelozerov"
1222,"tverdislav_38@example.net","$d6bDhpflK","pavel_1972"
1223,"selivan2020@example.com","@$k0FNsuBV","ratmir2013"
1224,"ozikov@example.com","D&L0Deb90!","cnoskov"
1225,"uvarovfilimon@example.com","&wJDLboO%5","dmitri1985"
1226,"samsonovavasilisa@example.net","V2(27CfC&M","pimen_1980"
1227,"leonid81@example.net","l0)^P0Gxwi","pahomovgennadi"
1228,"galaktion2017@example.net","u6P)8PzeZu","samuil1996"
1229,"leonidodintsov@example.org","p4!*@FJd#x","ershovoleg"
1230,"sigizmund2000@example.org","D!6lEFvK6L","varfolome2023"
1231,"bobilevaevgenija@example.org","A9ZwkI#g$l","evgraf2025"
1232,"ebogdanova@example.org","1YJ+$4Dd)B","sofija_76"
1233,"zhdanovauljana@example.org","&aiKKWF!x9","avgust87"
1234,"orest2007@example.org","Bu6YLE5rI_","uljana2008"
1235,"larisashcherbakova@example.com","0_ZnxGGB_r","fekla2002"
1236,"irina_1997@example.net","D&7nXsUcBu","samuillapin"
1237,"marfa2007@example.net","Dj4YHCz7^r","avtonom2010"
1238,"milikrjukov@example.net","#KFj7thX&0","feoktist_31"
1239,"darja1988@example.net","Q#3ZHbeUy)","anisimovaanna"
1240,"lidija15@example.com","UN#O8AbQmZ","efremovveniamin"
1241,"vatslav_11@example.org","u7H^8oS_@z","antip_2000"
1242,"anastasijashirjaeva@example.org","+9*O&Xr9dr","anzhela1989"
1243,"fedoseevandre@example.com","FtMNFdp3$0","evstigne2018"
1244,"feklapanfilova@example.org","OtV5mG%xu&","klavdijajakusheva"
1245,"mir_09@example.net","N9897IQv5_","loragerasimova"
1246,"pmihalov@example.com","E!(9Ii6Gzu","nikita36"
1247,"polina93@example.com","$uKpgg5E1d","oktjabrinakalashnikova"
1248,"foti_2012@example.net","!1%*ZerMWz","nosovamarfa"
1249,"nazarbeljakov@example.org","I3K4+GIz&A","uljan_07"
1250,"darja_97@example.com","L*w1W*ok_L","ermakovjuri"
1251,"parfen_96@example.net","%&CqAGz_k3","ernest76"
1252,"efremovaevgenija@example.net","t7oYr$rc(e","foka_34"
1253,"marinaaleksandrova@example.org","5#3cDJTCYa","xveselov"
1254,"sofijazueva@example.com","#KjnyLiX#4","shchukinaanzhelika"
1255,"vladislav_77@example.com","+P2K2Rhvf0","kliment_67"
1256,"klavdi1996@example.net","yjCXQV%y^1","nikiforovsidor"
1257,"georgikulikov@example.com","&&1&Wnrt%f","raisa_1972"
1258,"zinovi_51@example.com","@r1AD@Sm^9","velimir_2001"
1259,"xbogdanov@example.net","j!Z@3FavZX","lavrenti_14"
1260,"antonina_1982@example.com","_2RB4cfpNb","iosif_1980"
1261,"igor40@example.com","1oIG2U$g_d","milovan_13"
1262,"alebedeva@example.net","k6XFVjcy_s","marian_38"
1263,"varvara51@example.org","#786k9Eue*","mark10"
1264,"kim_61@example.com","Q1a6e*sz_B","maksim_74"
1265,"amos1994@example.com","9^49MwKAh6","tihonovvsemil"
1266,"ekaterinashashkova@example.com","9v%TjFto!w","sofon45"
1267,"nikodim17@example.net","QWOrQ#xo%1","filipp2001"
1268,"trofim_2002@example.com","1#96#PsDr)","kkondrateva"
1269,"xmarkov@example.org","6H1WuxNm$f","ninabobileva"
1270,"david1995@example.org","s(3_aWZibj","agata_2001"
1271,"olgakomissarova@example.net","$tVZhLvb3T","konstantin56"
1272,"aleksandra92@example.net","eV9E@0Kbtv","danila40"
1273,"solomon_72@example.org","&@0&CzoHjK","judinantip"
1274,"sofija_1998@example.org",")7GRrMySA5","zhukovustin"
1275,"srozhkova@example.org","j&)8IQu)R^","anzhelikasharova"
1276,"olgaavdeeva@example.org","8#95jCxd1E","tretjakovasinklitikija"
1277,"anzhelikaefremova@example.org","$&MLDxqB^0","kiragureva"
1278,"irinakarpova@example.net","ATqh3Awsy)","llihacheva"
1279,"velimir_65@example.net","6iY#gi+3&k","ivan_1993"
1280,"harlampiustinov@example.com","h)6Qkxfx#d","glafirashchukina"
1281,"veronikanoskova@example.com","5)w6ND3e1d","natan2011"
1282,"kiraodintsova@example.net","bW!3K@ck$3","dementirodionov"
1283,"golubevilja@example.org","Uh7d4DUfx@","krasilnikovrjurik"
1284,"shirjaevamaja@example.net","4_0lcMHp$9","ksenija_64"
1285,"evgenija_2025@example.net","(ClLadCJy1","georgiaksenov"
1286,"ignatevakira@example.org","#%2zVOr76K","majachernova"
1287,"darjatimofeeva@example.net","kKm5*MjeI_","ljubim_2006"
1288,"ssamsonova@example.org","_R2JBy&i77","jakushevkornil"
1289,"antip_65@example.net","(U6DvFJM0V","ssmirnov"
1290,"pahomovaelizaveta@example.com","#7zx_SCVXd","ereme2013"
1291,"eduard12@example.org","qbIk1+!b)1","vladilen27"
1292,"hvishnjakova@example.com","aU%5DRtW@(","strelkovsvjatopolk"
1293,"sidor_95@example.org","RJKrrdmx&7","makar02"
1294,"foma_2007@example.net","*B7FCABoi6","zosimastrelkov"
1295,"kallistrat1986@example.org","Gil4s0lw@5","czaharova"
1296,"gedeon59@example.org","WCu*D1Fae(","nsafonova"
1297,"pantelemon58@example.com","g^5MjTj+rq","nikolaevaija"
1298,"dobroslav82@example.com","M^7AvCfOjc","ljudmilaisaeva"
1299,"kovalevboleslav@example.org","%W5PeLnUs0","adam_2014"
1300,"evgenijaivanova@example.com","35%1Pw$&bm","gurevanina"
1301,"andronik_1973@example.com","yyQ6DYyWJ%","kapiton_1997"
1302,"makarovaanzhelika@example.net","C!HS&6Du$S","mina_48"
1303,"darjazueva@example.net","tV(bg6GcO8","svjatoslav1985"
1304,"mechislav1988@example.net","Dj#3Qf)yP&","karpovaveronika"
1305,"qvishnjakov@example.com","gUPy&d$l+1","kira19"
1306,"abaranova@example.org","z0*0+)Gt9N","xbespalova"
1307,"ilinazinaida@example.com","n9v%S)kV@n","ckudrjashov"
1308,"lavr_79@example.org","oFsM8SqlH*","kborisov"
1309,"qbelov@example.com","VGQgBqP2%0","velimirvolkov"
1310,"larisakornilova@example.org","P6rzNrU__+","antip2002"
1311,"alla_24@example.net","A!7v9Qgcge","ksenija_65"
1312,"ibelova@example.org",")YPgJzV8(2","dementimorozov"
1313,"fedorovplaton@example.com","XC&1LpVU^5","gteterina"
1314,"mironshestakov@example.net","6m^0SL9yfr","marianmuhin"
1315,"orest58@example.org","#1SoOm0Oc4","anzhelikasmirnova"
1316,"fedorovakira@example.org",")KxyUJ4dp8","lebedevapollinari"
1317,"ipat2012@example.org","%zP9aLqa8L","ijaartemeva"
1318,"lavrjudin@example.org","$*GS#NEi18","iraidanikonova"
1319,"beljakovfeliks@example.com","(+30YfE@G6","nazarovavtonom"
1320,"rshirjaeva@example.net","zx1Y3lUlZ*","nikon_44"
1321,"dobroslavevseev@example.com","#NS39BOxT4","jakushevpankrati"
1322,"marian_67@example.org","^bM6DnY46f","azari1995"
1323,"hohlovanisim@example.net","^j0yN)Fe$%","sokolovrostislav"
1324,"olegjakushev@example.org","Kx4ThGko&f","danila2016"
1325,"egorovmihe@example.net","_qA7bp_o2U","nsamsonova"
1326,"uloginov@example.org","K7#OYw6I^f","akomissarov"
1327,"akoroleva@example.org","Yc%i8AStFG","asubbotina"
1328,"varvara_67@example.com","U&Sh3TwpHE","burovaevgenija"
1329,"vlasovgerman@example.org","+6RV&hDd5e","kapiton40"
1330,"nadezhdabogdanova@example.com","6EK1QtVs_n","asemenov"
1331,"andronik1979@example.com","J8fHp&ld+0","safonovboris"
1332,"valentin_20@example.net","Bft2U6afe+","lavruvarov"
1333,"fedoseevmartin@example.org","i_2Po_3wwf","valerijanikonova"
1334,"leonti72@example.net","hvp92Qn(7#","alekse_76"
1335,"rusakovfilaret@example.org","+b2Bv_ybRK","xmatveev"
1336,"usmirnova@example.com","X*8+G2BvO(","pmatveeva"
1337,"evfrosinijakozlova@example.org","(b91BsyH&d","demjan1972"
1338,"apollon_2007@example.org","(8lsLbGpZ*","csilina"
1339,"ippolit_1981@example.net","_+Epuw3Sj9","nekrasovsokrat"
1340,"vladimir1988@example.org","&xWd#Kj!3w","shilovmilen"
1341,"blohinnarkis@example.org","1a&Tn6XxKG","agafja2017"
1342,"ilarionshestakov@example.net","bL0RyE25)#","guri_11"
1343,"elise_37@example.com","@LVffrUi5c","viktorijasuhanova"
1344,"stojan_14@example.net","Tfl!u8Yv@T","fedosi1972"
1345,"ruslan_2008@example.net","B!#9GDKmz#","radovan2024"
1346,"anikitatretjakov@example.com","ygaWq0Z5v(","amos1977"
1347,"kudrjashovljubim@example.org","xxG0Ldj@f!","hkiseleva"
1348,"lukinafanasi@example.com",")Q#bSCr)73","ijaaksenova"
1349,"maksim_2023@example.com","57YJlY5W!S","seliverst_47"
1350,"viktor_2017@example.org","!11uXWcnHn","gnesterov"
1351,"isidor37@example.com","^GNvFlum#9","evstigne1976"
1352,"dshestakova@example.org","(Q@H4QloOn","prokofi_56"
1353,"ermilkonstantinov@example.net","3&1WVHrwCY","ignati2021"
1354,"wkolesnikova@example.net","0%ZV2iqW9Z","zinaidaavdeeva"
1355,"nestor1975@example.org","FL7lYbgt%r","evgenijalazareva"
1356,"ponomarevpolikarp@example.org","0)Q%$m7x)p","ljubovzatseva"
1357,"lihachevairaida@example.com","K%QI4IRj*m","nonna_1994"
1358,"qvoronov@example.org","m^$56W4klK","jakushevatatjana"
1359,"andron_11@example.net","deuZpq0G!6","samuil96"
1360,"lmelnikova@example.net","l5LeqtT_*6","sokratblohin"
1361,"elizaveta_46@example.net","0KJJ*55a$)","agatasharapova"
1362,"marianmoiseev@example.com","#u0sX5sP^H","stojan_1980"
1363,"trifonjakushev@example.org","*+8mKv91*S","hristofor_95"
1364,"boris_49@example.com","&6B7wxXtNM","lukjanfomin"
1365,"ckulakov@example.com","03L$%e6o@z","naum1989"
1366,"sergeevkirill@example.net","m0K0RBvB!e","afinogen_1998"
1367,"agatashchukina@example.com","*OPV9^AlZ@","sidorovavalentina"
1368,"lteterina@example.org","WJ4#lPeZ(D","lukija_2001"
1369,"vjacheslav99@example.org","@5hqU@Ao)K","ljudmilaarhipova"
1370,"xignateva@example.com","V%9mK0u4^_","moke2011"
1371,"zhuravlevafekla@example.net","!x1Be_HsN9","fedosi1987"
1372,"panovfeoktist@example.net","$8x8MXwf*e","mihe_80"
1373,"silantikuzmin@example.net","m98TUDvz^r","fainabogdanova"
1374,"tverdislav_1993@example.com","Kfi%*5Bvk$","foti_1999"
1375,"fedosi_1995@example.net","3sW@aj4)_3","efimovsavvati"
1376,"feliksgerasimov@example.com","Re9XkCHK4*","tvasilev"
1377,"turovagafon@example.net","*E2KF_5sP3","efim16"
1378,"glafirabaranova@example.org","!^41RKei_d","vsevolod11"
1379,"markovaalevtina@example.org","z6K&0Wo6s!","nekrasovpotap"
1380,"ninel1986@example.org","(w7YjElgyM","anatoli06"
1381,"nikolaevtvorimir@example.com","DwUDG@bq%0","drozdovernst"
1382,"pahomkotov@example.org","41ID8!Ah+g","asoboleva"
1383,"elise2018@example.com","F*eJ5xTb*Y","julija_52"
1384,"naumovalarisa@example.com","$(S++5ke9O","feoktist1991"
1385,"mpavlov@example.org","vo*7I3Cikv","pelageja_1988"
1386,"vsorokin@example.org","%90WpCydRW","uljan_12"
1387,"kaksenov@example.com","jq1oK8fw@@","ipatikomarov"
1388,"kostinolimpi@example.com","D8m8SYb3(t","karpovljubim"
1389,"julian_85@example.net","*9z8RHxf6+","kirill_1997"
1390,"ipat2011@example.org","_)W0UdQH4p","jbikov"
1391,"vasilisa09@example.com","@9mPhkU7LT","ljubovsemenova"
1392,"oktjabrinadanilova@example.com","SK7SyQpbB&","antoninaivanova"
1393,"ilja2019@example.org","%okoQ9XG_@","olimpiada_31"
1394,"vissarionrjabov@example.org","zQ@K5mQl(h","ngorbunov"
1395,"martin_2010@example.org",")(5BKkFFpN","stepanovtimur"
1396,"egorevseev@example.org",")UP5*!+d#^","orusakova"
1397,"kononovavasilisa@example.net","&!@PBVNn30","emilijanoskova"
1398,"tamarakirillova@example.net","7r1nSk6u^D","sidor_2016"
1399,"savvati_33@example.org","@yW_@MbJ7y","ogusev"
1400,"savelevaanna@example.com","!m&V#bbh5Z","vatslav40"
1401,"pavlovamargarita@example.net","4#FvqBmp*H","kozlovaoksana"
1402,"oksanalukina@example.net","n8dqC1m5(^","bogdan_1997"
1403,"rmironov@example.net","w7oITl2a!P","mbespalov"
1404,"margaritadmitrieva@example.net","4sM7i0jF@8","semeljanov"
1405,"ekaterinajakusheva@example.org","4EWnuVbW^4","karpbobrov"
1406,"tharitonov@example.com","ygMf2PXq6#","zinaida58"
1407,"arefi60@example.net",")spORAnr0H","svjatoslav_06"
1408,"birjukovvitali@example.com","w$8qCxnnE%","davidovazhanna"
1409,"ignatibeljakov@example.org","!LsqXPtag2","varfolome26"
1410,"tarasmakarov@example.com","NXO7S+hX^i","ipat_01"
1411,"konstantingavrilov@example.org","o_GH9YEccT","varlaamgorshkov"
1412,"martin2009@example.net","bZNm!XQ*)5","ljudmila_69"
1413,"onufri1994@example.com","skZ6pNAd_8","antoninnikonov"
1414,"sevastjannikolaev@example.com","A%4K5MHq4+","ljubov21"
1415,"matveevantonin@example.net","vX(1Jk6aer","grigorevaemilija"
1416,"olimpi08@example.net","+0r7Cz4ggH","lukija_41"
1417,"mkulikov@example.net","+%Xcp^Md2H","silinrjurik"
1418,"adambikov@example.org","y!1MtDnsw+","terentevfortunat"
1419,"valerija83@example.com","5En0$Tp4!H","evdokimovevstafi"
1420,"gerasim2001@example.org","gQz4Ww+Ff@","nadezhda1971"
1421,"darjakopilova@example.org","c7!nUyxp%!","safonovlongin"
1422,"ippolit_79@example.org","9+0A&Dg9IB","sobolevaija"
1423,"vladlen2024@example.org","@+Lx4BbNx$","lidijakalashnikova"
1424,"olimpiada19@example.net","_XK9x$va24","vinogradovepifan"
1425,"moise63@example.org","@88Tj1I@#h","krasilnikovspiridon"
1426,"lidijafedorova@example.com",")gI8sNf)jP","naum55"
1427,"varvarakolesnikova@example.net","F(R6YrszUw","emeljan_1995"
1428,"wanisimov@example.com","3L0_Tfd@A^","veniaminsubbotin"
1429,"zinaidakirillova@example.com","ff0mRi@T&p","elena_1993"
1430,"ipat_2026@example.com","__2eCWZpRQ","savelevmatve"
1431,"tretjakovaoktjabrina@example.net","&vL7jxXC9q","arkadikrjukov"
1432,"efedorova@example.org","x$x5WRmbSr","kuprijan_2010"
1433,"zahar2014@example.net","5wFHLK4j*Z","larionovgeorgi"
1434,"isa1976@example.net","U)U1CmaCh^","fedoseevalora"
1435,"gremislav88@example.com","_YnT+9ZwF5","zinovi_1992"
1436,"kolesnikovapolina@example.net","(2VVD8eMdt","ilja_1996"
1437,"istepanova@example.com","m6)SX7Ut+z","veronikagromova"
1438,"artem_20@example.net","2K3ACmDyz^","ernest_1986"
1439,"gremislav67@example.org","6WCVswMn^t","juvenali_50"
1440,"martinovnaum@example.org","Sw515PIf_9","fadeevatatjana"
1441,"konstantin_1989@example.org","Ume0SuEw&Q","luchezarkorolev"
1442,"milovan44@example.org","x*Ya8yPp0y","gorbachevanaina"
1443,"praskovjasavina@example.net","&b5fnS#njl","faina1973"
1444,"praskovjaisakova@example.com","$TuA%KJFq1","turovmihail"
1445,"radislavtrofimov@example.net","9b*%5Zd%@w","semenovaalevtina"
1446,"timofe2022@example.net","$9iu^U#WlX","martin_1970"
1447,"florentin2009@example.org","#4GGljkaz7","pavlovamaja"
1448,"ugromov@example.org","c%qP#HJF+6","aleksandraisaeva"
1449,"marknazarov@example.com","J4TiyLMf&1","shestakovroman"
1450,"jaroslavromanov@example.net","d3ZD7e4c)x","georgi_85"
1451,"komarovaviktorija@example.com","Z6MI1*D+)m","evgenijaselezneva"
1452,"ershovaolga@example.net","c8tIzZpB^9","taisija_2015"
1453,"karl_69@example.net","_uDY1%Cke)","arkadi_2002"
1454,"agap1986@example.net","#9E0xUiQaU","demid2007"
1455,"tvorimir_2021@example.net","&@*D1YLj1A","kazimirguljaev"
1456,"elizaveta1976@example.net","w!t7HdY_2P","petrmaslov"
1457,"svjatoslav2018@example.org","GE0^dVwOm^","vitali_37"
1458,"gromovamargarita@example.net","(m9WbhMoJ3","galaktion87"
1459,"filaret_30@example.net","eZhmrC@d$2","filippsharapov"
1460,"lobanovaksenija@example.net","2+#3Xi_rLr","leontisafonov"
1461,"tarasovafevronija@example.org","$+1Yqnn6yv","potaptrofimov"
1462,"melnikovaklavdija@example.net","X@f&I9Bjxo","averki1972"
1463,"borislavkulagin@example.org","uFNQ19Gb*P","suvorovalarisa"
1464,"valentina77@example.com","$6YLKqGHo2","egor06"
1465,"parfeneliseev@example.net","y4YlpyW(!f","bolshakovkuprijan"
1466,"smuhin@example.com","xl8Qy0H!H!","glafirakolobova"
1467,"kononovbudimir@example.org","M#2vM7*w$%","demid2015"
1468,"petrovasvetlana@example.net","_(U_Do17h1","nikodim_2025"
1469,"klavdijamironova@example.org","A6CbBuNf&d","kalininaristarh"
1470,"eribakova@example.org","!i6bDu!e%$","foka36"
1471,"nikifor1976@example.net","h!yc9R53+1","nikitindanila"
1472,"klavdimerkushev@example.com",")4Vk^A(b*!","mamontovaksenija"
1473,"eleonoragavrilova@example.com","kL&1FosVz6","milovan2023"
1474,"vatslavkonstantinov@example.net","^98wvXijiE","naina78"
1475,"anastasijashestakova@example.org","kFk9v8Kwv%","antip_2009"
1476,"klavdijazhuravleva@example.org",")dF8vAi7Ba","odintsovfade"
1477,"sinklitikijavasileva@example.com","uZMtLJXw(0","valentin_86"
1478,"komarovvjacheslav@example.net","0tZL^p&Q$v","andronik_33"
1479,"petrovaevfrosinija@example.org","#)6xCsRc$&","wbaranova"
1480,"leonti1996@example.org","Iu7MJSYxw#","ksenija_1974"
1481,"harlampisharapov@example.net","8aC0Lg7@l^","agafjauvarova"
1482,"vladimir81@example.com","%7gA1^ei3A","valentinamartinova"
1483,"viktorijaaleksandrova@example.net","e42LnzpO@2","hariton1994"
1484,"npanova@example.com","bL9*cLIo^6","stanimir_09"
1485,"pzhuravlev@example.net","a2PGYl%q#l","zinovevdementi"
1486,"vladislav_2002@example.com","!4JRZj*mKL","loginovaantonina"
1487,"dobromisl1988@example.com","i)0t&GnEc+","olimpi_1986"
1488,"tbeljaeva@example.com","!4AsW)98b)","efremovdanila"
1489,"vladlen_93@example.net","P7IOZtlR^_","ninelandreeva"
1490,"paramonribakov@example.net","VmSFEgBb!5","darja_08"
1491,"fedot1981@example.com","(7PNBuikza","juvenalimjasnikov"
1492,"subbotinanonna@example.org","(&mCYxg6i9","izjaslavkondratev"
1493,"galina_08@example.com","%&ux8Eu)%y","panfil17"
1494,"eliseevanaina@example.net","#R4T&NiJf%","avgust_1999"
1495,"afinogen_2002@example.net","6daBU%Uv*6","elenamjasnikova"
1496,"evstigne_57@example.org","iC!4wJm)ke","anisimovnikifor"
1497,"avtonom1976@example.net","!%sJ6&Zqh7","gennadikolesnikov"
1498,"gostomislblinov@example.com","6fTIE#Lu@6","yselezneva"
1499,"gavrilovharlampi@example.org","L7f9e3Pv&G","odintsovratibor"
1500,"kivanov@example.net","BiK44BgYp)","serafim_94"
1501,"lukijaershova@example.net","@3S)0hZu7u","babramov"
1502,"eleonorakrasilnikova@example.org","3pOd9kwt+)","selivan35"
1503,"milovanshestakov@example.com",")1yVirv1eJ","msharapov"
1504,"milensharapov@example.net","umg01KDxs_","bsorokin"
1505,"nonnaponomareva@example.com","!6^ONTlnR8","jakushevdobromisl"
1506,"irakli_2003@example.com","m#ScOQ@o!3","uljanakuznetsova"
1507,"veraustinova@example.com","p$T9BDVl*3","vatslav1971"
1508,"akolesnikov@example.com","rD5^yVnL!j","serafim28"
1509,"evfrosinijaegorova@example.net","Y@^+1YfSp0","kornil_05"
1510,"markemeljanov@example.net","2^^vwDqg(_","anastasijakudrjavtseva"
1511,"efim_1987@example.net",")Y^cpwFv1y","evseevaninel"
1512,"mishinaveronika@example.net","GU^3Uo#j!#","maja30"
1513,"ferapont21@example.net","pT8VnNj1*V","aevseev"
1514,"lavrentevakira@example.org","_(^528ZbXK","fhohlov"
1515,"evgenijashchukina@example.com","sn9F9SSu*$","ckondratev"
1516,"maksim26@example.net","V3gJxpy9+G","ostromir56"
1517,"olga_2019@example.com","_49p4Sxx$2","belovagap"
1518,"angelina_2020@example.net","*qpfO6bA46","prokofi_1981"
1519,"sobolevadrian@example.org","mo@2Pmyf(*","svjatopolk_40"
1520,"mark_2011@example.net","KQU6tQwX!^","larisabeljakova"
1521,"kondratevvsevolod@example.net","!@C8Frp2j9","bazhenefremov"
1522,"nonna_87@example.net","^2GjHlEQ*u","dementevnikola"
1523,"ershovplaton@example.org","@2u_m0XbG@","aristarhisaev"
1524,"lihachevatatjana@example.net","(HBVrWYzN4","militsakalashnikova"
1525,"ija1996@example.com","7#P7UEqjD@","izot_2006"
1526,"shcherbakovvatslav@example.org","@vZ+w@Fdd7","lavrentisamsonov"
1527,"belousovaekaterina@example.com","mP8U9xJTE@","apollon_2004"
1528,"jakub_2000@example.org","!_OZ5P0u0H","milan74"
1529,"pankrati1986@example.net","GvsT^9+2%3","feofan2006"
1530,"strelkovasofija@example.org","!S1JaDFkJ+","galaktion2016"
1531,"ladimir_2007@example.org","0k55^DOeI)","kiranoskova"
1532,"boleslav2013@example.com","MWo0sDpu@2","kazakovamargarita"
1533,"apollinari_59@example.com","5u+jUWDk(8","ksenija64"
1534,"jan43@example.net","_1xsRarr%1","arkadititov"
1535,"grigori_56@example.com","2qddJcbO*w","evfrosinija_1973"
1536,"semen_2007@example.com","d12HZnGd&s","bolshakovonufri"
1537,"savelisuhanov@example.org","RE6^x*bc$@","rdmitrieva"
1538,"potap1978@example.org","+7izOLHyyX","eliseevplaton"
1539,"vasili2013@example.net","_(8KBB7zsa","alevtina31"
1540,"viktornikonov@example.org","^O*4_xYvzd","julija15"
1541,"afanasevavera@example.com","m^8L3xU8E+","ksmirnova"
1542,"nataljasmirnova@example.net","(Z8HWhgp5i","longinkudrjashov"
1543,"ivannamakarova@example.com","0(R7KIoXxa","orest_1972"
1544,"anatoli_2008@example.org",")lC@I9Vl6$","zinovevipat"
1545,"tivanov@example.net","^0V9hGyF^0","terentimishin"
1546,"veselovaljudmila@example.net","f@6ZiP(7Kf","agafja1997"
1547,"beljaevmartin@example.com","Z*4yKxJhaW","lev_11"
1548,"anatoli_11@example.com","X*@6KcixVp","valentin2014"
1549,"viktor2010@example.net","de2N!3n%&k","andron_56"
1550,"guri_90@example.net","sI16nxMqG!","antip_2018"
1551,"fedotovmihe@example.com","c#12BoNY3C","volkovagap"
1552,"veronikakondrateva@example.org","5@Nhi2Mu^J","solovevapraskovja"
1553,"naina19@example.com","P4yO5Jsj)3","zikovsaveli"
1554,"dementi_1973@example.org","i9QN&nWb+q","dementi91"
1555,"stepanovavgust@example.com","U6%OCdxX#*","ustinovtimur"
1556,"angelinaershova@example.com","3S6RlK7#C*","fedosi_2002"
1557,"kallistrat_2015@example.net","X_JJ4s+H(0","borislav_1999"
1558,"turovsolomon@example.com","VgZJ9LXy!$","chernovaviktorija"
1559,"mershov@example.org","H*Uz1X)agy","skarpov"
1560,"lukaaksenov@example.net","c#C6FrT5#e","martinmamontov"
1561,"cjakushev@example.com","&x0LEhCTs_","loginovafevronija"
1562,"htihonov@example.com","Gj7Q0LCo&@","baranovsavvati"
1563,"yegorova@example.net","7(2Pb6OXDn","ivanovpimen"
1564,"zahar_1989@example.net","l#2Jx%SP#!","avgust2009"
1565,"rusakovaolimpiada@example.net","V&d8RkHdaL","konovalovkasjan"
1566,"filatovfade@example.com","W^3CKOq(US","wsoboleva"
1567,"rozhkovanatalja@example.org","$gAQBq#df7","klavdijalihacheva"
1568,"ipat_1992@example.org","Rn2JEkGdY+","adamzaharov"
1569,"januari_2019@example.com","*7_LNSo2uI","nikolaevkonstantin"
1570,"semen_1985@example.net","UyRm8FnT+$","lukija2019"
1571,"kolobovfedot@example.net","(6qNp6(cQq","solovevilarion"
1572,"narkis_50@example.net","Ds_6XkmyT!","petuhovgalaktion"
1573,"hariton_12@example.net","+H3R%Z6lnR","nikanor_45"
1574,"ratmir_41@example.com","w!5LK0qp%v","anatolinoskov"
1575,"parfen39@example.com","tv6@UyiuO^","nonnagerasimova"
1576,"avksenti_2016@example.com","jB*61oBo$8","mamontovaakulina"
1577,"kirill_62@example.net","Wa)8)PKg@Q","mstislav_17"
1578,"wkulagina@example.com","M7OmUpPq!S","moiseevanani"
1579,"andronik_1973@example.org","Y7CWQ9Az#&","epifan_04"
1580,"rozhkovspartak@example.com","_e8spEna7%","dmitrinikitin"
1581,"varfolome_97@example.org","$8V0N$pY&t","sigizmund_2016"
1582,"kallistrat_40@example.org","4*oThPTf*(","savvakomissarov"
1583,"poljakovanonna@example.net","m%7TLEa90g","dmitrievmoise"
1584,"olimpiadasamolova@example.net","ktR$g2Ir+7","elise40"
1585,"arkadi1999@example.net","^GzG3BTm0!","mili_96"
1586,"gostomislsharov@example.com","cY(X3kDmfG","maslovaanzhela"
1587,"anani2015@example.com","$r5Q0*Yu33","evdokim84"
1588,"filaret67@example.org","(*2JT@tz*N","narkis1996"
1589,"mbogdanov@example.net","K3DeN)$l&6","valentinabramov"
1590,"lidijamuhina@example.com","^13EGGRnyS","gedeon_66"
1591,"savvati_45@example.com","ALB2QWNyI_","anzhela_2018"
1592,"evstigne_28@example.net","$Y0P!^%dq3","vseslav32"
1593,"valentinasharova@example.org","(_a7AbqPJZ","onufri15"
1594,"kirillbobilev@example.net","P^0F9h&ms_","suvorovauljana"
1595,"modest1995@example.com","!ns2(Vw@@3","guri28"
1596,"lobanovavarvara@example.com","E93G5cK0_f","ugolubev"
1597,"andronikevdokimov@example.com","^tq8TN)qy+","valerjan02"
1598,"zgalkin@example.net","L0WNi2!a%4","ipati60"
1599,"avksenti44@example.com","yu8bKDzu+5","avdeevevdokim"
1600,"efimovasofija@example.net","$9b6R)HmIL","narkis_57"
1601,"turovaemilija@example.org","bO1TPXeme+","emilijashchukina"
1602,"elizar23@example.com","FM87Sb45O!","ilinanadezhda"
1603,"avtonom31@example.net","Fmy9TV0q)9","agafonovaantonina"
1604,"gavrilovapolina@example.org","vmOImwM2!9","demid_44"
1605,"ostap_1974@example.org","l3VNMvF4$3","seleznevvitali"
1606,"ljudmila1982@example.com","41*4KElg#J","silinajulija"
1607,"okuznetsova@example.org","8a(5WZ!h7*","zosimasamsonov"
1608,"kirillovaoktjabrina@example.com","*654zU$bGG","ljubomir1983"
1609,"qshestakova@example.com","Ci6S%ssyu#","dorofefilatov"
1610,"sinklitikijasergeeva@example.com","1n^O3Rdk*W","arhipovkonstantin"
1611,"lkondratev@example.com","+U3Ti$84h#","subbotinazhanna"
1612,"evgraf_88@example.net","w3A#Ljca$8","arhippoljakov"
1613,"pantelemon18@example.org","#5)FvxBHG+","serafimkolobov"
1614,"erast71@example.net","KJS2MhWW(d","ljudmila75"
1615,"nikon_1982@example.net",")x99C+nft*","evstigne_2017"
1616,"savva_66@example.net","7q65E7Wq)*","irina2000"
1617,"artemevmilen@example.org","X(tM!!Nc$0","qgordeeva"
1618,"miheevatatjana@example.org","Hi14HAke^@","zinaida_02"
1619,"antonovaraisa@example.com","Q*6PE_UcQ8","kolobovselivan"
1620,"gerasim_29@example.org","@j1BueDN0m","zhuravlevaelena"
1621,"pkoshelev@example.org","m#*2HzR1!E","zhuravlevavalerija"
1622,"braginsidor@example.net","RNK8O!dX^6","trofim2024"
1623,"kim60@example.net","+4GLAi%@y_","chernovaevdokija"
1624,"krasilnikovanani@example.org","&_L#t!jhT5","savinvadim"
1625,"sisoevsimon@example.org","NH*7(KxE8Z","zojazatseva"
1626,"semenovaaleksandra@example.com","OOqA6UUr)X","filippteterin"
1627,"antoninasavina@example.org","R3nT2VHh&Y","jgromov"
1628,"vorontsovataisija@example.com","_d7PADik2C","djachkovjanuari"
1629,"andronikkovalev@example.org","#Y4zmThF*C","nonna_1991"
1630,"gedeonkuzmin@example.org","W6Wo)tX#^b","arseni90"
1631,"nestor_1996@example.net","!+9QaMoPfv","danilovazoja"
1632,"evlampi1981@example.net","PJ0DE9eyB$","firs_57"
1633,"hohlovapraskovja@example.com","J65m%3GpdS","evgraf33"
1634,"gostomisl1997@example.com","m*l9JVy+q@","luka_55"
1635,"kiraisaeva@example.net","*8c0Rlmc@I","kulikovtverdislav"
1636,"feofan_2004@example.com","m2m@8U#aEp","evpraksija41"
1637,"muhinakira@example.net","!Ud8jBbJi*","egor_1982"
1638,"zhukovavalentina@example.com","@)E4Llp2LD","cstepanova"
1639,"radislav34@example.org","*2E!Fq%3k&","julijanikiforova"
1640,"trofim89@example.net","Dpdm(0Easr","egorovandronik"
1641,"shirjaevavksenti@example.com","F882Eed0_!","antonina_2015"
1642,"mstislav_43@example.net","Jd8TjqPu_Q","radovan_08"
1643,"fevronijasitnikova@example.net","N$74g+fuzP","parfenborisov"
1644,"mihalovaraisa@example.org","c2nAFZ$i*@","karp_1988"
1645,"nonnaegorova@example.net","TL)+8O0w_F","zinovevanike"
1646,"orest1978@example.org",")#Tv1wf(Z6","agafja1987"
1647,"ljubosmisl2011@example.net","8Dyxvkhr)D","marinanaumova"
1648,"kotovboleslav@example.net","_q5z6WjM4S","fadeblohin"
1649,"bojan_61@example.net","+oENlpV+%3","ostromir09"
1650,"antonin1997@example.net","+7^CtXqn)j","nonna2005"
1651,"foma_18@example.net","^2T06Le&*D","qkozlova"
1652,"galaktion_2016@example.org","zKKILZEb_9","mefodi_2021"
1653,"mmjasnikova@example.org","!6&78Zz&!N","saveli32"
1654,"valentin1997@example.com","&PeCKKNe5U","glavrentev"
1655,"ija42@example.com","On8z)BrJg^","evgeni_1974"
1656,"danilasmirnov@example.com","nM99HOdlM$","maksimovataisija"
1657,"ljubov_1992@example.org","zVI^c7GR*7","melnikovspartak"
1658,"fevronijavorobeva@example.org","t(2QBGXxoC","fdavidov"
1659,"askold_1993@example.net","#66VBmt&pD","fedoseevorest"
1660,"sevastjan2002@example.com","98GmgKFW(e","ratibor_49"
1661,"noskovpetr@example.com","ZQp2G+Ta%7","viktorijaefremova"
1662,"andre98@example.com","10Xp7Ss_#(","mili_30"
1663,"glafirasidorova@example.net","%W9*Qv&C(E","evlampi1972"
1664,"zojabeljaeva@example.org","H_01oUteEk","ksenija72"
1665,"valerija_02@example.com","_5MKSCFyJv","dobromisl05"
1666,"polinamarkova@example.com","Ih+0iMXxyg","semenovgorde"
1667,"spiridongalkin@example.net","+C@0Mgwk58","qfokin"
1668,"prokofi_1988@example.net","2mV5G_q11@","zinaidasimonova"
1669,"sofijapotapova@example.net","K3XWvLFN*b","vikenti_2011"
1670,"kiravolkova@example.com","8LUvlKTP$X","karpovnazar"
1671,"ippolit_2004@example.net","%3k1K6Nh76","egor_13"
1672,"anovikov@example.org","X&0Qzvxo!@","nikonbespalov"
1673,"nikon89@example.com","b(63m7Jh&G","ivanna_39"
1674,"lihachevaraisa@example.org","*S2XAjzedr","ljudmila_2008"
1675,"mitofansazonov@example.com","^1tJsW#E5i","tsvetkovaevgenija"
1676,"jan57@example.org","8XK3MBeg@C","muhinruslan"
1677,"onufri89@example.com","@8d@BhNyds","larisa_1998"
1678,"frolovarhip@example.org","&7kDNGrG$E","elizargrigorev"
1679,"komissarovaanna@example.net","Inc6HsIa*@","marija_99"
1680,"baranovaolga@example.com",")h42KUykqc","haritonovchinnikov"
1681,"fominaljudmila@example.net","QeYm8lmL*1","alekseevepifan"
1682,"pelageja_1978@example.org","0u!XVuy4+b","ljubovalekseeva"
1683,"isa63@example.org","^CGPN&Mi4B","aggezhuravlev"
1684,"prokofi83@example.net","eJvL+7Ldn@","evgeni_2017"
1685,"pelagejakovaleva@example.com","(4sSYZHynK","kirasoboleva"
1686,"nonna33@example.org","q#V*2PcyBY","rodion2005"
1687,"lorablinova@example.org","Kf_+1mToSO","marina83"
1688,"larisaermakova@example.net","y^x%6k5jSM","zaharovazari"
1689,"viktorivanov@example.org","wW$5EfY$P)","sila_27"
1690,"pelageja_13@example.com","M$D5&!LddK","budimirafanasev"
1691,"spetuhova@example.com","L+GyQkmL+0","agap2023"
1692,"andronik72@example.net","o^7BBbgucz","belousovfedot"
1693,"evpraksija_52@example.com","%Hcl7CEc4Y","fedosi_52"
1694,"petreliseev@example.org","M^vAPAHp$0","ufilippova"
1695,"fominaagata@example.net","_K)6hOuws4","vladimir1975"
1696,"lukjan_15@example.net","As9vY%V1N&","tatjanasafonova"
1697,"martinovavera@example.com","68h5oSrT^g","kornilovlavrenti"
1698,"marijamerkusheva@example.net","Or88Apd_%k","ipatirogov"
1699,"melnikovjakov@example.org","*B*t0mWkK9","taras_60"
1700,"pimenmaslov@example.com","#2Spg+#3NX","kotovpetr"
1701,"danila05@example.org",")L0KJo7ypB","tihonovaveronika"
1702,"tatjana_2017@example.com","(Bs7VWtz#_","galinapavlova"
1703,"trofim_1997@example.org","3^616NDnMT","yturov"
1704,"kudrjavtsevaakulina@example.net",")3GodyQP$^","foti_51"
1705,"lshashkova@example.com","u@G!P7i0%0","zfokina"
1706,"julija_22@example.net","7na$e3Fbyv","anzhelika_89"
1707,"ermil2022@example.com","!1EyNu8o8d","anna_1977"
1708,"karpovaanastasija@example.net","$+6Q&vum+y","pestovvasili"
1709,"nekrasovjaropolk@example.com","3yQzQfnu!Y","ckazakova"
1710,"ipati_1986@example.org","3vk2^FbuA+","vsemil36"
1711,"taisija_10@example.net","8k4Fbthbe%","milovannazarov"
1712,"tkarpova@example.com","!k34XQpd&B","jtitov"
1713,"evdokimovmihe@example.com","FQA1RX8z*4","isidorloginov"
1714,"luka_2007@example.com","m8yV*DWe!O","potapovaanna"
1715,"vera_19@example.com",")W1RqMlddn","pahomovaeleonora"
1716,"pvolkova@example.org","&QbU2tbPq1","azari21"
1717,"miheevseev@example.com","(0t6JWFn2j","mihe_1980"
1718,"lev2001@example.org","%G8T9Eabxg","valentin1974"
1719,"rdementeva@example.net","V8I4OoLyG&","sinklitikijalazareva"
1720,"antipignatev@example.net","#4vXnI#p0P","sdmitriev"
1721,"olgaaksenova@example.net","n9Eeu4Uo$w","kornil_2007"
1722,"sitnikovazhanna@example.org",")GqBLsp#&8","usimonov"
1723,"seliverst86@example.org","%QkSpvb860","bikovfeliks"
1724,"aleksandrafokina@example.net","+C&5Jb_eZ*","vladilenershov"
1725,"harlampi_2002@example.net","WY)Y9pdK7^","gnekrasova"
1726,"lukija2006@example.net","SR@*4VuPc%","klavdijashcherbakova"
1727,"semenoviosif@example.org","31LvANDb_J","gdjachkov"
1728,"natalja_00@example.com","6#8CVSrd!t","marina2014"
1729,"mihe_52@example.net","!1Qe!H0xAg","ugerasimov"
1730,"lavrentikorolev@example.com","(34M89eE*J","agata_73"
1731,"samsonovsofron@example.com","*$33afDgc2","ipat1983"
1732,"borisovpavel@example.org","X+7gYvLKqY","onufri_2022"
1733,"kapitonsamsonov@example.net","s0TJMm8%_!","grigori_2009"
1734,"fedorprohorov@example.org","o8a1Ijts^3","venediktsharapov"
1735,"mfokina@example.net","*e8QQihx25","seleznevnestor"
1736,"agafjaosipova@example.com","*!SNP5Zyk2","zuevaagata"
1737,"ljudmila_24@example.org","i&k5UJyR)r","makarovaregina"
1738,"bogdanribakov@example.net","e2CDKuWH(L","lukjaneliseev"
1739,"naumovaolimpiada@example.com","f9oyxIr&#u","rozhkovvalerjan"
1740,"larionovaangelina@example.org","$56ITQz*_F","sinklitikijalebedeva"
1741,"lkulakov@example.net","mAM6_pw6s(","kudrjavtsevaalina"
1742,"ruben_1992@example.org","&CXo$afA$7","lavrentevparfen"
1743,"eblohin@example.net","+J0SKtgBFA","wsimonov"
1744,"vladislav2024@example.net","_R@fM#slp7","ivanna_2014"
1745,"karpustinov@example.net","sjA0LdaUE^","sofon1984"
1746,"afanasi_24@example.net","(_9UhYG(e8","zinaidakozlova"
1747,"uljana_57@example.net","KT%r4JGb9N","tivanova"
1748,"uljanasergeeva@example.net","V#4HaIaD(J","milan2006"
1749,"sergearhipov@example.com","rpE0nQBjQ@","izot2017"
1750,"nina30@example.com","5aw7#Wpl)!","evdokimgorbunov"
1751,"onufri89@example.net","u$28HSxq@Y","filipp2008"
1752,"lapinaantonina@example.net","@&G1shWvj&","kulagindanila"
1753,"tmartinova@example.org","R+CVxoBc&6","andre_1982"
1754,"romanovvladlen@example.net",")45Befys8&","nikiforovfeoktist"
1755,"nikodim94@example.com","0L!D$wvk+h","bsemenova"
1756,"agafjanikonova@example.com","6@3PAvvr70","pestovstepan"
1757,"mkazakova@example.com","UY4Q16fem&","solovevonufri"
1758,"varvara_2018@example.com","8fSTZjx2(o","valerija1974"
1759,"evdokijagavrilova@example.com","d67PIle))V","vorontsovalukija"
1760,"pchernov@example.com","3913JOKg_o","zinaidanikiforova"
1761,"ernest_1970@example.net","&09mHJuzfd","ermilprohorov"
1762,"vlas_86@example.com","$yo^1U0nup","fedosi31"
1763,"kondrati_2019@example.net","H4@e_C!r(4","mirseliverstov"
1764,"dpavlov@example.com","@JaxMW^bP9","ipativorontsov"
1765,"fade42@example.net","##z8JjZtOt","safonovdementi"
1766,"voronovostromir@example.com","K4NTDL_z^Y","david1978"
1767,"teterinaagafja@example.org","m5zRTc0p_9","vasilisabaranova"
1768,"ivanna2006@example.net","%yAPqeAq*0","konstantinovaanna"
1769,"savvati_97@example.com","Hh!JZCWd+5","bazhen82"
1770,"nemeljanova@example.net","G27)EAMz#z","miroslav2006"
1771,"fedoseevkir@example.com","MP^^8Ivgp1","iosifpanov"
1772,"trofimovermola@example.org","&UO08bJyF(","kalininjakub"
1773,"kopilovaverki@example.org","kcrRZcOA(6","serge_34"
1774,"suhanovsilanti@example.com","%1KXRCxqhc","xdenisova"
1775,"silanti_36@example.org","**tF1b188K","irakligromov"
1776,"ljubomir_1991@example.com","dyai35XhR%","poljakovaregina"
1777,"roman31@example.org","qS+e1SDpNX","orest_02"
1778,"denisovserge@example.net","_88xVTJe)i","demjanloginov"
1779,"ustin_2019@example.com","1nY7&EfC!j","nestor_1971"
1780,"ilja70@example.net","3GPQyNWe(r","mechislavkulagin"
1781,"xzuev@example.net","^!B6LJrk4U","raleksandrova"
1782,"taisija_34@example.net","98iD8@d!#0","litkinanisim"
1783,"rodionovmefodi@example.net","qDK1wNEb)K","januari_44"
1784,"gmamontov@example.net","mCYAnewW%3","ljubovsmirnova"
1785,"gzuev@example.com","^)uA_thzL0","hariton_1992"
1786,"nainafomina@example.org","lZW0Xssl(f","osip11"
1787,"dmitri_1988@example.com","!s08Wo!k&W","davidkotov"
1788,"vlasovagap@example.com","QS+9RoYGy#","nikandr_2003"
1789,"ziminmakar@example.org","_lSG2yESJ8","vsemilkonstantinov"
1790,"german1975@example.org","*w!lKSHjc7","timofeevmstislav"
1791,"akimshcherbakov@example.org","@7rEWCYdnp","rjurik17"
1792,"yosipov@example.org","!2eNCnDff8","kabanovaevfrosinija"
1793,"demjan07@example.net","&b5QjBTsv@","varfolome2001"
1794,"savelevaoktjabrina@example.net","G#^9uQhjWP","ferapont2025"
1795,"evseevajulija@example.org","&44T3PfXQy","gorbunovsofon"
1796,"apollon2017@example.org","$K1JUtoIW!","evpraksija_81"
1797,"igor_1997@example.org","aT^5YnU^Ku","ruben95"
1798,"praskovjanekrasova@example.com","$xIwUI3j#7","agafjamuraveva"
1799,"agafja28@example.com","$#)0@BhUe3","pahomovatamara"
1800,"kotovanina@example.org","vfTP6KZAl(","emilijakalinina"
1801,"lukijaabramova@example.net","jXLDb2T9!7","bzhdanov"
1802,"jmihalov@example.org","%TkSp!fc!2","anzhelikarodionova"
1803,"radovanavdeev@example.org","#WXkOuMWv8","trofim80"
1804,"teterinserafim@example.net","o5UCpAZM#I","alekseevisa"
1805,"glafira_1994@example.org","J*F7DFgJ+i","marfa_2024"
1806,"alevtina81@example.org","8+X7GPpv_X","raisaemeljanova"
1807,"juliprohorov@example.org","*C35)AQa#V","osip_57"
1808,"dobroslav_2008@example.org",")BVSy5c))4","angelina2017"
1809,"silanti1984@example.net","$f3AxcN1!&","marfasamsonova"
1810,"vinogradovaljubov@example.net","D@1SSv^FGX","milan_1979"
1811,"karpovvissarion@example.net","!!47oSsf)0","vasilimatveev"
1812,"nkotova@example.net","%l2GUWbt_9","taras_73"
1813,"ostap78@example.org","y0Zc%y2I)5","sorokinatatjana"
1814,"natantretjakov@example.net","(e^5DD6wx!","molchanovaoksana"
1815,"aristarh79@example.org","8wUlEX&p*Q","agge75"
1816,"ibolshakov@example.org","afKU$2SzCr","uljan81"
1817,"mtretjakova@example.com","$9YAUcr^TX","nadezhda_2023"
1818,"matve77@example.org","X_6XA1$qvl","frol2014"
1819,"orlovaraisa@example.org","X9DYI$bx+d","bespalovefrem"
1820,"vera_1976@example.com","3Um33I2x8)","polinakudrjashova"
1821,"julian_80@example.com","h*f1JwovN0","vasilisa_1981"
1822,"ernst_2020@example.org","@qAn6Sko&7","stepanovkornil"
1823,"uljan_46@example.org","5qHn3D9&)A","alekse48"
1824,"sisoevbronislav@example.org","!H+CsDl(e2","solomon28"
1825,"borisovanatalja@example.net","%HM5Xm$fz+","beljaevdobroslav"
1826,"kapiton28@example.com","_49PspNwZ_","karpovadarja"
1827,"iosif10@example.com","*G4oToyiIL","ereme_90"
1828,"mark_2001@example.com","403#7AkHx*","hanisimova"
1829,"xkapustina@example.org","gT%94ObyBC","anzhela2022"
1830,"lidija_1983@example.com","x_z1g(ka(J","tverdislav99"
1831,"hsamolov@example.com","E_)9NZ^jhZ","nikita_33"
1832,"strelkovgleb@example.org","4)k32rzpjC","mihail_1994"
1833,"nikitinaanastasija@example.com","zRy0uUst$D","irakli27"
1834,"makarmolchanov@example.org","5q7NXsWj^r","kulaginlongin"
1835,"fominmili@example.org","#JLI3%EmMy","gavrilovaljubov"
1836,"afanasi_2014@example.net","(7L(e_csCT","korolevaevdokija"
1837,"emmanuil_1981@example.com","GgJNdsko$1","efimovavasilisa"
1838,"svetozarpahomov@example.net","$OBZ!z#Uy3","tatjana_1982"
1839,"sokolovkondrati@example.net","R&d9)cCJNw","andre_32"
1840,"mili_2001@example.net","&FE%X@Qp77","hfadeev"
1841,"veronikaaksenova@example.org","%cki47Hh2e","isharova"
1842,"taras_2005@example.com","@3k1RSP2jN","proklsokolov"
1843,"ernst1980@example.net","hbW4ePMb$o","marfa1989"
1844,"lukasidorov@example.com","Oe5W)Nn8M@","nknjazev"
1845,"teterinazinaida@example.org","xcMOZdeT@1","polikarpgolubev"
1846,"petr_50@example.org","C4XwMQxW@I","galaktion_1994"
1847,"askold_1990@example.org","*aTQjEzeb6","naina_2014"
1848,"tvorimir1988@example.com","@fAlh_p9u6","allaevseeva"
1849,"hariton_18@example.com","r%9OjDb$$(","alevtina_2025"
1850,"amos_15@example.com","@k1cXTvrX_","kornilovsaveli"
1851,"eduard79@example.org","*L5IWv0k@S","ippolitvoronov"
1852,"fevronija_36@example.com","vbl0BFsx(3","konstantin_28"
1853,"mjasnikovlongin@example.org","T_8Q%jIj$y","karpovafevronija"
1854,"anikeponomarev@example.org","@8X3%qWuY3","boris_1985"
1855,"luka_1989@example.net","5N@&$2UrSX","eremeisaev"
1856,"agafonovaoktjabrina@example.net","g8(KNq)C)t","pimen1993"
1857,"evdokijakoroleva@example.org","9RDttSsk&P","melnikovljubim"
1858,"jaroslav_1999@example.org","HMsCj98M%0","simon_2006"
1859,"agafonovaskold@example.com","@2BSd0#d+S","suvorovselivan"
1860,"olgabobileva@example.com","8uRLwzsJ*Y","gushchinaantonina"
1861,"loginovstanislav@example.com","WY4Sg9qD*u","zoja_1986"
1862,"amos_47@example.net","+8mL7KoQDZ","kasjan_33"
1863,"boleslav01@example.org","T04ODqra#h","naumovvlas"
1864,"lukijakolobova@example.com","N^NZOgo4*0","vadim_87"
1865,"arhipovapraskovja@example.org","&Hl16YUs%M","fedotovaljubov"
1866,"belovamarija@example.com","u(R4PSnin@","nikitinjaropolk"
1867,"ssitnikov@example.com","T0+#Zbwn)_","gerasimmelnikov"
1868,"vissarion1982@example.org","&iTzBKTE2X","pankrat2014"
1869,"mstislav2007@example.com","%EhzPTlA01","jakovlevaagafja"
1870,"emilijafilippova@example.com","&OIJugXcF6","kapiton_93"
1871,"semenovorest@example.net","U$6EAEqf&3","komissarovvisheslav"
1872,"eleonora_24@example.org","M3w&JcwP)m","anatoli_1994"
1873,"larisasaveleva@example.net","r0ImFloh)0","nonnatsvetkova"
1874,"vikenti1983@example.net","#Uj7%4Qy3I","visheslav2007"
1875,"ignatovazari@example.com","I&2A5p(4WG","silinemil"
1876,"xsubbotina@example.com","!1DDsrei&r","ziminferapont"
1877,"beljaevajulija@example.net","rd%S80OhN+","emilija_00"
1878,"emilijamelnikova@example.net","7#I@mhA*)$","leonbikov"
1879,"dkrasilnikov@example.net","Q7@U0REl*8","alevtina45"
1880,"german_2020@example.org","!76P4Ib4XY","nikodimeliseev"
1881,"belozerovfoma@example.net","*4E1gVb_sx","nadezhdagushchina"
1882,"tit_66@example.net","&M3It3nV44","gstrelkov"
1883,"tmaslov@example.com","Lw9JouyH_0","emeljan69"
1884,"dbeljaev@example.com","!0VdxEea%l","iovchinnikova"
1885,"prov_2010@example.net","VJ07fNsu&*","silvestr06"
1886,"ernst05@example.net","X^L3OKcQ&2","vladilenfokin"
1887,"uljan34@example.net","iJYKe&n#^7","vikentidanilov"
1888,"anike2000@example.org","Qr4%o3rw_7","rostislavshilov"
1889,"julianmamontov@example.com","j0UcEdpp@_","kkudrjashova"
1890,"sidorfedotov@example.com","v@7IYn+liD","kornil2026"
1891,"pavlovaantonina@example.com","*3AE*d!QBd","elise_2018"
1892,"waksenov@example.com","&h6WgtCakf","leon1989"
1893,"clapina@example.org","9hVpL@yz)W","nadezhda_1970"
1894,"eremesafonov@example.org","Vx9NNy!f5*","sofronchernov"
1895,"sazonovmefodi@example.net","*c5vS&ujXC","tihonovazinaida"
1896,"mechislavbobrov@example.com","_%6XUDeCz^","dobromisl_2002"
1897,"kulikovmark@example.net","!@tyPeQD4a","vinogradovmodest"
1898,"naum_61@example.com","A&7!CmaKu9","agata_1998"
1899,"vasilisazinoveva@example.org","WP41Nca#&+","luchezar_36"
1900,"zsitnikova@example.com","%fc3goVdB^","lukjan78"
1901,"kallistrat_2024@example.net","^)XuUf!RF9","samuil_2004"
1902,"gsamolova@example.net","@MYN1MnSyw","leon1990"
1903,"filatovairina@example.com","$Z36WkisN4","omjasnikova"
1904,"makar47@example.net","RKm*8uJs75","polina_05"
1905,"teterinapelageja@example.com","A&YW9EWh99","tkonovalova"
1906,"frol_2000@example.com","@0KF%f(l3V","fgromov"
1907,"dobromisl2024@example.com","s61xVYAg9_","ovchinnikovaljudmila"
1908,"custinov@example.net","0c8y4LQa_b","taisijajakovleva"
1909,"gavrilovratmir@example.net","*75IurFk7v","frolovafaina"
1910,"anastasija1971@example.net","Il5Z82Ep+r","cbelousov"
1911,"innokenti_03@example.org","#A3U&_o5LN","svetozar80"
1912,"sofija2005@example.net","_6D+6lcm0I","savva_2022"
1913,"fedoseevpavel@example.com","yN2UjMnO6$","zinovevavasilisa"
1914,"irinasharova@example.net","@%71f($sV8","matvefilatov"
1915,"egornikitin@example.net","_d!x5QxaaX","pimen2008"
1916,"foma2002@example.com","(!7F3ca2_I","naina_26"
1917,"ustinsamolov@example.com","_r9biUew@t","varlaam08"
1918,"belousovafevronija@example.net","+Ndw90Sea+","tatjana_1994"
1919,"pestovaija@example.org","HDP%6&9zu^","aleksandrakovaleva"
1920,"vitali_15@example.org","*3bJel9Jh$","maksimiljangerasimov"
1921,"valerijanesterova@example.org","nl5_4Am6pd","nponomarev"
1922,"olimpi83@example.com","(9JKi2Sv5w","iraidavladimirova"
1923,"sinklitikija74@example.org","$fJ%N(dj7j","pahomovanaina"
1924,"artemi1987@example.org","+*V1JA@3Wu","fedoseevazari"
1925,"ykrilova@example.com","6pI%+IzJ(F","juli_2021"
1926,"gleb1976@example.com","2L+7mSgcS)","uljanasuhanova"
1927,"dfokin@example.com","!2PiQ0OsNE","lavrentevaalina"
1928,"regina_1996@example.org","@r!p!SQC_6","kondrat80"
1929,"antoninmolchanov@example.com","5oc4NQgg#X","doroninsidor"
1930,"simonovkliment@example.org","S(_6IQKd$2","boleslav27"
1931,"foti_02@example.com","7o46S9JzX@","odintsovaviktorija"
1932,"sharapovdorofe@example.com","m33IgYC#_B","rmironova"
1933,"xgrigorev@example.com","7iWyci2O%9","mark_16"
1934,"bkudrjavtsev@example.org","(o54DTSk$%","svetlanakapustina"
1935,"gerasimovoleg@example.com","m0(TkPso#7","irakli44"
1936,"kazimir_2020@example.com","!ls#2cAnjp","abramovsilvestr"
1937,"luchezarmuravev@example.com","N18T#iXg_9","oaksenov"
1938,"rsergeeva@example.com","w3vb5OHo$b","avde_58"
1939,"arefi_2016@example.net","ShY5Tnz1@r","ipati1996"
1940,"epifan2000@example.org","(*x2aBIsrF","sergeevkuprijan"
1941,"jaleksandrov@example.org","M5#F5Ml#+x","foti55"
1942,"boris_73@example.net","SB9pUglo_0","leonti_1977"
1943,"evgeni_79@example.org","yf5Yd7j0^Y","oktjabrinakornilova"
1944,"mbobilev@example.com","%93ULY7jDr","nikanor88"
1945,"aleksandravladimirova@example.net","87)1qIrHOH","eteterina"
1946,"juvenalistepanov@example.com","@d6vU60e)6","vmerkushev"
1947,"nonna49@example.com","s2Mn4zzj*F","frolovalarisa"
1948,"vjacheslav2017@example.org","S%5iBmNb0!","ychernova"
1949,"vasili2020@example.net","b3RLo%uW$F","kostinaoktjabrina"
1950,"polikarp1974@example.com","NB18ARtd$9","vasilisaeliseeva"
1951,"marian_1991@example.com",")P@7zAZq4C","radovan_01"
1952,"oktjabrinapanfilova@example.com","sv$23ASfzP","averjan76"
1953,"eremeafanasev@example.net","@nUv1K8$M8","erast_20"
1954,"amvrosi_2009@example.net","sR0(8Pm1O#","isaevanaina"
1955,"hristofor_2003@example.org","J3J68OEx&T","solomon_88"
1956,"apollinari_79@example.net","0Z$fL5Hcmg","mjasnikovvaleri"
1957,"ninelvladimirova@example.net","_5cORWvf^C","mstislav_1980"
1958,"fgureva@example.net","N@R0Kd2dWc","nikola46"
1959,"frolovaoksana@example.com","&r0SG$zNZ3","majaisakova"
1960,"nina75@example.com","(6s67VTb(2","orest_1983"
1961,"braginarkadi@example.org","1V$7cgXdQF","ippolit_11"
1962,"mechislav96@example.net","!$%4Vnh)Qx","seliverst38"
1963,"valentin2008@example.com","%$6pYTMxI1","ratibor30"
1964,"demidsilin@example.org",")Y7FFUx@hh","lihachevdobroslav"
1965,"zinovi_39@example.com","D8uWvkkj^f","tvorimir52"
1966,"izmail96@example.com","spv@9CJuTu","zhuravlevafevronija"
1967,"blohinaakulina@example.com","h_8B$q6S&@","leon68"
1968,"mbeljakova@example.org","%+!8K(jg17","vladilen_23"
1969,"nikiforovataisija@example.com","lCx6Y%Qgt#","margarita2021"
1970,"komissarovsidor@example.net","N9AAZWvm@G","agatashcherbakova"
1971,"ladislav_49@example.org","k+lpc5YsQZ","ysitnikov"
1972,"gpopov@example.com","$&E#9GtyxM","ijakuznetsova"
1973,"ovchinnikovadarja@example.com","7%QGd2jC*2","egorovmefodi"
1974,"trofimprohorov@example.com","OD4Y2Uor&*","ereme_1984"
1975,"ninellobanova@example.net","X#N15UZmQs","jaroslav1988"
1976,"vikenti55@example.org","+0WWQOk0Vy","feofan48"
1977,"evdokija57@example.org","b1VHFsnf_g","vasili2005"
1978,"ogushchin@example.net","R(^3@TtJyl","mlarionova"
1979,"anastasijakononova@example.org","8u2AIheA*J","ipati82"
1980,"evgeni1985@example.org","^92l$TaHy(","zaharovsvjatopolk"
1981,"cpetrova@example.com","#1u7Oy0ojq","kasjanrusakov"
1982,"kovalevisidor@example.org","iSYUoGHR%5","mechislav_65"
1983,"vrodionov@example.com","_&5iPQam2q","rjurik_22"
1984,"ostromir_2011@example.com","3_$2Thh6d%","ivanovairina"
1985,"jaropolk2005@example.com","ezl4LKITq#","pahombelousov"
1986,"vladilenmolchanov@example.org","^ImaPBeAy6","militsa_2010"
1987,"artemi_2007@example.net","K(Q6mEN3(3","nazarovmakar"
1988,"borisseleznev@example.com","Gs2b#8FO*8","pelagejapetuhova"
1989,"vseslavshestakov@example.org","+4$_SxhOU(","platon_2004"
1990,"militsa_1985@example.com","(KNWLwYS55","gavrilovajulija"
1991,"qkozlov@example.com","xV5AIwl*(X","veronikashilova"
1992,"iraidagushchina@example.com","*T!YJuTh35","ivan63"
1993,"pankrat_1994@example.com","V6V^v1Yi%8","ruben_2018"
1994,"evfrosinija1995@example.org",")kDL)9Etg9","aleksandra_1981"
1995,"viktorijamarkova@example.net","CnfQLGbX$3","kornil_65"
1996,"loginoverofe@example.com","+N1yOgH!ao","epifan2009"
1997,"polinablinova@example.net","1OP5Q$xzD*","fortunat_1983"
1998,"kuzminaviktorija@example.org","^t8EbtRWs6","efrem_86"
1999,"yburov@example.net","8M&1TK!ue_","borislav_1985"
2000,"gushchinboleslav@example.com","%8SbgGm3Bh","allagromova"
